Dados do evento,Data de pagamento,Prazos (dias úteis),Dias entre pagamentos,Expectativa de juros (%),Juros projetados,Amortizações,Fluxo descontado (R$),Ativo
Juros,17/08/2026,88.0,124.0,-,"42,606395","0,00000000","41,364932",WNTY12
Juros,15/02/2027,210.0,122.0,-,"41,905373","0,00000000","39,050168",WNTY12
Juros,16/08/2027,337.0,127.0,-,"43,658787","0,00000000","38,984399",WNTY12
Juros,15/02/2028,464.0,127.0,-,"43,658787","0,00000000","37,355695",WNTY12
Juros,15/08/2028,588.0,124.0,-,"42,606395","0,00000000","34,967432",WNTY12
Juros,15/02/2029,711.0,123.0,-,"42,255827","0,00000000","33,275553",WNTY12
Juros|Amortização,15/08/2029,837.0,126.0,-,"43,307874","79,06546","92,371371",WNTY12
Juros|Amortização,15/02/2030,962.0,125.0,-,"39,652689","79,065228","85,926025",WNTY12
Juros|Amortização,15/08/2030,1086.0,124.0,-,"36,05158","79,065495","79,919359",WNTY12
Juros|Amortização,17/02/2031,1214.0,128.0,-,"33,853721","79,065582","75,093177",WNTY12
Juros|Amortização,15/08/2031,1337.0,123.0,-,"29,254049","79,065503","69,117636",WNTY12
Juros|Amortização,16/02/2032,1463.0,126.0,-,"26,651017","79,065591","64,660217",WNTY12
Juros|Amortização,16/08/2032,1590.0,127.0,-,"23,508593","79,065512","60,117049",WNTY12
Juros|Amortização,15/02/2033,1717.0,127.0,-,"20,150225","79,065763","55,719545",WNTY12
Juros|Amortização,15/08/2033,1841.0,124.0,-,"16,387081","79,065574","51,418299",WNTY12
Juros|Amortização,15/02/2034,1969.0,128.0,-,"13,541486","79,065574","47,785247",WNTY12
Juros|Amortização,15/08/2034,2092.0,123.0,-,"9,751349","79,065495","43,973882",WNTY12
Juros|Amortização,15/02/2035,2215.0,123.0,-,"6,500901","79,065614","40,649297",WNTY12
Juros|Amortização,15/08/2035,2341.0,126.0,-,"3,331377","79,065614","37,520832",WNTY12
Juros,15/06/2026,43.0,122.0,-,"39,626319","0,00000000","38,770184",VAMO33
Juros,15/12/2026,170.0,127.0,-,"41,275719","0,00000000","37,861025",VAMO33
Juros,15/06/2027,293.0,123.0,-,"39,956038","0,00000000","34,430723",VAMO33
Juros,15/12/2027,420.0,127.0,-,"41,275719","0,00000000","33,345864",VAMO33
Juros,16/06/2028,546.0,126.0,-,"40,945679","0,00000000","31,028415",VAMO33
Juros,15/12/2028,671.0,125.0,-,"40,615718","0,00000000","28,884872",VAMO33
Juros|Amortização,15/06/2029,794.0,123.0,-,"39,956038","435,8849","317,909958",VAMO33
Juros,17/12/2029,920.0,126.0,-,"27,297132","0,00000000","17,106593",VAMO33
Juros|Amortização,17/06/2030,1044.0,124.0,-,"26,857238","435,885554","272,289937",VAMO33
Juros,16/12/2030,1171.0,127.0,-,"13,758579","0,00000000","7,590128",VAMO33
Juros|Amortização,16/06/2031,1293.0,122.0,-,"13,208779","435,885554","232,86258",VAMO33
Juros,15/05/2026,23.0,121.0,-,"33,589355","0,00000000","33,389412",VALEB1
Juros,16/11/2026,150.0,127.0,-,"35,283066","0,00000000","33,935653",VALEB1
Juros,17/05/2027,273.0,123.0,-,"34,153627","0,00000000","31,817089",VALEB1
Juros,16/11/2027,399.0,126.0,-,"35,000594","0,00000000","31,556915",VALEB1
Juros,15/05/2028,523.0,124.0,-,"34,435874","0,00000000","30,064308",VALEB1
Juros,16/11/2028,651.0,128.0,-,"35,565611","0,00000000","30,035884",VALEB1
Juros,15/05/2029,772.0,121.0,-,"33,589355","0,00000000","27,489763",VALEB1
Juros,16/11/2029,900.0,128.0,-,"35,565611","0,00000000","28,155915",VALEB1
Juros,15/05/2030,1021.0,121.0,-,"33,589355","0,00000000","25,769158",VALEB1
Juros,18/11/2030,1152.0,131.0,-,"36,413698","0,00000000","27,001954",VALEB1
Juros,15/05/2031,1272.0,120.0,-,"33,307333","0,00000000","23,940994",VALEB1
Juros,17/11/2031,1403.0,131.0,-,"36,413698","0,00000000","25,298744",VALEB1
Juros|Amortização,17/05/2032,1526.0,123.0,-,"34,153627","1.033,47156","718,433712",VALEB1
,,,,,,,,VALEC0
,,,,,,,,VALEC0
,,,,,,,,VALEC0
,,,,,,,,VALEC0
,,,,,,,,VALEC0
Juros,15/04/2026,3.0,124.0,-,"33,170625","0,00000000","33,144392",VALEA0
Juros,15/10/2026,129.0,126.0,-,"33,713957","0,00000000","32,586309",VALEA0
Juros,15/04/2027,252.0,123.0,-,"32,899062","0,00000000","30,783756",VALEA0
Juros,15/10/2027,379.0,127.0,-,"33,985722","0,00000000","30,753114",VALEA0
Juros,17/04/2028,505.0,126.0,-,"33,713957","0,00000000","29,510147",VALEA0
Juros,16/10/2028,630.0,125.0,-,"33,442258","0,00000000","28,323102",VALEA0
Juros,16/04/2029,752.0,122.0,-,"32,627561","0,00000000","26,758207",VALEA0
Juros,15/10/2029,878.0,126.0,-,"33,713957","0,00000000","26,745528",VALEA0
Juros,15/04/2030,1001.0,123.0,-,"32,899062","0,00000000","25,266065",VALEA0
Juros,15/10/2030,1129.0,128.0,-,"34,257553","0,00000000","25,436094",VALEA0
Juros,15/04/2031,1252.0,123.0,-,"32,899062","0,00000000","23,647772",VALEA0
Juros,15/10/2031,1380.0,128.0,-,"34,257553","0,00000000","23,806911",VALEA0
Juros,15/04/2032,1505.0,125.0,-,"33,442258","0,00000000","22,486708",VALEA0
Juros,15/10/2032,1632.0,127.0,-,"33,985722","0,00000000","22,099441",VALEA0
Juros,18/04/2033,1758.0,126.0,-,"33,713957","0,00000000","21,206235",VALEA0
Juros,17/10/2033,1884.0,126.0,-,"33,713957","0,00000000","20,513162",VALEA0
Juros,17/04/2034,2009.0,125.0,-,"33,442258","0,00000000","19,688021",VALEA0
Juros|Amortização,16/10/2034,2134.0,125.0,-,"33,442258","1.072,84751","630,171784",VALEA0
Juros,15/04/2026,3.0,124.0,-,"35,74033","0,00000000","35,711167",UHSM12
Juros,15/10/2026,129.0,126.0,-,"36,324976","0,00000000","35,072066",UHSM12
Juros,15/04/2027,252.0,123.0,-,"35,448104","0,00000000","33,098939",UHSM12
Juros,15/10/2027,379.0,127.0,-,"36,6174","0,00000000","33,029419",UHSM12
Juros,17/04/2028,505.0,126.0,-,"36,324976","0,00000000","31,661341",UHSM12
Juros,16/10/2028,630.0,125.0,-,"36,032621","0,00000000","30,356278",UHSM12
Juros,16/04/2029,752.0,122.0,-,"35,155944","0,00000000","28,650662",UHSM12
Juros,15/10/2029,878.0,126.0,-,"36,324976","0,00000000","28,605646",UHSM12
Juros,15/04/2030,1001.0,123.0,-,"35,448104","0,00000000","26,996315",UHSM12
Juros,15/10/2030,1129.0,128.0,-,"36,909888","0,00000000","27,14741",UHSM12
Juros,15/04/2031,1252.0,123.0,-,"35,448104","0,00000000","25,214115",UHSM12
Juros,15/10/2031,1380.0,128.0,-,"36,909888","0,00000000","25,355235",UHSM12
Juros,15/04/2032,1505.0,125.0,-,"36,032621","0,00000000","23,924864",UHSM12
Juros,15/10/2032,1632.0,127.0,-,"36,6174","0,00000000","23,487321",UHSM12
Juros,18/04/2033,1758.0,126.0,-,"36,324976","0,00000000","22,514477",UHSM12
Juros|Amortização,17/10/2033,1884.0,126.0,-,"36,324976","316,557397","211,347458",UHSM12
Juros,17/04/2034,2009.0,125.0,-,"27,024465","0,00000000","15,644182",UHSM12
Juros|Amortização,16/10/2034,2134.0,125.0,-,"27,024465","316,55708","192,244669",UHSM12
Juros,16/04/2035,2256.0,122.0,-,"17,57798","0,00000000","9,514296",UHSM12
Juros|Amortização,15/10/2035,2382.0,126.0,-,"18,162497","316,557555","175,065255",UHSM12
Juros,15/04/2036,2505.0,123.0,-,"8,862029","0,00000000","4,48246",UHSM12
Juros|Amortização,15/10/2036,2633.0,128.0,-,"9,227475","316,557555","159,143387",UHSM12
Juros,15/07/2026,65.0,123.0,-,"37,73021","0,00000000","37,052251",TRRG12
Juros,15/01/2027,191.0,126.0,-,"38,667063","0,00000000","36,660798",TRRG12
Juros,15/07/2027,315.0,124.0,-,"38,042405","0,00000000","34,842262",TRRG12
Juros,17/01/2028,443.0,128.0,-,"39,292077","0,00000000","34,724534",TRRG12
Juros,17/07/2028,567.0,124.0,-,"38,042405","0,00000000","32,477086",TRRG12
Juros,15/01/2029,690.0,123.0,-,"37,73021","0,00000000","31,124122",TRRG12
Juros,16/07/2029,815.0,125.0,-,"38,35469","0,00000000","30,555041",TRRG12
Juros|Amortização,15/01/2030,939.0,124.0,-,"38,042405","264,721327","232,994623",TRRG12
Juros,15/07/2030,1063.0,124.0,-,"28,531804","0,00000000","21,210403",TRRG12
Juros|Amortização,15/01/2031,1191.0,128.0,-,"29,469057","264,721062","211,028368",TRRG12
Juros,15/07/2031,1314.0,123.0,-,"18,865114","0,00000000","13,075881",TRRG12
Juros|Amortização,15/01/2032,1443.0,129.0,-,"19,802367","264,721459","190,240119",TRRG12
Juros,15/07/2032,1568.0,125.0,-,"9,588676","0,00000000","6,191539",TRRG12
Juros|Amortização,17/01/2033,1696.0,128.0,-,"9,823023","264,721459","171,058929",TRRG12
Juros,15/06/2026,43.0,122.0,-,"31,933417","0,00000000","31,561912",TSSG21
Juros,15/12/2026,170.0,127.0,-,"33,261431","0,00000000","31,757694",TSSG21
Juros,15/06/2027,293.0,123.0,-,"32,198897","0,00000000","29,731162",TSSG21
Juros,15/12/2027,420.0,127.0,-,"33,261431","0,00000000","29,668934",TSSG21
Juros,16/06/2028,546.0,126.0,-,"32,995704","0,00000000","28,439812",TSSG21
Juros,15/12/2028,671.0,125.0,-,"32,730042","0,00000000","27,267315",TSSG21
Juros,15/06/2029,794.0,123.0,-,"32,198897","0,00000000","25,941774",TSSG21
Juros,17/12/2029,920.0,126.0,-,"32,995704","0,00000000","25,687651",TSSG21
Juros,17/06/2030,1044.0,124.0,-,"32,464438","0,00000000","24,435406",TSSG21
Juros,16/12/2030,1171.0,127.0,-,"33,261431","0,00000000","24,184812",TSSG21
Juros,16/06/2031,1293.0,122.0,-,"31,933417","0,00000000","22,460956",TSSG21
Juros|Amortização,15/12/2031,1422.0,129.0,-,"33,793065","372,950657","276,221483",TSSG21
Juros,15/06/2032,1546.0,124.0,-,"21,642969","0,00000000","14,210132",TSSG21
Juros|Amortização,15/12/2032,1673.0,127.0,-,"22,174297","372,951216","250,614657",TSSG21
Juros,15/06/2033,1799.0,126.0,-,"10,998573","0,00000000","6,740871",TSSG21
Juros|Amortização,15/12/2033,1925.0,126.0,-,"10,998573","372,951216","227,385328",TSSG21
Juros|Amortização,15/06/2026,43.0,122.0,-,"25,438421","437,668995","458,034069",TIMS12
Juros,15/12/2026,170.0,127.0,-,"17,660962","0,00000000","16,908343",TIMS12
Juros|Amortização,15/06/2027,293.0,123.0,-,"17,099313","437,668995","421,883519",TIMS12
Juros,15/12/2027,420.0,127.0,-,"8,830494","0,00000000","7,929723",TIMS12
Juros|Amortização,16/06/2028,546.0,126.0,-,"8,76027","437,670308","388,158284",TIMS12
Juros,15/05/2026,23.0,121.0,-,"31,367753","0,00000000","31,173863",SUZBC1
Juros,16/11/2026,150.0,127.0,-,"32,946546","0,00000000","31,64086",SUZBC1
Juros,17/05/2027,273.0,123.0,-,"31,89377","0,00000000","29,630824",SUZBC1
Juros,16/11/2027,399.0,126.0,-,"32,683259","0,00000000","29,350228",SUZBC1
Juros,15/05/2028,523.0,124.0,-,"32,156871","0,00000000","27,928159",SUZBC1
Juros,16/11/2028,651.0,128.0,-,"33,209895","0,00000000","27,864428",SUZBC1
Juros,15/05/2029,772.0,121.0,-,"31,367753","0,00000000","25,474148",SUZBC1
Juros,16/11/2029,900.0,128.0,-,"33,209895","0,00000000","26,055407",SUZBC1
Juros,15/05/2030,1021.0,121.0,-,"31,367753","0,00000000","23,82031",SUZBC1
Juros,18/11/2030,1152.0,131.0,-,"34,000313","0,00000000","24,923543",SUZBC1
Juros,15/05/2031,1272.0,120.0,-,"31,104839","0,00000000","22,075245",SUZBC1
Juros,17/11/2031,1403.0,131.0,-,"34,000313","0,00000000","23,292889",SUZBC1
Juros,17/05/2032,1526.0,123.0,-,"31,89377","0,00000000","21,137119",SUZBC1
Juros,16/11/2032,1652.0,126.0,-,"32,683259","0,00000000","20,936956",SUZBC1
Juros,16/05/2033,1777.0,125.0,-,"32,420035","0,00000000","20,080152",SUZBC1
Juros,16/11/2033,1904.0,127.0,-,"32,946546","0,00000000","19,71944",SUZBC1
Juros,15/05/2034,2027.0,123.0,-,"31,89377","0,00000000","18,466731",SUZBC1
Juros,16/11/2034,2155.0,128.0,-,"33,209895","0,00000000","18,57658",SUZBC1
Juros|Amortização,15/05/2035,2276.0,121.0,-,"31,367753","542,96391","310,952943",SUZBC1
Juros,16/11/2035,2404.0,128.0,-,"16,604947","0,00000000","8,685273",SUZBC1
Juros|Amortização,15/05/2036,2525.0,121.0,-,"15,683877","542,96391","282,824957",SUZBC1
Juros,15/09/2026,108.0,126.0,-,"34,36934","0,00000000","33,383206",SUZBA0
Juros,15/03/2027,230.0,122.0,-,"33,262317","0,00000000","31,262758",SUZBA0
Juros,15/09/2027,358.0,128.0,-,"34,923249","0,00000000","31,710637",SUZBA0
Juros,15/03/2028,483.0,125.0,-,"34,092486","0,00000000","29,930622",SUZBA0
Juros,15/09/2028,610.0,127.0,-,"34,646262","0,00000000","29,393145",SUZBA0
Juros,15/03/2029,731.0,121.0,-,"32,985726","0,00000000","27,086365",SUZBA0
Juros,17/09/2029,859.0,128.0,-,"34,923249","0,00000000","27,70479",SUZBA0
Juros,15/03/2030,980.0,121.0,-,"32,985726","0,00000000","25,328021",SUZBA0
Juros,16/09/2030,1108.0,128.0,-,"34,923249","0,00000000","25,9063",SUZBA0
Juros,17/03/2031,1232.0,124.0,-,"33,815698","0,00000000","24,260118",SUZBA0
Juros,15/09/2031,1358.0,126.0,-,"34,36934","0,00000000","23,833917",SUZBA0
Juros,15/03/2032,1483.0,125.0,-,"34,092486","0,00000000","22,858601",SUZBA0
Juros,15/09/2032,1611.0,128.0,-,"34,923249","0,00000000","22,621487",SUZBA0
Juros,15/03/2033,1735.0,124.0,-,"33,815698","0,00000000","21,184034",SUZBA0
Juros,15/09/2033,1863.0,128.0,-,"34,923249","0,00000000","21,135888",SUZBA0
Juros,15/03/2034,1987.0,124.0,-,"33,815698","0,00000000","19,792835",SUZBA0
Juros,15/09/2034,2114.0,127.0,-,"34,646262","0,00000000","19,596506",SUZBA0
Juros,15/03/2035,2235.0,121.0,-,"32,985726","0,00000000","18,058568",SUZBA0
Juros,17/09/2035,2363.0,128.0,-,"34,923249","0,00000000","18,470874",SUZBA0
Juros,17/03/2036,2485.0,122.0,-,"33,262317","0,00000000","17,02328",SUZBA0
Juros|Amortização,15/09/2036,2611.0,126.0,-,"34,36934","375,867876","202,943655",SUZBA0
Juros,16/03/2037,2736.0,125.0,-,"22,728323","0,00000000","10,871126",SUZBA0
Juros|Amortização,15/09/2037,2862.0,126.0,-,"22,912894","375,867876","184,370333",SUZBA0
Juros,15/03/2038,2984.0,122.0,-,"11,087438","0,00000000","4,960277",SUZBA0
Juros|Amortização,15/09/2038,3112.0,128.0,-,"11,641083","375,867877","167,483511",SUZBA0
Juros,15/07/2026,65.0,123.0,-,"0,374242","0,00000000","0,364182",RISP12
Juros,15/01/2027,191.0,126.0,-,"0,383523","0,00000000","0,354014",RISP12
Juros|Amortização,15/07/2027,315.0,124.0,-,"0,377334","0,349884","0,637266",RISP12
Juros|Amortização,17/01/2028,443.0,128.0,-,"0,377653","0,34989","0,604245",RISP12
Juros|Amortização,17/07/2028,567.0,124.0,-,"0,353978","0,28133","0,500916",RISP12
Juros|Amortização,15/01/2029,690.0,123.0,-,"0,341764","0,281331","0,466599",RISP12
Juros|Amortização,16/07/2029,815.0,125.0,-,"0,337946","0,704509","0,740783",RISP12
Juros|Amortização,15/01/2030,939.0,124.0,-,"0,311684","0,704505","0,685543",RISP12
Juros|Amortização,15/07/2030,1063.0,124.0,-,"0,288169","0,867631","0,740235",RISP12
Juros|Amortização,15/01/2031,1191.0,128.0,-,"0,267715","0,86763","0,689149",RISP12
Juros|Amortização,15/07/2031,1314.0,123.0,-,"0,228363","1,094583","0,762669",RISP12
Juros|Amortização,15/01/2032,1443.0,129.0,-,"0,201663","1,094586","0,707944",RISP12
Juros|Amortização,15/07/2032,1568.0,125.0,-,"0,158471","1,177329","0,692303",RISP12
Juros|Amortização,17/01/2033,1696.0,128.0,-,"0,121754","1,177331","0,638103",RISP12
Juros|Amortização,15/07/2033,1820.0,124.0,-,"0,078591","1,177329","0,585655",RISP12
Juros|Amortização,16/01/2034,1947.0,127.0,-,"0,040262","1,177329","0,538346",RISP12
Juros,17/08/2026,88.0,124.0,-,"31,704601","0,00000000","30,850188",GASC17
Juros,15/02/2027,210.0,122.0,-,"31,185936","0,00000000","29,217688",GASC17
Juros,16/08/2027,337.0,127.0,-,"32,483054","0,00000000","29,25643",GASC17
Juros,15/02/2028,464.0,127.0,-,"32,483054","0,00000000","28,125402",GASC17
Juros,15/08/2028,588.0,124.0,-,"31,704601","0,00000000","26,414723",GASC17
Juros,15/02/2029,711.0,123.0,-,"31,445237","0,00000000","25,217112",GASC17
Juros,15/08/2029,837.0,126.0,-,"32,223509","0,00000000","24,849952",GASC17
Juros,15/02/2030,962.0,125.0,-,"31,964025","0,00000000","23,711621",GASC17
Juros,15/08/2030,1086.0,124.0,-,"31,704601","0,00000000","22,631011",GASC17
Juros,17/02/2031,1214.0,128.0,-,"32,742659","0,00000000","22,461472",GASC17
Juros,15/08/2031,1337.0,123.0,-,"31,445237","0,00000000","20,763274",GASC17
Juros,16/02/2032,1463.0,126.0,-,"32,223509","0,00000000","20,460962",GASC17
Juros,16/08/2032,1590.0,127.0,-,"32,483054","0,00000000","19,828391",GASC17
Juros,15/02/2033,1717.0,127.0,-,"32,483054","0,00000000","19,061843",GASC17
Juros,15/08/2033,1841.0,124.0,-,"31,704601","0,00000000","17,90244",GASC17
Juros,15/02/2034,1969.0,128.0,-,"32,742659","0,00000000","17,768324",GASC17
Juros,15/08/2034,2092.0,123.0,-,"31,445237","0,00000000","16,424952",GASC17
Juros,15/02/2035,2215.0,123.0,-,"31,445237","0,00000000","15,809597",GASC17
Juros|Amortização,15/08/2035,2341.0,126.0,-,"32,223509","540,821875","277,055774",GASC17
Juros,15/02/2036,2466.0,125.0,-,"15,982012","0,00000000","7,432872",GASC17
Juros|Amortização,15/08/2036,2590.0,124.0,-,"15,8523","540,821875","249,119779",GASC17
Juros,15/09/2026,108.0,126.0,-,"32,087731","0,00000000","31,042422",GASC25
Juros,15/03/2027,230.0,122.0,-,"31,054809","0,00000000","28,939935",GASC25
Juros,15/09/2027,358.0,128.0,-,"32,604548","0,00000000","29,214596",GASC25
Juros,15/03/2028,483.0,125.0,-,"31,829413","0,00000000","27,447505",GASC25
Juros,15/09/2028,610.0,127.0,-,"32,346111","0,00000000","26,827642",GASC25
Juros,15/03/2029,731.0,121.0,-,"30,796725","0,00000000","24,612189",GASC25
Juros,17/09/2029,859.0,128.0,-,"32,604548","0,00000000","25,05399",GASC25
Juros,15/03/2030,980.0,121.0,-,"30,796725","0,00000000","22,802818",GASC25
Juros,16/09/2030,1108.0,128.0,-,"32,604548","0,00000000","23,21214",GASC25
Juros,17/03/2031,1232.0,124.0,-,"31,571153","0,00000000","21,637803",GASC25
Juros,15/09/2031,1358.0,126.0,-,"32,087731","0,00000000","21,158316",GASC25
Juros,15/03/2032,1483.0,125.0,-,"31,829413","0,00000000","20,198693",GASC25
Juros,15/09/2032,1611.0,128.0,-,"32,604548","0,00000000","19,89417",GASC25
Juros,15/03/2033,1735.0,124.0,-,"31,571153","0,00000000","18,544871",GASC25
Juros,15/09/2033,1863.0,128.0,-,"32,604548","0,00000000","18,414697",GASC25
Juros,15/03/2034,1987.0,124.0,-,"31,571153","0,00000000","17,165741",GASC25
Juros,15/09/2034,2114.0,127.0,-,"32,346111","0,00000000","16,915326",GASC25
Juros,15/03/2035,2235.0,121.0,-,"30,796725","0,00000000","15,518442",GASC25
Juros,17/09/2035,2363.0,128.0,-,"32,604548","0,00000000","15,797005",GASC25
Juros,17/03/2036,2485.0,122.0,-,"31,054809","0,00000000","14,493642",GASC25
Juros,15/09/2036,2611.0,126.0,-,"32,087731","0,00000000","14,408111",GASC25
Juros|Amortização,16/03/2037,2736.0,125.0,-,"31,829413","366,10694","171,962685",GASC25
Juros,15/09/2037,2862.0,126.0,-,"21,391832","0,00000000","8,893812",GASC25
Juros|Amortização,15/03/2038,2984.0,122.0,-,"20,703216","366,107489","154,913956",GASC25
Juros,15/09/2038,3112.0,128.0,-,"10,868187","0,00000000","4,185064",GASC25
Juros|Amortização,15/03/2039,3236.0,124.0,-,"10,523723","366,107489","139,619831",GASC25
Juros,15/04/2026,3.0,124.0,-,"35,120749","0,00000000","35,087559",GASC23
Juros,15/10/2026,129.0,126.0,-,"35,695138","0,00000000","34,27307",GASC23
Juros,15/04/2027,252.0,123.0,-,"34,833649","0,00000000","32,174224",GASC23
Juros,15/10/2027,379.0,127.0,-,"35,982428","0,00000000","31,931348",GASC23
Juros,17/04/2028,505.0,126.0,-,"35,695138","0,00000000","30,443208",GASC23
Juros,16/10/2028,630.0,125.0,-,"35,407912","0,00000000","29,031742",GASC23
Juros,16/04/2029,752.0,122.0,-,"34,546613","0,00000000","27,257139",GASC23
Juros,15/10/2029,878.0,126.0,-,"35,695138","0,00000000","27,066894",GASC23
Juros,15/04/2030,1001.0,123.0,-,"34,833649","0,00000000","25,409346",GASC23
Juros,15/10/2030,1129.0,128.0,-,"36,269781","0,00000000","25,410913",GASC23
Juros,15/04/2031,1252.0,123.0,-,"34,833649","0,00000000","23,476831",GASC23
Juros,15/10/2031,1380.0,128.0,-,"36,269781","0,00000000","23,478279",GASC23
Juros,15/04/2032,1505.0,125.0,-,"35,407912","0,00000000","22,035",GASC23
Juros,15/10/2032,1632.0,127.0,-,"35,982428","0,00000000","21,513987",GASC23
Juros,18/04/2033,1758.0,126.0,-,"35,695138","0,00000000","20,511341",GASC23
Juros|Amortização,17/10/2033,1884.0,126.0,-,"35,695138","1.263,8724","717,692494",GASC23
Juros,15/06/2026,43.0,122.0,-,"29,039745","0,00000000","28,71254",RIPR22
Juros,15/12/2026,170.0,127.0,-,"30,24352","0,00000000","28,918551",RIPR22
Juros,15/06/2027,293.0,123.0,-,"29,280413","0,00000000","27,104696",RIPR22
Juros,15/12/2027,420.0,127.0,-,"30,24352","0,00000000","27,074787",RIPR22
Juros,16/06/2028,546.0,126.0,-,"30,002679","0,00000000","25,981999",RIPR22
Juros,15/12/2028,671.0,125.0,-,"29,76188","0,00000000","24,938318",RIPR22
Juros|Amortização,15/06/2029,794.0,123.0,-,"29,280413","437,143506","378,364837",RIPR22
Juros,17/12/2029,920.0,126.0,-,"20,001795","0,00000000","15,695629",RIPR22
Juros|Amortização,17/06/2030,1044.0,124.0,-,"19,680759","437,144161","346,951098",RIPR22
Juros,16/12/2030,1171.0,127.0,-,"10,081178","0,00000000","7,404489",RIPR22
Juros|Amortização,16/06/2031,1293.0,122.0,-,"9,679919","437,144161","317,80302",RIPR22
-,15/06/2027,293.0,536.0,-,"0,00000000","0,00000000","0,00000000",RALM21
Juros|Amortização,15/12/2027,420.0,127.0,-,"47,223189","6,098108","47,065205",RALM21
Juros|Amortização,16/06/2028,546.0,126.0,-,"46,610081","15,245497","52,591783",RALM21
Juros|Amortização,15/12/2028,671.0,125.0,-,"45,652373","15,245692","49,889751",RALM21
Juros|Amortização,15/06/2029,794.0,123.0,-,"44,337047","18,903675","49,949551",RALM21
Juros|Amortização,17/12/2029,920.0,126.0,-,"44,71288","18,904286","48,40039",RALM21
Juros|Amortização,17/06/2030,1044.0,124.0,-,"43,275557","19,513479","46,042218",RALM21
Juros|Amortização,16/12/2030,1171.0,127.0,-,"43,587009","19,514199","44,5575",RALM21
Juros|Amortização,16/06/2031,1293.0,122.0,-,"41,114203","20,428136","41,909561",RALM21
Juros|Amortização,15/12/2031,1422.0,129.0,-,"42,715372","20,428737","41,383249",RALM21
Juros|Amortização,15/06/2032,1546.0,124.0,-,"40,256893","21,648772","39,103894",RALM21
Juros|Amortização,15/12/2032,1673.0,127.0,-,"40,411238","21,648241","37,749262",RALM21
Juros|Amortização,15/06/2033,1799.0,126.0,-,"39,255522","23,172778","36,578141",RALM21
Juros|Amortização,15/12/2033,1925.0,126.0,-,"38,365481","23,172787","34,73163",RALM21
Juros|Amortização,15/06/2034,2049.0,124.0,-,"36,869493","24,697826","33,490992",RALM21
Juros|Amortização,15/12/2034,2175.0,126.0,-,"36,526824","24,697457","32,080508",RALM21
Juros|Amortização,15/06/2035,2298.0,123.0,-,"34,715446","26,526511","30,938092",RALM21
Juros|Amortização,17/12/2035,2424.0,126.0,-,"34,559369","26,527182","29,725546",RALM21
Juros|Amortização,16/06/2036,2546.0,122.0,-,"32,45617","28,051356","28,395506",RALM21
Juros|Amortização,15/12/2036,2675.0,129.0,-,"33,25101","28,051243","27,686578",RALM21
Juros|Amortização,15/06/2037,2797.0,122.0,-,"30,370995","29,270978","25,977707",RALM21
Juros|Amortização,15/12/2037,2924.0,127.0,-,"30,506147","29,271123","25,072383",RALM21
Juros|Amortização,15/06/2038,3048.0,124.0,-,"28,665992","29,270722","23,421315",RALM21
Juros|Amortização,15/12/2038,3174.0,126.0,-,"28,01286","29,271048","22,306418",RALM21
Juros|Amortização,15/06/2039,3299.0,125.0,-,"26,671176","30,185268","21,332694",RALM21
Juros|Amortização,15/12/2039,3426.0,127.0,-,"25,937313","30,18531","20,277513",RALM21
Juros|Amortização,15/06/2040,3552.0,126.0,-,"24,569826","31,710137","19,587108",RALM21
Juros|Amortização,17/12/2040,3678.0,126.0,-,"23,351875","31,709866","18,458917",RALM21
Juros|Amortização,17/06/2041,3802.0,124.0,-,"21,776047","33,539566","17,873183",RALM21
Juros|Amortização,16/12/2041,3929.0,127.0,-,"21,014322","33,539736","16,974303",RALM21
Juros|Amortização,16/06/2042,4051.0,122.0,-,"18,925225","31,709932","15,194031",RALM21
Juros|Amortização,15/12/2042,4180.0,129.0,-,"18,784687","31,710061","14,582087",RALM21
Juros|Amortização,15/06/2043,4302.0,122.0,-,"16,568084","33,234532","13,870165",RALM21
Juros|Amortização,15/12/2043,4429.0,127.0,-,"15,97326","33,234844","13,197049",RALM21
Juros|Amortização,15/06/2044,4554.0,125.0,-,"14,45079","34,759293","12,716368",RALM21
Juros|Amortização,15/12/2044,4680.0,126.0,-,"13,233523","34,759255","11,946059",RALM21
Juros|Amortização,15/06/2045,4804.0,124.0,-,"11,706071","36,28377","11,513198",RALM21
Juros|Amortização,15/12/2045,4930.0,126.0,-,"10,50484","36,283646","10,812483",RALM21
Juros|Amortização,15/06/2046,5053.0,123.0,-,"8,890277","37,808304","10,4044",RALM21
Juros|Amortização,17/12/2046,5179.0,126.0,-,"7,659051","37,808225","9,757803",RALM21
Juros|Amortização,17/06/2047,5302.0,123.0,-,"6,056362","39,637767","9,454541",RALM21
Juros|Amortização,16/12/2047,5430.0,128.0,-,"4,760226","39,637771","8,843519",RALM21
Juros|Amortização,15/06/2048,5552.0,122.0,-,"3,059772","41,162302","8,494871",RALM21
Juros|Amortização,15/12/2048,5679.0,127.0,-,"1,593785","41,162302","7,909087",RALM21
Juros,15/05/2026,23.0,121.0,-,"33,813598","0,00000000","33,59638",AESLA9
Juros,16/11/2026,150.0,127.0,-,"35,51876","0,00000000","34,056825",AESLA9
Juros,17/05/2027,273.0,123.0,-,"34,381684","0,00000000","31,849714",AESLA9
Juros,16/11/2027,399.0,126.0,-,"35,234379","0,00000000","31,507356",AESLA9
Juros,15/05/2028,523.0,124.0,-,"34,665839","0,00000000","29,940386",AESLA9
Juros,16/11/2028,651.0,128.0,-,"35,80322","0,00000000","29,833303",AESLA9
Juros,15/05/2029,772.0,121.0,-,"33,813598","0,00000000","27,23617",AESLA9
Juros,16/11/2029,900.0,128.0,-,"35,80322","0,00000000","27,822766",AESLA9
Juros,15/05/2030,1021.0,121.0,-,"33,813598","0,00000000","25,400661",AESLA9
Juros,18/11/2030,1152.0,131.0,-,"36,657048","0,00000000","26,544198",AESLA9
Juros,15/05/2031,1272.0,120.0,-,"33,529669","0,00000000","23,476778",AESLA9
Juros,17/11/2031,1403.0,131.0,-,"36,657048","0,00000000","24,741453",AESLA9
Juros,17/05/2032,1526.0,123.0,-,"34,381684","0,00000000","22,41955",AESLA9
Juros,16/11/2032,1652.0,126.0,-,"35,234379","0,00000000","22,178559",AESLA9
Juros|Amortização,16/05/2033,1777.0,125.0,-,"34,950071","206,987282","147,047713",AESLA9
Juros|Amortização,16/11/2033,1904.0,127.0,-,"28,415009","206,987282","138,073806",AESLA9
Juros|Amortização,15/05/2034,2027.0,123.0,-,"20,62901","206,987075","128,983924",AESLA9
Juros|Amortização,16/11/2034,2155.0,128.0,-,"14,321294","206,987385","120,991441",AESLA9
Juros|Amortização,15/05/2035,2276.0,121.0,-,"6,762722","206,987385","112,963451",AESLA9
Juros|Amortização,15/04/2026,3.0,124.0,-,"38,672746","46,754287","85,357228",RDVE11
Juros|Amortização,15/10/2026,129.0,126.0,-,"37,688936","46,754658","81,526901",RDVE11
Juros|Amortização,15/04/2027,252.0,123.0,-,"35,19752","40,31798","70,504136",RDVE11
Juros|Amortização,15/10/2027,379.0,127.0,-,"34,955166","40,317063","67,886619",RDVE11
Juros|Amortização,17/04/2028,505.0,126.0,-,"33,279784","44,044498","67,383652",RDVE11
Juros|Amortização,16/10/2028,630.0,125.0,-,"31,499034","44,044489","63,627296",RDVE11
Juros|Amortização,16/04/2029,752.0,122.0,-,"29,255288","45,060478","60,546605",RDVE11
Juros|Amortização,15/10/2029,878.0,126.0,-,"28,671279","45,061052","58,043829",RDVE11
Juros|Amortização,15/04/2030,1001.0,123.0,-,"26,455354","44,044112","53,669578",RDVE11
Juros|Amortização,15/10/2030,1129.0,128.0,-,"26,000421","44,044151","51,495515",RDVE11
Juros|Amortização,15/04/2031,1252.0,123.0,-,"23,480289","44,044561","48,006806",RDVE11
Juros|Amortização,15/10/2031,1380.0,128.0,-,"22,9023","44,044512","45,964407",RDVE11
Juros|Amortização,15/04/2032,1505.0,125.0,-,"20,844275","44,044643","43,059589",RDVE11
Juros|Amortização,15/10/2032,1632.0,127.0,-,"19,646775","44,044402","40,827193",RDVE11
Juros|Amortização,18/04/2033,1758.0,126.0,-,"17,964985","43,366849","37,987914",RDVE11
Juros|Amortização,17/10/2033,1884.0,126.0,-,"16,463993","43,366757","35,807433",RDVE11
Juros|Amortização,17/04/2034,2009.0,125.0,-,"14,842235","46,416131","35,434127",RDVE11
Juros|Amortização,16/10/2034,2134.0,125.0,-,"13,248668","46,416041","33,356575",RDVE11
Juros|Amortização,16/04/2035,2256.0,122.0,-,"11,370751","49,465387","32,899414",RDVE11
Juros|Amortização,15/10/2035,2382.0,126.0,-,"10,037869","49,465295","31,092514",RDVE11
Juros|Amortização,15/04/2036,2505.0,123.0,-,"8,124257","52,17553","30,470236",RDVE11
Juros|Amortização,15/10/2036,2633.0,128.0,-,"6,625215","52,175578","28,69431",RDVE11
Juros|Amortização,15/04/2037,2757.0,124.0,-,"4,637964","38,623547","20,409869",RDVE11
Juros|Amortização,15/10/2037,2883.0,126.0,-,"3,377229","38,623532","19,146303",RDVE11
Juros|Amortização,15/04/2038,3007.0,124.0,-,"2,007477","58,951792","26,865409",RDVE11
Juros,17/08/2026,88.0,124.0,-,"47,759648","0,00000000","46,356862",QMCT14
Juros,15/02/2027,210.0,122.0,-,"46,972013","0,00000000","43,746441",QMCT14
Juros,16/08/2027,337.0,127.0,-,"48,942182","0,00000000","43,661825",QMCT14
Juros,15/02/2028,464.0,127.0,-,"48,942182","0,00000000","41,823165",QMCT14
Juros,15/08/2028,588.0,124.0,-,"47,759648","0,00000000","39,133714",QMCT14
Juros,15/02/2029,711.0,123.0,-,"47,365758","0,00000000","37,226993",QMCT14
Juros|Amortização,15/08/2029,837.0,126.0,-,"48,547861","40,850151","67,3261",QMCT14
Juros|Amortização,15/02/2030,962.0,125.0,-,"46,241981","40,336083","62,498951",QMCT14
Juros|Amortização,15/08/2030,1086.0,124.0,-,"43,991392","59,165468","71,403476",QMCT14
Juros|Amortização,17/02/2031,1214.0,128.0,-,"42,607127","57,622521","66,433224",QMCT14
Juros|Amortização,15/08/2031,1337.0,123.0,-,"38,252577","70,176021","68,934476",QMCT14
Juros|Amortização,16/02/2032,1463.0,126.0,-,"35,89627","68,735595","63,74098",QMCT14
Juros|Amortização,16/08/2032,1590.0,127.0,-,"32,918478","81,288869","66,644424",QMCT14
Juros|Amortização,15/02/2033,1717.0,127.0,-,"29,052038","81,905958","62,02166",QMCT14
Juros|Amortização,15/08/2033,1841.0,124.0,-,"24,548425","94,253557","63,674399",QMCT14
Juros|Amortização,15/02/2034,1969.0,128.0,-,"20,839774","95,797001","59,861081",QMCT14
Juros|Amortização,15/08/2034,2092.0,123.0,-,"15,597528","108,247808","60,966634",QMCT14
Juros|Amortização,15/02/2035,2215.0,123.0,-,"10,614648","110,922837","57,388691",QMCT14
Juros|Amortização,15/08/2035,2341.0,126.0,-,"5,646109","119,669194","56,699903",QMCT14
Juros,17/08/2026,88.0,124.0,-,"42,118024","0,00000000","41,082838",PEJA11
Juros,15/02/2027,210.0,122.0,-,"41,426879","0,00000000","39,038352",PEJA11
Juros|Amortização,16/08/2027,337.0,127.0,-,"43,155476","196,07973","217,488904",PEJA11
Juros,15/02/2028,464.0,127.0,-,"35,962881","0,00000000","31,540548",PEJA11
Juros|Amortização,15/08/2028,588.0,124.0,-,"35,098338","196,079259","195,763487",PEJA11
Juros,15/02/2029,711.0,123.0,-,"27,848257","0,00000000","22,776026",PEJA11
Juros|Amortização,15/08/2029,837.0,126.0,-,"28,539694","196,079259","177,276801",PEJA11
Juros,15/02/2030,962.0,125.0,-,"21,231862","0,00000000","16,174913",PEJA11
Juros|Amortização,15/08/2030,1086.0,124.0,-,"21,059003","196,079063","159,720637",PEJA11
Juros,17/02/2031,1214.0,128.0,-,"14,500497","0,00000000","10,286979",PEJA11
Juros|Amortização,15/08/2031,1337.0,123.0,-,"13,924134","196,079357","143,888311",PEJA11
Juros,16/02/2032,1463.0,126.0,-,"7,134927","0,00000000","4,717523",PEJA11
Juros|Amortização,16/08/2032,1590.0,127.0,-,"7,192579","196,079358","129,659617",PEJA11
Juros|Amortização,15/05/2026,23.0,121.0,-,"36,371717","37,176101","73,034888",HZTC14
Juros|Amortização,16/11/2026,150.0,127.0,-,"36,959335","49,567854","82,666638",HZTC14
Juros|Amortização,17/05/2027,273.0,123.0,-,"34,168642","49,567833","77,061606",HZTC14
Juros|Amortização,16/11/2027,399.0,126.0,-,"33,367922","49,567922","73,453907",HZTC14
Juros|Amortização,15/05/2028,523.0,124.0,-,"31,208475","49,567574","68,892",HZTC14
Juros|Amortização,16/11/2028,651.0,128.0,-,"30,557629","49,56806","65,726865",HZTC14
Juros|Amortização,15/05/2029,772.0,121.0,-,"27,278748","49,567587","60,758116",HZTC14
Juros|Amortização,16/11/2029,900.0,128.0,-,"27,208835","61,959439","67,807301",HZTC14
Juros|Amortização,15/05/2030,1021.0,121.0,-,"23,720653","61,95926","62,799344",HZTC14
Juros|Amortização,18/11/2030,1152.0,131.0,-,"23,571695","61,959468","60,240557",HZTC14
Juros|Amortização,15/05/2031,1272.0,120.0,-,"19,601296","61,959536","55,38452",HZTC14
Juros|Amortização,17/11/2031,1403.0,131.0,-,"19,285934","61,959474","53,014428",HZTC14
Juros|Amortização,17/05/2032,1526.0,123.0,-,"16,079356","61,959544","49,051478",HZTC14
Juros|Amortização,16/11/2032,1652.0,126.0,-,"14,418236","61,959482","46,201587",HZTC14
Juros|Amortização,16/05/2033,1777.0,125.0,-,"12,258807","61,959677","43,219894",HZTC14
Juros|Amortização,16/11/2033,1904.0,127.0,-,"10,381828","61,95953","40,529885",HZTC14
Juros|Amortização,15/05/2034,2027.0,123.0,-,"8,039675","61,95953","37,777005",HZTC14
Juros|Amortização,16/11/2034,2155.0,128.0,-,"6,278964","61,959468","35,419988",HZTC14
Juros|Amortização,15/05/2035,2276.0,121.0,-,"3,953445","61,959561","32,976191",HZTC14
Juros|Amortização,16/11/2035,2404.0,128.0,-,"2,092988","61,959562","30,821286",HZTC14
Juros,15/09/2026,108.0,126.0,-,"30,386771","0,00000000","29,457654",OMGE12
Juros,15/03/2027,230.0,122.0,-,"29,412096","0,00000000","27,52992",OMGE12
Juros,15/09/2027,358.0,128.0,-,"30,874356","0,00000000","27,854348",OMGE12
Juros,15/03/2028,483.0,125.0,-,"30,14304","0,00000000","26,234506",OMGE12
Juros|Amortização,15/09/2028,610.0,127.0,-,"30,630542","1.406,65345","1.206,061461",OMGE12
Juros|Amortização,15/06/2026,43.0,250.0,-,"43,990453","131,367597","173,301997",NEOE26
Juros|Amortização,15/06/2027,293.0,250.0,-,"38,491646","131,367465","156,742522",NEOE26
Juros|Amortização,16/06/2028,546.0,253.0,-,"33,397031","131,367882","141,84874",NEOE26
Juros|Amortização,15/06/2029,794.0,248.0,-,"27,26957","131,367567","127,592156",NEOE26
Juros|Amortização,17/06/2030,1044.0,250.0,-,"21,99522","131,367568","115,175268",NEOE26
Juros|Amortização,16/06/2031,1293.0,249.0,-,"16,429073","131,367437","103,667508",NEOE26
Juros|Amortização,15/06/2032,1546.0,253.0,-,"11,132344","131,367633","93,251546",NEOE26
Juros|Amortização,15/06/2033,1799.0,253.0,-,"5,566171","131,367635","83,60162",NEOE26
-,15/06/2026,43.0,392.0,-,"0,00000000","0,00000000","0,00000000",NMCH11
Juros|Amortização,15/12/2026,170.0,127.0,-,"38,470324","47,291559","81,761989",NMCH11
Juros|Amortização,15/06/2027,293.0,123.0,-,"35,750187","47,291938","76,479937",NMCH11
Juros|Amortização,15/12/2027,420.0,127.0,-,"35,392686","47,291259","73,480842",NMCH11
Juros|Amortização,16/06/2028,546.0,126.0,-,"33,583061","47,292029","69,373497",NMCH11
Juros|Amortização,15/12/2028,671.0,125.0,-,"31,798095","47,291486","65,500706",NMCH11
Juros|Amortização,15/06/2029,794.0,123.0,-,"29,791808","47,291536","61,670744",NMCH11
Juros|Amortização,17/12/2029,920.0,126.0,-,"29,00354","47,291914","58,917347",NMCH11
Juros|Amortização,17/06/2030,1044.0,124.0,-,"27,034029","47,291893","55,431259",NMCH11
Juros|Amortização,16/12/2030,1171.0,127.0,-,"26,159783","47,291871","52,859114",NMCH11
Juros|Amortização,16/06/2031,1293.0,122.0,-,"23,63665","47,291469","49,323137",NMCH11
Juros|Amortização,15/12/2031,1422.0,129.0,-,"23,451592","47,291706","47,443572",NMCH11
Juros|Amortização,15/06/2032,1546.0,124.0,-,"21,026439","47,291736","44,248469",NMCH11
Juros|Amortização,15/12/2032,1673.0,127.0,-,"20,004514","47,291383","42,058564",NMCH11
Juros|Amortização,15/06/2033,1799.0,126.0,-,"18,317986","47,291245","39,578258",NMCH11
Juros|Amortização,15/12/2033,1925.0,126.0,-,"16,791493","47,291404","37,312964",NMCH11
Juros|Amortização,15/06/2034,2049.0,124.0,-,"15,018886","47,291457","35,038674",NMCH11
Juros|Amortização,15/12/2034,2175.0,126.0,-,"13,738496","47,291409","33,125016",NMCH11
Juros|Amortização,15/06/2035,2298.0,123.0,-,"11,916704","47,291463","31,044663",NMCH11
Juros|Amortização,17/12/2035,2424.0,126.0,-,"10,685498","47,291415","29,34177",NMCH11
Juros|Amortização,16/06/2036,2546.0,122.0,-,"8,863744","47,291565","27,462242",NMCH11
Juros|Amortização,15/12/2036,2675.0,129.0,-,"7,817194","47,291452","25,991104",NMCH11
Juros|Amortização,15/06/2037,2797.0,122.0,-,"5,90916","47,291452","24,245747",NMCH11
Juros|Amortização,15/12/2037,2924.0,127.0,-,"4,616428","47,291405","22,827361",NMCH11
Juros|Amortização,15/06/2038,3048.0,124.0,-,"3,003778","47,291476","21,360909",NMCH11
Juros|Amortização,15/12/2038,3174.0,126.0,-,"1,5265","47,291476","20,012363",NMCH11
Juros,15/09/2026,108.0,126.0,-,"34,778508","0,00000000","33,742305",MRSAB2
Juros,15/03/2027,230.0,122.0,-,"33,657385","0,00000000","31,557685",MRSAB2
Juros,15/09/2027,358.0,128.0,-,"35,339493","0,00000000","31,968058",MRSAB2
Juros,15/03/2028,483.0,125.0,-,"34,498121","0,00000000","30,133352",MRSAB2
Juros,15/09/2028,610.0,127.0,-,"35,058965","0,00000000","29,553159",MRSAB2
Juros,15/03/2029,731.0,121.0,-,"33,377281","0,00000000","27,198088",MRSAB2
Juros,17/09/2029,859.0,128.0,-,"35,339493","0,00000000","27,782985",MRSAB2
Juros,15/03/2030,980.0,121.0,-,"33,377281","0,00000000","25,366009",MRSAB2
Juros,16/09/2030,1108.0,128.0,-,"35,339493","0,00000000","25,911507",MRSAB2
Juros,17/03/2031,1232.0,124.0,-,"34,217806","0,00000000","24,232723",MRSAB2
Juros,15/09/2031,1358.0,126.0,-,"34,778508","0,00000000","23,775817",MRSAB2
Juros,15/03/2032,1483.0,125.0,-,"34,498121","0,00000000","22,772778",MRSAB2
Juros,15/09/2032,1611.0,128.0,-,"35,339493","0,00000000","22,506712",MRSAB2
Juros,15/03/2033,1735.0,124.0,-,"34,217806","0,00000000","21,048522",MRSAB2
Juros,15/09/2033,1863.0,128.0,-,"35,339493","0,00000000","20,973018",MRSAB2
Juros,15/03/2034,1987.0,124.0,-,"34,217806","0,00000000","19,614195",MRSAB2
Juros|Amortização,15/09/2034,2114.0,127.0,-,"35,058965","359,608193","218,324328",MRSAB2
Juros,15/03/2035,2235.0,121.0,-,"22,251531","0,00000000","11,899086",MRSAB2
Juros|Amortização,17/09/2035,2363.0,128.0,-,"23,559673","359,608733","197,685405",MRSAB2
Juros,17/03/2036,2485.0,122.0,-,"11,219133","0,00000000","5,593777",MRSAB2
Juros|Amortização,15/09/2036,2611.0,126.0,-,"11,592841","359,608733","178,661151",MRSAB2
,,,,,,,,MRSAB1
,,,,,,,,MRSAB1
,,,,,,,,MRSAB1
,,,,,,,,MRSAB1
,,,,,,,,MRSAB1
,,,,,,,,MRSAC1
,,,,,,,,MRSAC1
,,,,,,,,MRSAC1
,,,,,,,,MRSAC1
,,,,,,,,MRSAC1
Juros,15/06/2026,43.0,122.0,-,"16,753574","0,00000000","16,557145",CCROB4
Juros|Amortização,15/12/2026,170.0,127.0,-,"17,447422","274,36206","278,515667",CCROB4
Juros,15/06/2027,293.0,123.0,-,"11,261537","0,00000000","10,391939",CCROB4
Juros|Amortização,15/12/2027,420.0,127.0,-,"11,631621","274,362472","254,875577",CCROB4
Juros,16/06/2028,546.0,126.0,-,"5,769538","0,00000000","4,967107",CCROB4
Juros|Amortização,15/12/2028,671.0,125.0,-,"5,723274","274,362473","233,004324",CCROB4
Juros,15/07/2026,65.0,123.0,-,"37,876009","0,00000000","37,210747",CCROB6
Juros,15/01/2027,191.0,126.0,-,"38,814298","0,00000000","36,844941",CCROB6
Juros,15/07/2027,315.0,124.0,-,"38,188694","0,00000000","35,046098",CCROB6
Juros|Amortização,17/01/2028,443.0,128.0,-,"39,440212","61,253964","89,238935",CCROB6
Juros,17/07/2028,567.0,124.0,-,"36,279259","0,00000000","31,083304",CCROB6
Juros|Amortização,15/01/2029,690.0,123.0,-,"35,982208","61,254454","80,56306",CCROB6
Juros,16/07/2029,815.0,125.0,-,"34,651295","0,00000000","27,747619",CCROB6
Juros|Amortização,15/01/2030,939.0,124.0,-,"34,369808","61,254426","74,027481",CCROB6
Juros,15/07/2030,1063.0,124.0,-,"32,460359","0,00000000","24,29389",CCROB6
Juros|Amortização,15/01/2031,1191.0,128.0,-,"33,524148","61,254398","68,50132",CCROB6
Juros,15/07/2031,1314.0,123.0,-,"30,300764","0,00000000","21,17774",CCROB6
Juros|Amortização,15/01/2032,1443.0,129.0,-,"31,802583","98,006203","87,590476",CCROB6
Juros,15/07/2032,1568.0,125.0,-,"27,721009","0,00000000","18,078491",CCROB6
Juros|Amortização,17/01/2033,1696.0,128.0,-,"28,396912","98,006106","79,607822",CCROB6
Juros,15/07/2033,1820.0,124.0,-,"24,440732","0,00000000","14,88097",CCROB6
Juros|Amortização,16/01/2034,1947.0,127.0,-,"25,041386","261,308879","168,413998",CCROB6
Juros,17/07/2034,2071.0,124.0,-,"16,2951","0,00000000","9,265233",CCROB6
Juros|Amortização,15/01/2035,2194.0,123.0,-,"16,161677","261,370427","152,598305",CCROB6
Juros,16/07/2035,2319.0,125.0,-,"8,214277","0,00000000","4,36522",CCROB6
Juros|Amortização,15/01/2036,2443.0,124.0,-,"8,14755","261,370428","138,466053",CCROB6
Juros|Amortização,15/10/2026,129.0,250.0,-,"60,063106","83,170612","138,098885",LTTE15
Juros|Amortização,15/10/2027,379.0,250.0,-,"55,864155","83,169934","124,893339",LTTE15
Juros|Amortização,16/10/2028,630.0,251.0,-,"51,877051","83,170324","112,993717",LTTE15
Juros|Amortização,15/10/2029,878.0,248.0,-,"47,077218","83,170853","101,591727",LTTE15
Juros|Amortização,15/10/2030,1129.0,251.0,-,"43,44472","90,402385","97,240278",LTTE15
Juros|Amortização,15/10/2031,1380.0,251.0,-,"38,861954","90,402969","87,471801",LTTE15
Juros|Amortização,15/10/2032,1632.0,252.0,-,"34,419146","90,402668","78,651159",LTTE15
Juros|Amortização,17/10/2033,1884.0,252.0,-,"29,817651","90,40255","70,537384",LTTE15
Juros|Amortização,16/10/2034,2134.0,250.0,-,"25,011064","91,848753","63,882246",LTTE15
Juros|Amortização,15/10/2035,2382.0,248.0,-,"20,206982","94,018732","58,21002",LTTE15
Juros|Amortização,15/10/2036,2633.0,251.0,-,"15,691426","99,804479","54,821463",LTTE15
Juros|Amortização,15/10/2037,2883.0,250.0,-,"10,588628","104,866982","51,058982",LTTE15
Juros|Amortização,15/10/2038,3133.0,250.0,-,"5,294314","104,866982","45,3899",LTTE15
Juros,17/08/2026,88.0,124.0,-,"31,718948","0,00000000","30,981954",KLBNA5
Juros,15/02/2027,210.0,122.0,-,"31,200043","0,00000000","29,497859",KLBNA5
Juros,16/08/2027,337.0,127.0,-,"32,497759","0,00000000","29,699824",KLBNA5
Juros,15/02/2028,464.0,127.0,-,"32,497759","0,00000000","28,709064",KLBNA5
Juros,15/08/2028,588.0,124.0,-,"31,718948","0,00000000","27,108009",KLBNA5
Juros,15/02/2029,711.0,123.0,-,"31,459466","0,00000000","26,017133",KLBNA5
Juros,15/08/2029,837.0,126.0,-,"32,238095","0,00000000","25,778559",KLBNA5
Juros,15/02/2030,962.0,125.0,-,"31,97849","0,00000000","24,731157",KLBNA5
Juros,15/08/2030,1086.0,124.0,-,"31,718948","0,00000000","23,731133",KLBNA5
Juros,17/02/2031,1214.0,128.0,-,"32,757482","0,00000000","23,684235",KLBNA5
Juros,15/08/2031,1337.0,123.0,-,"31,459466","0,00000000","22,010476",KLBNA5
Juros,16/02/2032,1463.0,126.0,-,"32,238095","0,00000000","21,808643",KLBNA5
Juros,16/08/2032,1590.0,127.0,-,"32,497759","0,00000000","21,250925",KLBNA5
Juros,15/02/2033,1717.0,127.0,-,"32,497759","0,00000000","20,542013",KLBNA5
Juros,15/08/2033,1841.0,124.0,-,"31,718948","0,00000000","19,396421",KLBNA5
Juros,15/02/2034,1969.0,128.0,-,"32,757482","0,00000000","19,358088",KLBNA5
Juros,15/08/2034,2092.0,123.0,-,"31,459466","0,00000000","17,990058",KLBNA5
Juros,15/02/2035,2215.0,123.0,-,"31,459466","0,00000000","17,408518",KLBNA5
Juros,15/08/2035,2341.0,126.0,-,"32,238095","0,00000000","17,248884",KLBNA5
Juros,15/02/2036,2466.0,125.0,-,"31,97849","0,00000000","16,548049",KLBNA5
Juros,15/08/2036,2590.0,124.0,-,"31,718948","0,00000000","15,878916",KLBNA5
Juros,18/02/2037,2718.0,128.0,-,"32,757482","0,00000000","15,847535",KLBNA5
Juros|Amortização,17/08/2037,2842.0,124.0,-,"31,718948","360,534476","183,582461",KLBNA5
Juros,15/02/2038,2966.0,124.0,-,"21,145976","0,00000000","9,574264",KLBNA5
Juros|Amortização,16/08/2038,3091.0,125.0,-,"21,319004","360,535016","167,213849",KLBNA5
Juros,15/02/2039,3218.0,127.0,-,"10,832591","0,00000000","4,585348",KLBNA5
Juros|Amortização,15/08/2039,3342.0,124.0,-,"10,572988","360,535016","151,968503",KLBNA5
Juros|Amortização,15/05/2026,23.0,121.0,-,"28,692484","24,510997","52,866773",CTEE29
Juros|Amortização,16/11/2026,150.0,127.0,-,"29,487539","24,787106","52,073285",CTEE29
Juros|Amortização,17/05/2027,273.0,123.0,-,"27,9143","24,786643","48,87549",CTEE29
Juros|Amortização,16/11/2027,399.0,126.0,-,"27,9556","24,786953","47,242079",CTEE29
Juros|Amortização,15/05/2028,523.0,124.0,-,"26,868247","25,475235","45,307003",CTEE29
Juros|Amortização,16/11/2028,651.0,128.0,-,"27,069289","25,475845","43,902634",CTEE29
Juros|Amortização,15/05/2029,772.0,121.0,-,"24,930891","26,164231","41,288778",CTEE29
Juros|Amortização,16/11/2029,900.0,128.0,-,"25,69677","26,852553","40,989731",CTEE29
Juros|Amortização,15/05/2030,1021.0,121.0,-,"23,599801","26,852147","38,061017",CTEE29
Juros|Amortização,18/11/2030,1152.0,131.0,-,"24,84586","26,85208","37,615895",CTEE29
Juros|Amortização,15/05/2031,1272.0,120.0,-,"22,065284","27,540735","34,917805",CTEE29
Juros|Amortização,17/11/2031,1403.0,131.0,-,"23,365838","27,541055","34,560886",CTEE29
Juros|Amortização,17/05/2032,1526.0,123.0,-,"21,217815","28,229529","32,449349",CTEE29
Juros|Amortização,16/11/2032,1652.0,126.0,-,"21,00361","28,229499","31,204369",CTEE29
Juros|Amortização,16/05/2033,1777.0,125.0,-,"20,102282","28,229457","29,594128",CTEE29
Juros|Amortização,16/11/2033,1904.0,127.0,-,"19,683762","29,60679","29,141509",CTEE29
Juros|Amortização,15/05/2034,2027.0,123.0,-,"18,300178","29,60682","27,378022",CTEE29
Juros|Amortização,16/11/2034,2155.0,128.0,-,"18,266983","29,606765","26,40924",CTEE29
Juros|Amortização,15/05/2035,2276.0,121.0,-,"16,512237","30,983772","25,340203",CTEE29
Juros|Amortização,16/11/2035,2404.0,128.0,-,"16,656574","30,983662","24,534784",CTEE29
Juros|Amortização,15/05/2036,2525.0,121.0,-,"14,956424","31,672035","23,224903",CTEE29
Juros|Amortização,17/11/2036,2656.0,131.0,-,"15,347372","31,671777","22,587768",CTEE29
Juros|Amortização,15/05/2037,2777.0,121.0,-,"13,366054","32,360321","21,245152",CTEE29
Juros|Amortização,16/11/2037,2904.0,127.0,-,"13,184213","33,048791","20,740557",CTEE29
Juros|Amortização,17/05/2038,3027.0,123.0,-,"11,920066","33,049249","19,500212",CTEE29
Juros|Amortização,16/11/2038,3153.0,126.0,-,"11,35007","33,04891","18,594785",CTEE29
Juros|Amortização,16/05/2039,3278.0,125.0,-,"10,401292","34,426038","18,137442",CTEE29
Juros|Amortização,16/11/2039,3405.0,127.0,-,"9,662135","34,426231","17,223936",CTEE29
Juros|Amortização,15/05/2040,3530.0,125.0,-,"8,61474","35,114527","16,504242",CTEE29
Juros|Amortização,16/11/2040,3658.0,128.0,-,"7,890924","35,80323","15,918497",CTEE29
Juros|Amortização,15/05/2041,3779.0,121.0,-,"6,555108","35,803178","14,924907",CTEE29
Juros|Amortização,18/11/2041,3910.0,131.0,-,"6,129959","36,491542","14,484306",CTEE29
Juros|Amortização,15/05/2042,4030.0,120.0,-,"4,70035","36,491741","13,542448",CTEE29
Juros|Amortização,17/11/2042,4161.0,131.0,-,"4,144091","37,180167","13,103404",CTEE29
Juros|Amortização,15/05/2043,4282.0,121.0,-,"2,89033","37,86864","12,499619",CTEE29
Juros|Amortização,16/11/2043,4409.0,127.0,-,"2,037","37,868697","11,81636",CTEE29
Juros|Amortização,16/05/2044,4532.0,123.0,-,"1,005348","39,383459","11,56018",CTEE29
Juros|Amortização,15/07/2026,65.0,123.0,-,"35,100938","45,904714","79,150037",IGSN15
Juros|Amortização,15/01/2027,191.0,126.0,-,"34,590426","45,904471","75,196061",IGSN15
Juros|Amortização,15/07/2027,315.0,124.0,-,"32,676187","45,905332","70,23406",IGSN15
Juros|Amortização,17/01/2028,443.0,128.0,-,"32,344577","56,497873","75,86285",IGSN15
Juros|Amortização,17/07/2028,567.0,124.0,-,"29,648677","56,498218","70,379936",IGSN15
Juros|Amortização,15/01/2029,690.0,123.0,-,"27,749423","70,622937","76,919733",IGSN15
Juros|Amortização,16/07/2029,815.0,125.0,-,"26,102266","70,622659","72,335062",IGSN15
Juros|Amortização,15/01/2030,939.0,124.0,-,"23,80246","70,622573","67,561333",IGSN15
Juros|Amortização,15/07/2030,1063.0,124.0,-,"21,714532","70,622948","63,210568",IGSN15
Juros|Amortização,15/01/2031,1191.0,128.0,-,"20,26928","70,622838","59,445526",IGSN15
Juros|Amortização,15/07/2031,1314.0,123.0,-,"17,395163","70,623047","55,096108",IGSN15
Juros|Amortização,15/01/2032,1443.0,129.0,-,"16,083219","77,685255","56,057236",IGSN15
Juros|Amortização,15/07/2032,1568.0,125.0,-,"13,261628","77,684961","52,000441",IGSN15
Juros|Amortização,17/01/2033,1696.0,128.0,-,"11,212785","77,684886","48,561519",IGSN15
Juros|Amortização,15/07/2033,1820.0,124.0,-,"8,560534","77,685193","45,075451",IGSN15
Juros|Amortização,16/01/2034,1947.0,127.0,-,"6,417619","105,934183","56,120127",IGSN15
Juros|Amortização,17/07/2034,2071.0,124.0,-,"3,1319","105,934185","52,122944",IGSN15
Juros|Amortização,15/04/2026,3.0,124.0,-,"37,714174","32,477102","70,129116",HARG11
Juros|Amortização,15/10/2026,129.0,126.0,-,"37,267537","32,476348","67,136871",HARG11
Juros|Amortização,15/04/2027,252.0,123.0,-,"35,327153","32,477109","62,941408",HARG11
Juros|Amortização,15/10/2027,379.0,127.0,-,"35,421401","32,47681","60,708468",HARG11
Juros|Amortização,17/04/2028,505.0,126.0,-,"34,073184","32,476843","57,329599",HARG11
Juros|Amortização,16/10/2028,630.0,125.0,-,"32,742211","32,476778","54,146791",HARG11
Juros|Amortização,16/04/2029,752.0,122.0,-,"30,913612","32,47652","50,766015",HARG11
Juros|Amortização,15/10/2029,878.0,126.0,-,"30,878836","32,477084","48,885308",HARG11
Juros|Amortização,15/04/2030,1001.0,123.0,-,"29,092947","32,476589","45,81224",HARG11
Juros|Amortização,15/10/2030,1129.0,128.0,-,"29,213119","32,476825","44,199082",HARG11
Juros|Amortização,15/04/2031,1252.0,123.0,-,"27,014889","32,477249","41,103892",HARG11
Juros|Amortização,15/10/2031,1380.0,128.0,-,"27,049172","32,476843","39,601661",HARG11
Juros|Amortização,15/04/2032,1505.0,125.0,-,"25,348809","32,477103","37,076358",HARG11
Juros|Amortização,15/10/2032,1632.0,127.0,-,"24,687636","32,476638","35,30293",HARG11
Juros|Amortização,18/04/2033,1758.0,126.0,-,"23,425313","64,953619","52,586533",HARG11
Juros|Amortização,17/10/2033,1884.0,126.0,-,"21,295741","64,953691","49,44493",HARG11
Juros|Amortização,17/04/2034,2009.0,125.0,-,"19,011607","64,953625","46,390922",HARG11
Juros|Amortização,16/10/2034,2134.0,125.0,-,"16,899208","64,953699","43,584856",HARG11
Juros|Amortização,16/04/2035,2256.0,122.0,-,"14,426353","97,430679","57,453641",HARG11
Juros|Amortização,15/10/2035,2382.0,126.0,-,"11,712654","97,430416","54,011988",HARG11
Juros|Amortização,15/04/2036,2505.0,123.0,-,"8,31227","129,907401","65,96117",HARG11
Juros|Amortização,15/10/2036,2633.0,128.0,-,"4,327867","129,907401","61,683407",HARG11
Juros,15/04/2026,3.0,124.0,-,"36,405897","0,00000000","36,373534",HBSA11
Juros,15/10/2026,129.0,126.0,-,"37,001689","0,00000000","35,613394",HBSA11
Juros,15/04/2027,252.0,123.0,-,"36,108104","0,00000000","33,508948",HBSA11
Juros,15/10/2027,379.0,127.0,-,"37,299688","0,00000000","33,33578",HBSA11
Juros,17/04/2028,505.0,126.0,-,"37,001689","0,00000000","31,857012",HBSA11
Juros|Amortização,16/10/2028,630.0,125.0,-,"36,703758","1.251,02501","1.068,352814",HBSA11
Juros|Amortização,15/06/2026,43.0,122.0,-,"48,567237","31,329064","78,831501",HVSP11
Juros|Amortização,15/12/2026,170.0,127.0,-,"49,319864","31,32859","76,482059",HVSP11
Juros|Amortização,15/06/2027,293.0,123.0,-,"46,499376","34,029074","73,492886",HVSP11
Juros|Amortização,15/12/2027,420.0,127.0,-,"46,653957","34,02955","70,773574",HVSP11
Juros|Amortização,16/06/2028,546.0,126.0,-,"44,90237","38,350533","70,212051",HVSP11
Juros|Amortização,15/12/2028,671.0,125.0,-,"42,999767","38,35053","65,983118",HVSP11
Juros|Amortização,15/06/2029,794.0,123.0,-,"40,784297","41,457047","64,194279",HVSP11
Juros|Amortização,17/12/2029,920.0,126.0,-,"40,121466","41,457214","61,222168",HVSP11
Juros|Amortização,17/06/2030,1044.0,124.0,-,"37,821819","44,832772","59,675483",HVSP11
Juros|Amortização,16/12/2030,1171.0,127.0,-,"36,926572","44,83297","56,735882",HVSP11
Juros|Amortização,16/06/2031,1293.0,122.0,-,"33,689355","47,668787","54,348595",HVSP11
Juros|Amortização,15/12/2031,1422.0,129.0,-,"33,686247","47,668752","52,202455",HVSP11
Juros|Amortização,15/06/2032,1546.0,124.0,-,"30,457384","51,719417","50,728596",HVSP11
Juros|Amortização,15/12/2032,1673.0,127.0,-,"29,099476","51,719794","47,952244",HVSP11
Juros|Amortização,15/06/2033,1799.0,126.0,-,"26,773091","55,36527","46,85608",HVSP11
Juros|Amortização,15/12/2033,1925.0,126.0,-,"24,532907","55,36559","43,821218",HVSP11
Juros|Amortização,15/06/2034,2049.0,124.0,-,"21,931905","59,416677","42,923265",HVSP11
Juros|Amortização,15/12/2034,2175.0,126.0,-,"19,888596","59,416702","40,23193",HVSP11
Juros|Amortização,15/06/2035,2298.0,123.0,-,"17,060074","63,873244","39,511948",HVSP11
Juros|Amortização,17/12/2035,2424.0,126.0,-,"14,900048","63,873109","36,974751",HVSP11
Juros|Amortização,16/06/2036,2546.0,122.0,-,"11,917094","68,869244","36,503363",HVSP11
Juros|Amortização,15/12/2036,2675.0,129.0,-,"9,760558","68,869363","34,127319",HVSP11
Juros|Amortização,15/06/2037,2797.0,122.0,-,"6,52427","73,595733","33,475204",HVSP11
Juros|Amortização,15/12/2037,2924.0,127.0,-,"3,795107","73,595741","31,07866",HVSP11
Juros|Amortização,15/06/2038,3048.0,124.0,-,"0,774068","19,445533","7,811639",HVSP11
Juros,15/07/2026,65.0,123.0,-,"40,138884","0,00000000","38,946096",SUMI17
Juros,15/01/2027,191.0,126.0,-,"41,136265","0,00000000","37,646708",SUMI17
Juros,15/07/2027,315.0,124.0,-,"40,471247","0,00000000","34,966758",SUMI17
Juros,17/01/2028,443.0,128.0,-,"41,801677","0,00000000","34,033207",SUMI17
Juros,17/07/2028,567.0,124.0,-,"40,471247","0,00000000","31,107306",SUMI17
Juros,15/01/2029,690.0,123.0,-,"40,138884","0,00000000","29,139983",SUMI17
Juros,16/07/2029,815.0,125.0,-,"40,803707","0,00000000","27,953017",SUMI17
Juros,15/01/2030,939.0,124.0,-,"40,471247","0,00000000","26,174735",SUMI17
Juros|Amortização,15/07/2030,1063.0,124.0,-,"40,471247","540,951225","355,004748",SUMI17
Juros,15/01/2031,1191.0,128.0,-,"20,900838","0,00000000","12,025591",SUMI17
Juros|Amortização,15/07/2031,1314.0,123.0,-,"20,069441","540,951225","304,880604",SUMI17
Juros,15/04/2026,3.0,124.0,-,"38,893853","0,00000000","38,86265",FBRI13
Juros,15/10/2026,129.0,126.0,-,"39,53238","0,00000000","38,191374",FBRI13
Juros,15/04/2027,252.0,123.0,-,"38,574724","0,00000000","36,059906",FBRI13
Juros,15/10/2027,379.0,127.0,-,"39,851778","0,00000000","36,009257",FBRI13
Juros,17/04/2028,505.0,126.0,-,"39,53238","0,00000000","34,536657",FBRI13
Juros,16/10/2028,630.0,125.0,-,"39,21307","0,00000000","33,131054",FBRI13
Juros,16/04/2029,752.0,122.0,-,"38,255687","0,00000000","31,28427",FBRI13
Juros,15/10/2029,878.0,126.0,-,"39,53238","0,00000000","31,256753",FBRI13
Juros|Amortização,15/04/2030,1001.0,123.0,-,"38,574724","218,706672","196,837901",FBRI13
Juros,15/10/2030,1129.0,128.0,-,"32,137012","0,00000000","23,759338",FBRI13
Juros|Amortização,15/04/2031,1252.0,123.0,-,"30,85978","218,706672","178,535463",FBRI13
Juros,15/10/2031,1380.0,128.0,-,"24,102759","0,00000000","16,662246",FBRI13
Juros|Amortização,15/04/2032,1505.0,125.0,-,"23,527842","218,706453","161,949459",FBRI13
Juros,15/10/2032,1632.0,127.0,-,"15,940719","0,00000000","10,301405",FBRI13
Juros|Amortização,18/04/2033,1758.0,126.0,-,"15,812959","218,706781","146,530778",FBRI13
Juros,17/10/2033,1884.0,126.0,-,"7,906479","0,00000000","4,77632",FBRI13
Juros|Amortização,17/04/2034,2009.0,125.0,-,"7,842617","218,706781","132,358035",FBRI13
Juros|Amortização,15/04/2026,3.0,124.0,-,"32,919169","21,702175","54,573292",EQTR11
Juros|Amortização,15/10/2026,129.0,126.0,-,"32,936388","21,701581","52,608838",EQTR11
Juros|Amortização,15/04/2027,252.0,123.0,-,"31,635583","28,935818","56,254905",EQTR11
Juros|Amortização,15/10/2027,379.0,127.0,-,"31,977755","28,936437","54,504235",EQTR11
Juros|Amortização,17/04/2028,505.0,126.0,-,"31,029569","36,170467","57,94656",EQTR11
Juros|Amortização,16/10/2028,630.0,125.0,-,"29,92061","36,170878","54,938587",EQTR11
Juros|Amortização,16/04/2029,752.0,122.0,-,"28,355326","43,404533","57,553211",EQTR11
Juros|Amortização,15/10/2029,878.0,126.0,-,"28,255963","43,404698","55,387936",EQTR11
Juros|Amortização,15/04/2030,1001.0,123.0,-,"26,560347","21,701917","35,980789",EQTR11
Juros|Amortização,15/10/2030,1129.0,128.0,-,"27,124681","21,702778","35,060547",EQTR11
Juros|Amortização,15/04/2031,1252.0,123.0,-,"25,545296","28,936236","37,73397",EQTR11
Juros|Amortização,15/10/2031,1380.0,128.0,-,"25,89173","28,936434","36,574505",EQTR11
Juros|Amortização,15/04/2032,1505.0,125.0,-,"24,589905","36,170349","39,072225",EQTR11
Juros|Amortização,15/10/2032,1632.0,127.0,-,"24,114349","36,170502","37,348721",EQTR11
Juros|Amortização,18/04/2033,1758.0,126.0,-,"23,055466","43,404668","39,680318",EQTR11
Juros|Amortização,17/10/2033,1884.0,126.0,-,"22,015365","43,404361","37,641684",EQTR11
Juros|Amortização,17/04/2034,2009.0,125.0,-,"20,806838","57,872864","43,641215",EQTR11
Juros|Amortização,16/10/2034,2134.0,125.0,-,"19,431173","57,87221","41,333904",EQTR11
Juros|Amortização,16/04/2035,2256.0,122.0,-,"17,617205","65,106474","42,676992",EQTR11
Juros|Amortização,15/10/2035,2382.0,126.0,-,"16,641545","65,106711","40,643289",EQTR11
Juros|Amortização,15/04/2036,2505.0,123.0,-,"14,718154","72,341087","41,749747",EQTR11
Juros|Amortização,15/10/2036,2633.0,128.0,-,"13,562329","72,34068","39,677008",EQTR11
Juros|Amortização,15/04/2037,2757.0,124.0,-,"11,427895","79,574788","40,530872",EQTR11
Juros|Amortização,15/10/2037,2883.0,126.0,-,"9,707565","79,575023","38,321713",EQTR11
Juros|Amortização,15/04/2038,3007.0,124.0,-,"7,675448","86,808989","39,105661",EQTR11
Juros|Amortização,15/10/2038,3133.0,126.0,-,"5,720524","86,808755","36,906675",EQTR11
Juros|Amortização,15/04/2039,3258.0,125.0,-,"3,611103","151,915563","59,800444",EQTR11
Juros,15/06/2026,43.0,122.0,-,"39,206209","0,00000000","38,723541",EQPA18
Juros,15/12/2026,170.0,127.0,-,"40,843431","0,00000000","38,891375",EQPA18
Juros,15/06/2027,293.0,123.0,-,"39,533459","0,00000000","36,333499",EQPA18
Juros,15/12/2027,420.0,127.0,-,"40,843431","0,00000000","36,188909",EQPA18
Juros,16/06/2028,546.0,126.0,-,"40,515793","0,00000000","34,618927",EQPA18
Juros,15/12/2028,671.0,125.0,-,"40,188252","0,00000000","33,124511",EQPA18
Juros,15/06/2029,794.0,123.0,-,"39,533459","0,00000000","31,450423",EQPA18
Juros,17/12/2029,920.0,126.0,-,"40,515793","0,00000000","31,082934",EQPA18
Juros,17/06/2030,1044.0,124.0,-,"39,860808","0,00000000","29,507333",EQPA18
Juros,16/12/2030,1171.0,127.0,-,"40,843431","0,00000000","29,14855",EQPA18
Juros,16/06/2031,1293.0,122.0,-,"39,206209","0,00000000","27,013821",EQPA18
Juros,15/12/2031,1422.0,129.0,-,"41,499","0,00000000","27,550498",EQPA18
Juros,15/06/2032,1546.0,124.0,-,"39,860808","0,00000000","25,53431",EQPA18
Juros,15/12/2032,1673.0,127.0,-,"40,843431","0,00000000","25,223835",EQPA18
Juros,15/06/2033,1799.0,126.0,-,"40,515793","0,00000000","24,12955",EQPA18
Juros|Amortização,15/12/2033,1925.0,126.0,-,"40,515793","266,43982","176,293564",EQPA18
Juros,15/06/2034,2049.0,124.0,-,"29,895606","0,00000000","16,567403",EQPA18
Juros|Amortização,15/12/2034,2175.0,126.0,-,"30,386845","266,439553","158,630098",EQPA18
Juros,15/06/2035,2298.0,123.0,-,"19,766739","0,00000000","10,19599",EQPA18
Juros|Amortização,17/12/2035,2424.0,126.0,-,"20,257906","266,439953","142,611591",EQPA18
Juros,16/06/2036,2546.0,122.0,-,"9,801556","0,00000000","4,707191",EQPA18
Juros|Amortização,15/12/2036,2675.0,129.0,-,"10,374755","266,439953","128,09041",EQPA18
Juros,15/05/2026,23.0,121.0,-,"33,360157","0,00000000","33,136995",CGOS16
Juros,16/11/2026,150.0,127.0,-,"35,040734","0,00000000","33,539965",CGOS16
Juros,17/05/2027,273.0,123.0,-,"33,92007","0,00000000","31,322576",CGOS16
Juros,16/11/2027,399.0,126.0,-,"34,760463","0,00000000","30,939792",CGOS16
Juros,15/05/2028,523.0,124.0,-,"34,20013","0,00000000","29,359198",CGOS16
Juros,16/11/2028,651.0,128.0,-,"35,321074","0,00000000","29,209758",CGOS16
Juros,15/05/2029,772.0,121.0,-,"33,360157","0,00000000","26,630968",CGOS16
Juros,16/11/2029,900.0,128.0,-,"35,321074","0,00000000","27,162541",CGOS16
Juros,15/05/2030,1021.0,121.0,-,"33,360157","0,00000000","24,764489",CGOS16
Juros,18/11/2030,1152.0,131.0,-,"36,162517","0,00000000","25,837909",CGOS16
Juros,15/05/2031,1272.0,120.0,-,"33,080304","0,00000000","22,822317",CGOS16
Juros,17/11/2031,1403.0,131.0,-,"36,162517","0,00000000","24,012995",CGOS16
Juros,17/05/2032,1526.0,123.0,-,"33,92007","0,00000000","21,7298",CGOS16
Juros,16/11/2032,1652.0,126.0,-,"34,760463","0,00000000","21,464247",CGOS16
Juros|Amortização,16/05/2033,1777.0,125.0,-,"34,480262","272,097577","182,527675",CGOS16
Juros,16/11/2033,1904.0,127.0,-,"26,280551","0,00000000","15,077412",CGOS16
Juros|Amortização,15/05/2034,2027.0,123.0,-,"25,440052","272,097305","164,681631",CGOS16
Juros,16/11/2034,2155.0,128.0,-,"17,660545","0,00000000","9,41641",CGOS16
Juros|Amortização,15/05/2035,2276.0,121.0,-,"16,680086","272,097713","148,631169",CGOS16
Juros,16/11/2035,2404.0,128.0,-,"8,830272","0,00000000","4,378222",CGOS16
Juros|Amortização,15/05/2036,2525.0,121.0,-,"8,340043","272,097713","134,222402",CGOS16
Juros,15/04/2026,3.0,124.0,-,"36,317848","0,00000000","36,286211",CGOS34
Juros,15/10/2026,129.0,126.0,-,"36,913141","0,00000000","35,555457",CGOS34
Juros,15/04/2027,252.0,123.0,-,"36,020318","0,00000000","33,477656",CGOS34
Juros,15/10/2027,379.0,127.0,-,"37,2109","0,00000000","33,331531",CGOS34
Juros,17/04/2028,505.0,126.0,-,"36,913141","0,00000000","31,876443",CGOS34
Juros,16/10/2028,630.0,125.0,-,"36,615456","0,00000000","30,49181",CGOS34
Juros,16/04/2029,752.0,122.0,-,"35,722863","0,00000000","28,712659",CGOS34
Juros,15/10/2029,878.0,126.0,-,"36,913141","0,00000000","28,603021",CGOS34
Juros,15/04/2030,1001.0,123.0,-,"36,020318","0,00000000","26,931509",CGOS34
Juros,15/10/2030,1129.0,128.0,-,"37,508737","0,00000000","27,020726",CGOS34
Juros,15/04/2031,1252.0,123.0,-,"36,020318","0,00000000","25,037695",CGOS34
Juros,15/10/2031,1380.0,128.0,-,"37,508737","0,00000000","25,120639",CGOS34
Juros,15/04/2032,1505.0,125.0,-,"36,615456","0,00000000","23,647901",CGOS34
Juros|Amortização,15/10/2032,1632.0,127.0,-,"37,2109","280,881042","197,996915",CGOS34
Juros,18/04/2033,1758.0,126.0,-,"27,684855","0,00000000","16,613141",CGOS34
Juros|Amortização,17/10/2033,1884.0,126.0,-,"27,684855","280,880761","178,509277",CGOS34
Juros,17/04/2034,2009.0,125.0,-,"18,307737","0,00000000","10,213576",CGOS34
Juros|Amortização,16/10/2034,2134.0,125.0,-,"18,307737","280,881182","160,960234",CGOS34
Juros,16/04/2035,2256.0,122.0,-,"8,930719","0,00000000","4,637329",CGOS34
Juros|Amortização,15/10/2035,2382.0,126.0,-,"9,228289","280,881182","145,226926",CGOS34
Juros|Amortização,15/12/2026,170.0,249.0,-,"103,811335","167,632448","259,099942",ENTV12
Juros|Amortização,15/12/2027,420.0,250.0,-,"91,359332","258,999673","312,303114",ENTV12
Juros|Amortização,15/12/2028,671.0,251.0,-,"71,748699","327,690154","332,406918",ENTV12
Juros|Amortização,17/12/2029,920.0,249.0,-,"46,073288","312,400272","278,657918",ENTV12
Juros|Amortização,16/12/2030,1171.0,251.0,-,"22,345953","289,527036","226,333447",ENTV12
Juros,16/11/2026,150.0,248.0,-,"65,344407","0,00000000","62,750348",EGIEA1
Juros,16/11/2027,399.0,249.0,-,"65,615466","0,00000000","58,912948",EGIEA1
Juros,16/11/2028,651.0,252.0,-,"66,429015","0,00000000","55,719515",EGIEA1
Juros,16/11/2029,900.0,249.0,-,"65,615466","0,00000000","51,457958",EGIEA1
Juros,18/11/2030,1152.0,252.0,-,"66,429015","0,00000000","48,668629",EGIEA1
Juros|Amortização,17/11/2031,1403.0,251.0,-,"66,15777","373,248766","300,82926",EGIEA1
Juros|Amortização,16/11/2032,1652.0,249.0,-,"43,743665","373,249326","266,918783",EGIEA1
Juros|Amortização,16/11/2033,1904.0,252.0,-,"22,143015","373,249326","236,441446",EGIEA1
Juros,15/06/2026,43.0,250.0,-,"73,028735","0,00000000","72,169804",EGIEB2
Juros,15/06/2027,293.0,250.0,-,"73,028735","0,00000000","67,372393",EGIEB2
Juros,16/06/2028,546.0,253.0,-,"73,934245","0,00000000","63,621193",EGIEB2
Juros,15/06/2029,794.0,248.0,-,"72,425455","0,00000000","58,212043",EGIEB2
Juros,17/06/2030,1044.0,250.0,-,"73,028735","0,00000000","54,795114",EGIEB2
Juros,16/06/2031,1293.0,249.0,-,"72,727055","0,00000000","50,955375",EGIEB2
Juros|Amortização,15/06/2032,1546.0,253.0,-,"73,934245","362,189152","285,017391",EGIEB2
Juros|Amortização,15/06/2033,1799.0,253.0,-,"49,289496","362,189152","250,828711",EGIEB2
Juros|Amortização,15/06/2034,2049.0,250.0,-,"24,342911","362,189154","219,959093",EGIEB2
Juros,15/04/2026,3.0,124.0,-,"35,327701","0,00000000","35,297572",ENEVB0
Juros,15/10/2026,129.0,126.0,-,"35,906754","0,00000000","34,613317",ENEVB0
Juros,15/04/2027,252.0,123.0,-,"35,038284","0,00000000","32,61505",ENEVB0
Juros,15/10/2027,379.0,127.0,-,"36,196393","0,00000000","32,49785",ENEVB0
Juros,17/04/2028,505.0,126.0,-,"35,906754","0,00000000","31,103058",ENEVB0
Juros,16/10/2028,630.0,125.0,-,"35,617191","0,00000000","29,774724",ENEVB0
Juros,16/04/2029,752.0,122.0,-,"34,748941","0,00000000","28,058297",ENEVB0
Juros,15/10/2029,878.0,126.0,-,"35,906754","0,00000000","27,972643",ENEVB0
Juros,15/04/2030,1001.0,123.0,-,"35,038284","0,00000000","26,35775",ENEVB0
Juros,15/10/2030,1129.0,128.0,-,"36,486106","0,00000000","26,465714",ENEVB0
Juros,15/04/2031,1252.0,123.0,-,"35,038284","0,00000000","24,541837",ENEVB0
Juros,15/10/2031,1380.0,128.0,-,"36,486106","0,00000000","24,642363",ENEVB0
Juros,15/04/2032,1505.0,125.0,-,"35,617191","0,00000000","23,215371",ENEVB0
Juros,15/10/2032,1632.0,127.0,-,"36,196393","0,00000000","22,755971",ENEVB0
Juros,18/04/2033,1758.0,126.0,-,"35,906754","0,00000000","21,779296",ENEVB0
Juros,17/10/2033,1884.0,126.0,-,"35,906754","0,00000000","21,01268",ENEVB0
Juros,17/04/2034,2009.0,125.0,-,"35,617191","0,00000000","20,115281",ENEVB0
Juros,16/10/2034,2134.0,125.0,-,"35,617191","0,00000000","19,412757",ENEVB0
Juros,16/04/2035,2256.0,122.0,-,"34,748941","0,00000000","18,293668",ENEVB0
Juros,15/10/2035,2382.0,126.0,-,"35,906754","0,00000000","18,237822",ENEVB0
Juros,15/04/2036,2505.0,123.0,-,"35,038284","0,00000000","17,184932",ENEVB0
Juros,15/10/2036,2633.0,128.0,-,"36,486106","0,00000000","17,255323",ENEVB0
Juros|Amortização,15/04/2037,2757.0,124.0,-,"35,327701","364,576588","182,572888",ENEVB0
Juros,15/10/2037,2883.0,126.0,-,"23,937848","0,00000000","10,54394",ENEVB0
Juros|Amortização,15/04/2038,3007.0,124.0,-,"23,551811","364,577135","165,035933",ENEVB0
Juros,15/10/2038,3133.0,126.0,-,"11,968924","0,00000000","4,910155",ENEVB0
Juros|Amortização,15/04/2039,3258.0,125.0,-,"11,872402","364,577135","149,041767",ENEVB0
Juros,15/09/2026,108.0,126.0,-,"41,440152","0,00000000","40,186906",CESE32
Juros,15/03/2027,230.0,122.0,-,"40,10145","0,00000000","37,562779",CESE32
Juros,15/09/2027,358.0,128.0,-,"42,11008","0,00000000","38,034453",CESE32
Juros,15/03/2028,483.0,125.0,-,"41,105333","0,00000000","35,830528",CESE32
Juros,15/09/2028,610.0,127.0,-,"41,775068","0,00000000","35,122802",CESE32
Juros,15/03/2029,731.0,121.0,-,"39,767014","0,00000000","32,303744",CESE32
Juros|Amortização,17/09/2029,859.0,128.0,-,"42,11008","563,143275","474,089749",CESE32
Juros,15/03/2030,980.0,121.0,-,"19,883506","0,00000000","15,047841",CESE32
Juros|Amortização,16/09/2030,1108.0,128.0,-,"21,05504","563,143275","426,319323",CESE32
Juros,15/09/2026,108.0,126.0,-,"40,060542","0,00000000","38,836379",ENEV19
Juros,15/03/2027,230.0,122.0,-,"38,768133","0,00000000","36,288712",ENEV19
Juros,15/09/2027,358.0,128.0,-,"40,707263","0,00000000","36,727769",ENEV19
Juros,15/03/2028,483.0,125.0,-,"39,737313","0,00000000","34,587686",ENEV19
Juros,15/09/2028,610.0,127.0,-,"40,38386","0,00000000","33,890783",ENEV19
Juros,15/03/2029,731.0,121.0,-,"38,445244","0,00000000","31,161328",ENEV19
Juros,17/09/2029,859.0,128.0,-,"40,707263","0,00000000","31,803229",ENEV19
Juros,15/03/2030,980.0,121.0,-,"38,445244","0,00000000","29,009583",ENEV19
Juros|Amortização,16/09/2030,1108.0,128.0,-,"40,707263","393,623396","315,896876",ENEV19
Juros,17/03/2031,1232.0,124.0,-,"26,276125","0,00000000","18,44214",ENEV19
Juros|Amortização,15/09/2031,1358.0,126.0,-,"26,707041","393,623986","284,522769",ENEV19
Juros,15/03/2032,1483.0,125.0,-,"13,245777","0,00000000","8,649746",ENEV19
Juros|Amortização,15/09/2032,1611.0,128.0,-,"13,569094","393,623986","256,302184",ENEV19
,,,,,,,,ENEV32
,,,,,,,,ENEV32
,,,,,,,,ENEV32
,,,,,,,,ENEV32
,,,,,,,,ENEV32
Juros,15/09/2026,108.0,126.0,-,"40,631472","0,00000000","39,399351",ENEV29
Juros,15/03/2027,230.0,122.0,-,"39,320347","0,00000000","36,824492",ENEV29
Juros,15/09/2027,358.0,128.0,-,"41,287562","0,00000000","37,28109",ENEV29
Juros,15/03/2028,483.0,125.0,-,"40,303559","0,00000000","35,118357",ENEV29
Juros,15/09/2028,610.0,127.0,-,"40,959474","0,00000000","34,420639",ENEV29
Juros,15/03/2029,731.0,121.0,-,"38,992787","0,00000000","31,656695",ENEV29
Juros,17/09/2029,859.0,128.0,-,"41,287562","0,00000000","32,318447",ENEV29
Juros,15/03/2030,980.0,121.0,-,"38,992787","0,00000000","29,487113",ENEV29
Juros,16/09/2030,1108.0,128.0,-,"41,287562","0,00000000","30,103512",ENEV29
Juros,17/03/2031,1232.0,124.0,-,"39,975735","0,00000000","28,134528",ENEV29
Juros,15/09/2031,1358.0,126.0,-,"40,631472","0,00000000","27,586927",ENEV29
Juros,15/03/2032,1483.0,125.0,-,"40,303559","0,00000000","26,406181",ENEV29
Juros,15/09/2032,1611.0,128.0,-,"41,287562","0,00000000","26,081429",ENEV29
Juros,15/03/2033,1735.0,124.0,-,"39,975735","0,00000000","24,375518",ENEV29
Juros,15/09/2033,1863.0,128.0,-,"41,287562","0,00000000","24,273175",ENEV29
Juros,15/03/2034,1987.0,124.0,-,"39,975735","0,00000000","22,685536",ENEV29
Juros,15/09/2034,2114.0,127.0,-,"40,959474","0,00000000","22,417167",ENEV29
Juros,15/03/2035,2235.0,121.0,-,"38,992787","0,00000000","20,617091",ENEV29
Juros|Amortização,17/09/2035,2363.0,128.0,-,"41,287562","393,623396","221,714147",ENEV29
Juros,17/03/2036,2485.0,122.0,-,"26,213577","0,00000000","12,906612",ENEV29
Juros|Amortização,15/09/2036,2611.0,126.0,-,"27,087661","393,623986","199,833411",ENEV29
Juros,16/03/2037,2736.0,125.0,-,"13,434526","0,00000000","6,157825",ENEV29
Juros|Amortização,15/09/2037,2862.0,126.0,-,"13,54383","393,623986","180,042915",ENEV29
Juros,15/07/2026,65.0,123.0,-,"36,625792","0,00000000","35,947444",ENEV18
Juros,15/01/2027,191.0,126.0,-,"37,533297","0,00000000","35,527066",ENEV18
Juros,15/07/2027,315.0,124.0,-,"36,928218","0,00000000","33,729696",ENEV18
Juros,17/01/2028,443.0,128.0,-,"38,13868","0,00000000","33,576201",ENEV18
Juros,17/07/2028,567.0,124.0,-,"36,928218","0,00000000","31,371529",ENEV18
Juros,15/01/2029,690.0,123.0,-,"36,625792","0,00000000","30,033139",ENEV18
Juros,16/07/2029,815.0,125.0,-,"37,230719","0,00000000","29,45111",ENEV18
Juros,15/01/2030,939.0,124.0,-,"36,928218","0,00000000","28,188375",ENEV18
Juros|Amortização,15/07/2030,1063.0,124.0,-,"36,928218","389,614773","314,185365",ENEV18
Juros,15/01/2031,1191.0,128.0,-,"25,4258","0,00000000","18,051345",ENEV18
Juros|Amortização,15/07/2031,1314.0,123.0,-,"24,417206","389,615358","283,730364",ENEV18
Juros,15/01/2032,1443.0,129.0,-,"12,813834","0,00000000","8,461304",ENEV18
Juros|Amortização,15/07/2032,1568.0,125.0,-,"12,410245","389,615358","256,093454",ENEV18
,,,,,,,,ENGIB9
,,,,,,,,ENGIB9
,,,,,,,,ENGIB9
,,,,,,,,ENGIB9
,,,,,,,,ENGIB9
Juros,15/04/2026,3.0,124.0,-,"37,173013","0,00000000","37,141612",ENGIA5
Juros,15/10/2026,129.0,126.0,-,"37,78148","0,00000000","36,433204",ENGIA5
Juros,15/04/2027,252.0,123.0,-,"36,868886","0,00000000","34,342417",ENGIA5
Juros,15/10/2027,379.0,127.0,-,"38,085819","0,00000000","34,229237",ENGIA5
Juros,17/04/2028,505.0,126.0,-,"37,78148","0,00000000","32,771651",ENGIA5
Juros,16/10/2028,630.0,125.0,-,"37,477211","0,00000000","31,382994",ENGIA5
Juros,16/04/2029,752.0,122.0,-,"36,564832","0,00000000","29,584584",ENGIA5
Juros|Amortização,15/10/2029,878.0,126.0,-,"37,78148","419,984083","357,462454",ENGIA5
Juros,15/04/2030,1001.0,123.0,-,"24,57927","0,00000000","18,539957",ENGIA5
Juros|Amortização,15/10/2030,1129.0,128.0,-,"25,593499","419,984713","324,193606",ENGIA5
Juros,15/04/2031,1252.0,123.0,-,"12,289634","0,00000000","8,637178",ENGIA5
Juros|Amortização,15/10/2031,1380.0,128.0,-,"12,796749","419,984713","293,387991",ENGIA5
Juros,15/04/2026,3.0,124.0,-,"35,30343","0,00000000","35,27426",ENGIA6
Juros,15/10/2026,129.0,126.0,-,"35,881386","0,00000000","34,628436",ENGIA6
Juros|Amortização,15/04/2027,252.0,123.0,-,"35,014552","394,431688","400,639835",ENGIA6
Juros,15/10/2027,379.0,127.0,-,"24,113658","0,00000000","21,72258",ENGIA6
Juros|Amortização,17/04/2028,505.0,126.0,-,"23,920937","394,43228","364,010657",ENGIA6
Juros,16/10/2028,630.0,125.0,-,"11,86413","0,00000000","9,973537",ENGIA6
Juros|Amortização,16/04/2029,752.0,122.0,-,"11,575253","394,43228","330,02642",ENGIA6
Juros,15/04/2026,3.0,124.0,-,"37,173013","0,00000000","37,142098",ESULA6
Juros,15/10/2026,129.0,126.0,-,"37,78148","0,00000000","36,453721",ESULA6
Juros,15/04/2027,252.0,123.0,-,"36,868886","0,00000000","34,380206",ESULA6
Juros,15/10/2027,379.0,127.0,-,"38,085819","0,00000000","34,285899",ESULA6
Juros,17/04/2028,505.0,126.0,-,"37,78148","0,00000000","32,843954",ESULA6
Juros,16/10/2028,630.0,125.0,-,"37,477211","0,00000000","31,469396",ESULA6
Juros,16/04/2029,752.0,122.0,-,"36,564832","0,00000000","29,681833",ESULA6
Juros|Amortização,15/10/2029,878.0,126.0,-,"37,78148","419,984083","358,834752",ESULA6
Juros,15/04/2030,1001.0,123.0,-,"24,57927","0,00000000","18,621125",ESULA6
Juros|Amortização,15/10/2030,1129.0,128.0,-,"25,593499","419,984713","325,794858",ESULA6
Juros,15/04/2031,1252.0,123.0,-,"12,289634","0,00000000","8,684499",ESULA6
Juros|Amortização,15/10/2031,1380.0,128.0,-,"12,796749","419,984713","295,160224",ESULA6
Juros,15/04/2026,3.0,124.0,-,"30,332018","0,00000000","30,306923",ENMTB3
Juros,15/10/2026,129.0,126.0,-,"30,826617","0,00000000","29,748784",ENMTB3
Juros,15/04/2027,252.0,123.0,-,"30,084781","0,00000000","28,064187",ENMTB3
Juros,15/10/2027,379.0,127.0,-,"31,07398","0,00000000","27,988878",ENMTB3
Juros,17/04/2028,505.0,126.0,-,"30,826617","0,00000000","26,817438",ENMTB3
Juros|Amortização,16/10/2028,630.0,125.0,-,"30,579296","464,384635","415,994512",ENMTB3
Juros,16/04/2029,752.0,122.0,-,"19,891736","0,00000000","16,164743",ENMTB3
Juros|Amortização,15/10/2029,878.0,126.0,-,"20,551088","464,385332","380,613113",ENMTB3
Juros,15/04/2030,1001.0,123.0,-,"10,028264","0,00000000","7,608288",ENMTB3
Juros|Amortização,15/10/2030,1129.0,128.0,-,"10,440467","464,385332","347,743236",ENMTB3
,,,,,,,,ENAT14
,,,,,,,,ENAT14
,,,,,,,,ENAT14
,,,,,,,,ENAT14
,,,,,,,,ENAT14
Juros|Amortização,15/06/2026,43.0,122.0,-,"54,299289","146,160328","197,790753",ENAT11
Juros|Amortização,15/12/2026,170.0,127.0,-,"49,505466","146,160182","185,567397",ENAT11
Juros|Amortização,15/06/2027,293.0,123.0,-,"41,065977","146,160644","170,88509",ENAT11
Juros|Amortização,15/12/2027,420.0,127.0,-,"35,361039","146,160294","159,247363",ENAT11
Juros|Amortização,16/06/2028,546.0,126.0,-,"28,060823","146,160294","146,956481",ENAT11
Juros|Amortização,15/12/2028,671.0,125.0,-,"20,874674","146,160148","135,510738",ENAT11
Juros|Amortização,15/06/2029,794.0,123.0,-,"13,688659","146,160367","124,803329",ENAT11
Juros|Amortização,17/12/2029,920.0,126.0,-,"7,015209","146,160368","114,987087",ENAT11
,,,,,,,,ESAM14
,,,,,,,,ESAM14
,,,,,,,,ESAM14
,,,,,,,,ESAM14
,,,,,,,,ESAM14
Juros,15/04/2026,3.0,124.0,-,"35,162138","0,00000000","35,099391",ELPLA7
Juros,15/10/2026,129.0,126.0,-,"35,737758","0,00000000","33,095797",ELPLA7
Juros,15/04/2027,252.0,123.0,-,"34,874428","0,00000000","30,015774",ELPLA7
Juros,15/10/2027,379.0,127.0,-,"36,025671","0,00000000","28,748633",ELPLA7
Juros,17/04/2028,505.0,126.0,-,"35,737758","0,00000000","26,457796",ELPLA7
Juros,16/10/2028,630.0,125.0,-,"35,449915","0,00000000","24,362471",ELPLA7
Juros,16/04/2029,752.0,122.0,-,"34,586788","0,00000000","22,10405",ELPLA7
Juros,15/10/2029,878.0,126.0,-,"35,737758","0,00000000","21,188985",ELPLA7
Juros|Amortização,15/04/2030,1001.0,123.0,-,"34,874428","393,994139","236,321914",ELPLA7
Juros,15/10/2030,1129.0,128.0,-,"24,209112","0,00000000","12,36126",ELPLA7
Juros|Amortização,15/04/2031,1252.0,123.0,-,"23,24963","393,99473","198,002775",ELPLA7
Juros,15/10/2031,1380.0,128.0,-,"12,104555","0,00000000","5,322721",ELPLA7
Juros|Amortização,15/04/2032,1505.0,125.0,-,"11,816643","393,99473","165,649037",ELPLA7
Juros,15/07/2026,65.0,123.0,-,"37,164752","0,00000000","36,509064",EKTRC1
Juros,15/01/2027,191.0,126.0,-,"38,085821","0,00000000","36,144934",EKTRC1
Juros,15/07/2027,315.0,124.0,-,"37,471697","0,00000000","34,374785",EKTRC1
Juros,17/01/2028,443.0,128.0,-,"38,700259","0,00000000","34,278933",EKTRC1
Juros|Amortização,17/07/2028,567.0,124.0,-,"37,471697","584,422745","532,454639",EKTRC1
Juros,15/01/2029,690.0,123.0,-,"18,582375","0,00000000","15,382913",EKTRC1
Juros|Amortização,16/07/2029,815.0,125.0,-,"18,889358","584,422745","482,628551",EKTRC1
Juros,15/04/2026,3.0,124.0,-,"37,096725","0,00000000","37,063952",ERDVC3
Juros,15/10/2026,129.0,126.0,-,"37,704995","0,00000000","36,298918",ERDVC3
Juros,15/04/2027,252.0,123.0,-,"36,792709","0,00000000","34,160093",ERDVC3
Juros,15/10/2027,379.0,127.0,-,"38,00925","0,00000000","33,993608",ERDVC3
Juros,17/04/2028,505.0,126.0,-,"37,704995","0,00000000","32,492677",ERDVC3
Juros,16/10/2028,630.0,125.0,-,"37,40082","0,00000000","31,065212",ERDVC3
Juros,16/04/2029,752.0,122.0,-,"36,488773","0,00000000","29,237678",ERDVC3
Juros,15/10/2029,878.0,126.0,-,"37,704995","0,00000000","29,11127",ERDVC3
Juros,15/04/2030,1001.0,123.0,-,"36,792709","0,00000000","27,395959",ERDVC3
Juros,15/10/2030,1129.0,128.0,-,"38,313583","0,00000000","27,472631",ERDVC3
Juros,15/04/2031,1252.0,123.0,-,"36,792709","0,00000000","25,4432",ERDVC3
Juros|Amortização,15/10/2031,1380.0,128.0,-,"38,313583","374,294019","274,770402",ERDVC3
Juros,15/04/2032,1505.0,125.0,-,"24,933892","0,00000000","16,004031",ERDVC3
Juros|Amortização,15/10/2032,1632.0,127.0,-,"25,339512","374,29458","247,088501",ERDVC3
Juros,18/04/2033,1758.0,126.0,-,"12,568337","0,00000000","7,487665",ERDVC3
Juros|Amortização,17/10/2033,1884.0,126.0,-,"12,568337","374,29458","222,077411",ERDVC3
Juros,15/06/2026,43.0,122.0,-,"36,759085","0,00000000","36,297431",ERDVB4
Juros,15/12/2026,170.0,127.0,-,"38,291841","0,00000000","36,425569",ERDVB4
Juros,15/06/2027,293.0,123.0,-,"37,065468","0,00000000","34,007059",ERDVB4
Juros,15/12/2027,420.0,127.0,-,"38,291841","0,00000000","33,845016",ERDVB4
Juros,16/06/2028,546.0,126.0,-,"37,985122","0,00000000","32,353298",ERDVB4
Juros,15/12/2028,671.0,125.0,-,"37,678486","0,00000000","30,934469",ERDVB4
Juros,15/06/2029,794.0,123.0,-,"37,065468","0,00000000","29,350682",ERDVB4
Juros,17/12/2029,920.0,126.0,-,"37,985122","0,00000000","28,985365",ERDVB4
Juros,17/06/2030,1044.0,124.0,-,"37,371935","0,00000000","27,496833",ERDVB4
Juros,16/12/2030,1171.0,127.0,-,"38,291841","0,00000000","27,141399",ERDVB4
Juros,16/06/2031,1293.0,122.0,-,"36,759085","0,00000000","25,137253",ERDVB4
Juros,15/12/2031,1422.0,129.0,-,"38,905529","0,00000000","25,615218",ERDVB4
Juros|Amortização,15/06/2032,1546.0,124.0,-,"37,371935","362,302807","253,726177",ERDVB4
Juros,15/12/2032,1673.0,127.0,-,"25,527906","0,00000000","15,612148",ERDVB4
Juros|Amortização,15/06/2033,1799.0,126.0,-,"25,323427","362,303351","228,442965",ERDVB4
Juros,15/12/2033,1925.0,126.0,-,"12,661713","0,00000000","7,19073",ERDVB4
Juros|Amortização,15/06/2034,2049.0,124.0,-,"12,457317","362,303351","205,213726",ERDVB4
Juros|Amortização,15/06/2026,43.0,122.0,-,"37,840687","189,833309","224,854369",ECHP11
Juros,15/12/2026,170.0,127.0,-,"32,925775","0,00000000","31,342911",ECHP11
Juros|Amortização,15/06/2027,293.0,123.0,-,"31,871767","254,387906","262,955578",ECHP11
Juros,15/12/2027,420.0,127.0,-,"24,226126","0,00000000","21,449719",ECHP11
Juros|Amortização,16/06/2028,546.0,126.0,-,"24,032169","241,903125","227,015192",ECHP11
Juros,15/12/2028,671.0,125.0,-,"15,698022","0,00000000","12,923823",ECHP11
Juros|Amortização,15/06/2029,794.0,123.0,-,"15,442741","231,404068","196,106731",ECHP11
Juros,17/12/2029,920.0,126.0,-,"7,97543","0,00000000","6,108863",ECHP11
Juros|Amortização,17/06/2030,1044.0,124.0,-,"7,846746","235,09313","179,513909",ECHP11
Juros,15/06/2026,43.0,122.0,-,"38,384869","0,00000000","37,901032",DESK17
Juros,15/12/2026,170.0,127.0,-,"39,986648","0,00000000","38,03077",DESK17
Juros,15/06/2027,293.0,123.0,-,"38,705042","0,00000000","35,500076",DESK17
Juros,15/12/2027,420.0,127.0,-,"39,986648","0,00000000","35,32693",DESK17
Juros,16/06/2028,546.0,126.0,-,"39,66611","0,00000000","33,76508",DESK17
Juros,15/12/2028,671.0,125.0,-,"39,345662","0,00000000","32,279768",DESK17
Juros|Amortização,15/06/2029,794.0,123.0,-,"38,705042","361,884931","316,938687",DESK17
Juros,17/12/2029,920.0,126.0,-,"26,444086","0,00000000","20,158629",DESK17
Juros|Amortização,17/06/2030,1044.0,124.0,-,"26,016884","361,885474","285,081066",DESK17
Juros,16/12/2030,1171.0,127.0,-,"13,328889","0,00000000","9,435589",DESK17
Juros|Amortização,16/06/2031,1293.0,122.0,-,"12,794962","361,885474","255,862043",DESK17
Juros,15/04/2026,3.0,124.0,-,"32,583628","0,00000000","32,556559",EEELB1
Juros,15/10/2026,129.0,126.0,-,"33,117059","0,00000000","31,954458",EEELB1
Juros,15/04/2027,252.0,123.0,-,"32,317007","0,00000000","30,137858",EEELB1
Juros,15/10/2027,379.0,127.0,-,"33,383871","0,00000000","30,056491",EEELB1
Juros,17/04/2028,505.0,126.0,-,"33,117059","0,00000000","28,793468",EEELB1
Juros,16/10/2028,630.0,125.0,-,"32,850312","0,00000000","27,589425",EEELB1
Juros,16/04/2029,752.0,122.0,-,"32,050448","0,00000000","26,023106",EEELB1
Juros,15/10/2029,878.0,126.0,-,"33,117059","0,00000000","25,96674",EEELB1
Juros,15/04/2030,1001.0,123.0,-,"32,317007","0,00000000","24,49054",EEELB1
Juros,15/10/2030,1129.0,128.0,-,"33,650746","0,00000000","24,612852",EEELB1
Juros,15/04/2031,1252.0,123.0,-,"32,317007","0,00000000","22,845462",EEELB1
Juros,15/10/2031,1380.0,128.0,-,"33,650746","0,00000000","22,959557",EEELB1
Juros,15/04/2032,1505.0,125.0,-,"32,850312","0,00000000","21,650566",EEELB1
Juros,15/10/2032,1632.0,127.0,-,"33,383871","0,00000000","21,241578",EEELB1
Juros,18/04/2033,1758.0,126.0,-,"33,117059","0,00000000","20,348972",EEELB1
Juros,17/10/2033,1884.0,126.0,-,"33,117059","0,00000000","19,65093",EEELB1
Juros,17/04/2034,2009.0,125.0,-,"32,850312","0,00000000","18,829196",EEELB1
Juros,16/10/2034,2134.0,125.0,-,"32,850312","0,00000000","18,188326",EEELB1
Juros,16/04/2035,2256.0,122.0,-,"32,050448","0,00000000","17,155731",EEELB1
Juros,15/10/2035,2382.0,126.0,-,"33,117059","0,00000000","17,118571",EEELB1
Juros,15/04/2036,2505.0,123.0,-,"32,317007","0,00000000","16,145386",EEELB1
Juros,15/10/2036,2633.0,128.0,-,"33,650746","0,00000000","16,22602",EEELB1
Juros|Amortização,15/04/2037,2757.0,124.0,-,"32,583628","364,009439","184,775211",EEELB1
Juros,15/10/2037,2883.0,126.0,-,"22,078051","0,00000000","9,933446",EEELB1
Juros|Amortização,15/04/2038,3007.0,124.0,-,"21,722429","364,009985","167,689787",EEELB1
Juros,15/10/2038,3133.0,126.0,-,"11,039024","0,00000000","4,634381",EEELB1
Juros|Amortização,15/04/2039,3258.0,125.0,-,"10,950109","364,009985","152,05724",EEELB1
Juros,15/05/2026,23.0,121.0,-,"34,290703","0,00000000","34,083376",CPLD37
Juros,16/11/2026,150.0,127.0,-,"36,016869","0,00000000","34,620166",CPLD37
Juros,17/05/2027,273.0,123.0,-,"34,865816","0,00000000","32,444273",CPLD37
Juros,16/11/2027,399.0,126.0,-,"35,729003","0,00000000","32,161078",CPLD37
Juros,15/05/2028,523.0,124.0,-,"35,153477","0,00000000","30,625169",CPLD37
Juros,16/11/2028,651.0,128.0,-,"36,304803","0,00000000","30,578541",CPLD37
Juros,15/05/2029,772.0,121.0,-,"34,290703","0,00000000","27,975194",CPLD37
Juros,16/11/2029,900.0,128.0,-,"36,304803","0,00000000","28,6354",CPLD37
Juros|Amortização,15/05/2030,1021.0,121.0,-,"34,290703","391,677201","325,431888",CPLD37
Juros,18/11/2030,1152.0,131.0,-,"24,780582","0,00000000","18,289155",CPLD37
Juros|Amortização,15/05/2031,1272.0,120.0,-,"22,669965","391,735959","296,323891",CPLD37
Juros,17/11/2031,1403.0,131.0,-,"12,39029","0,00000000","8,558962",CPLD37
Juros|Amortização,17/05/2032,1526.0,123.0,-,"11,622519","391,735959","269,740308",CPLD37
Juros,15/05/2026,23.0,121.0,-,"32,349396","0,00000000","32,144982",CPLD29
Juros,16/11/2026,150.0,127.0,-,"33,978262","0,00000000","32,602198",CPLD29
Juros,17/05/2027,273.0,123.0,-,"32,892089","0,00000000","30,508065",CPLD29
Juros,16/11/2027,399.0,126.0,-,"33,70662","0,00000000","30,196515",CPLD29
Juros,15/05/2028,523.0,124.0,-,"33,163534","0,00000000","28,711787",CPLD29
Juros,16/11/2028,651.0,128.0,-,"34,249969","0,00000000","28,624547",CPLD29
Juros,15/05/2029,772.0,121.0,-,"32,349396","0,00000000","26,149386",CPLD29
Juros,16/11/2029,900.0,128.0,-,"34,249969","0,00000000","26,726034",CPLD29
Juros|Amortização,15/05/2030,1021.0,121.0,-,"32,349396","108,952622","106,644776",CPLD29
Juros,18/11/2030,1152.0,131.0,-,"31,558936","0,00000000","22,973835",CPLD29
Juros|Amortização,15/05/2031,1272.0,120.0,-,"28,870333","108,952513","97,066405",CPLD29
Juros,17/11/2031,1403.0,131.0,-,"28,052392","0,00000000","19,056255",CPLD29
Juros|Amortização,17/05/2032,1526.0,123.0,-,"26,313673","108,952635","88,824914",CPLD29
Juros,16/11/2032,1652.0,126.0,-,"23,594637","0,00000000","14,965005",CPLD29
Juros|Amortização,16/05/2033,1777.0,125.0,-,"23,404534","108,952526","81,105215",CPLD29
Juros,16/11/2033,1904.0,127.0,-,"20,386962","0,00000000","12,062932",CPLD29
Juros|Amortização,15/05/2034,2027.0,123.0,-,"19,735258","217,905089","135,924597",CPLD29
Juros,16/11/2034,2155.0,128.0,-,"13,699997","0,00000000","7,56445",CPLD29
Juros|Amortização,15/05/2035,2276.0,121.0,-,"12,939769","217,905417","123,28056",CPLD29
Juros,16/11/2035,2404.0,128.0,-,"6,849998","0,00000000","3,53137",CPLD29
Juros|Amortização,15/05/2036,2525.0,121.0,-,"6,469884","217,905417","111,878008",CPLD29
Juros,15/06/2026,43.0,122.0,-,"39,088148","0,00000000","38,588602",CRTA12
Juros,15/12/2026,170.0,127.0,-,"40,720327","0,00000000","38,701421",CRTA12
Juros,15/06/2027,293.0,123.0,-,"39,414391","0,00000000","36,107033",CRTA12
Juros,15/12/2027,420.0,127.0,-,"40,720327","0,00000000","35,912856",CRTA12
Juros,16/06/2028,546.0,126.0,-,"40,393699","0,00000000","34,307093",CRTA12
Juros,15/12/2028,671.0,125.0,-,"40,067166","0,00000000","32,780867",CRTA12
Juros,15/06/2029,794.0,123.0,-,"39,414391","0,00000000","31,081928",CRTA12
Juros,17/12/2029,920.0,126.0,-,"40,393699","0,00000000","30,675974",CRTA12
Juros|Amortização,17/06/2030,1044.0,124.0,-,"39,740731","15,99883","40,788686",CRTA12
Juros|Amortização,16/12/2030,1171.0,127.0,-,"40,109522","15,998382","39,527733",CRTA12
Juros|Amortização,16/06/2031,1293.0,122.0,-,"37,915519","5,333318","29,376736",CRTA12
Juros|Amortização,15/12/2031,1422.0,129.0,-,"39,925791","5,332586","29,578079",CRTA12
Juros,15/06/2032,1546.0,124.0,-,"38,151117","0,00000000","24,025347",CRTA12
Juros,15/12/2032,1673.0,127.0,-,"39,091531","0,00000000","23,699915",CRTA12
Juros|Amortização,15/06/2033,1799.0,126.0,-,"38,777966","5,332604","25,753626",CRTA12
Juros|Amortização,15/12/2033,1925.0,126.0,-,"38,576011","5,333352","24,687918",CRTA12
Juros|Amortização,15/06/2034,2049.0,124.0,-,"37,753707","5,332784","23,343172",CRTA12
Juros|Amortização,15/12/2034,2175.0,126.0,-,"38,172065","5,33294","22,698104",CRTA12
Juros|Amortização,15/06/2035,2298.0,123.0,-,"37,049546","42,663377","40,086711",CRTA12
Juros|Amortização,17/12/2035,2424.0,126.0,-,"36,354355","42,663151","38,267193",CRTA12
Juros|Amortização,16/06/2036,2546.0,122.0,-,"33,615847","50,663428","39,352771",CRTA12
Juros|Amortização,15/12/2036,2675.0,129.0,-,"33,616296","50,663399","37,863379",CRTA12
Juros|Amortização,15/06/2037,2797.0,122.0,-,"29,90244","58,662045","38,362531",CRTA12
Juros|Amortização,15/12/2037,2924.0,127.0,-,"28,911452","58,662578","36,519489",CRTA12
Juros|Amortização,15/06/2038,3048.0,124.0,-,"26,03019","39,997158","26,531672",CRTA12
Juros|Amortização,15/12/2038,3174.0,126.0,-,"24,943117","39,997259","25,129693",CRTA12
Juros|Amortização,15/06/2039,3299.0,125.0,-,"23,238958","42,66385","24,56619",CRTA12
Juros|Amortização,15/12/2039,3426.0,127.0,-,"21,988967","42,663487","23,201743",CRTA12
Juros|Amortização,15/06/2040,3552.0,126.0,-,"20,196842","53,329416","25,410292",CRTA12
Juros|Amortização,17/12/2040,3678.0,126.0,-,"18,177157","53,329364","23,798219",CRTA12
Juros|Amortização,17/06/2041,3802.0,124.0,-,"15,896288","58,662366","23,91048",CRTA12
Juros|Amortização,16/12/2041,3929.0,127.0,-,"14,048509","58,662259","22,448672",CRTA12
Juros|Amortização,16/06/2042,4051.0,122.0,-,"11,335564","71,994863","24,805431",CRTA12
Juros|Amortização,15/12/2042,4180.0,129.0,-,"9,205683","71,994762","23,256452",CRTA12
Juros|Amortização,15/06/2043,4302.0,122.0,-,"6,058659","82,660569","24,499321",CRTA12
Juros|Amortização,15/12/2043,4429.0,127.0,-,"3,155822","82,66057","22,814357",CRTA12
Juros|Amortização,15/07/2026,65.0,123.0,-,"37,799864","3,971326","41,026708",CBAN12
Juros|Amortização,15/01/2027,191.0,126.0,-,"38,635032","3,970657","40,412683",CBAN12
Juros|Amortização,15/07/2027,315.0,124.0,-,"37,917906","3,971503","38,393254",CBAN12
Juros|Amortização,17/01/2028,443.0,128.0,-,"39,056631","95,297668","118,856303",CBAN12
Juros|Amortização,17/07/2028,567.0,124.0,-,"35,505826","95,297908","111,812763",CBAN12
Juros|Amortização,15/01/2029,690.0,123.0,-,"32,919381","103,239523","112,496246",CBAN12
Juros|Amortização,16/07/2029,815.0,125.0,-,"30,932131","103,2401","107,086582",CBAN12
Juros|Amortização,15/01/2030,939.0,124.0,-,"28,173125","107,211167","104,409805",CBAN12
Juros|Amortização,15/07/2030,1063.0,124.0,-,"25,568069","107,211071","98,947186",CBAN12
Juros|Amortização,15/01/2031,1191.0,128.0,-,"23,712975","107,21047","94,169656",CBAN12
Juros|Amortização,15/07/2031,1314.0,123.0,-,"20,191836","107,210803","88,57124",CBAN12
Juros|Amortização,15/01/2032,1443.0,129.0,-,"18,477751","107,210789","84,31596",CBAN12
Juros|Amortização,15/07/2032,1568.0,125.0,-,"15,271527","107,211199","79,372377",CBAN12
Juros|Amortização,17/01/2033,1696.0,128.0,-,"12,952466","111,18181","77,643699",CBAN12
Juros|Amortização,15/07/2033,1820.0,124.0,-,"9,841288","111,181636","73,144678",CBAN12
Juros|Amortização,16/01/2034,1947.0,127.0,-,"7,314625","146,918447","89,997972",CBAN12
Juros|Amortização,17/07/2034,2071.0,124.0,-,"3,569878","146,918447","84,851321",CBAN12
Juros|Amortização,15/07/2026,65.0,123.0,-,"39,449158","3,987161","42,675039",CBAN32
Juros|Amortização,15/01/2027,191.0,126.0,-,"40,321227","3,98649","42,064397",CBAN32
Juros|Amortização,15/07/2027,315.0,124.0,-,"39,572502","3,98734","39,982713",CBAN32
Juros|Amortização,17/01/2028,443.0,128.0,-,"40,76154","95,677668","120,949275",CBAN32
Juros|Amortização,17/07/2028,567.0,124.0,-,"37,055168","95,677909","113,761133",CBAN32
Juros|Amortização,15/01/2029,690.0,123.0,-,"34,355729","103,651192","114,389042",CBAN32
Juros|Amortização,16/07/2029,815.0,125.0,-,"32,282016","103,651771","108,903917",CBAN32
Juros|Amortização,15/01/2030,939.0,124.0,-,"29,402496","107,638674","106,149465",CBAN32
Juros|Amortização,15/07/2030,1063.0,124.0,-,"26,683765","107,638576","100,592516",CBAN32
Juros|Amortização,15/01/2031,1191.0,128.0,-,"24,748099","107,637973","95,749789",CBAN32
Juros|Amortização,15/07/2031,1314.0,123.0,-,"21,072852","107,638307","90,028608",CBAN32
Juros|Amortização,15/01/2032,1443.0,129.0,-,"19,284418","107,638293","85,716345",CBAN32
Juros|Amortização,15/07/2032,1568.0,125.0,-,"15,937979","107,638704","80,666528",CBAN32
Juros|Amortização,17/01/2033,1696.0,128.0,-,"13,51787","111,625148","78,893562",CBAN32
Juros|Amortização,15/07/2033,1820.0,124.0,-,"10,270726","111,624975","74,297466",CBAN32
Juros|Amortização,16/01/2034,1947.0,127.0,-,"7,633894","147,504286","91,348317",CBAN32
Juros|Amortização,17/07/2034,2071.0,124.0,-,"3,725653","147,504286","86,093488",CBAN32
Juros|Amortização,15/07/2026,65.0,123.0,-,"39,449158","3,987161","42,672562",CBAN72
Juros|Amortização,15/01/2027,191.0,126.0,-,"40,321227","3,98649","42,057224",CBAN72
Juros|Amortização,15/07/2027,315.0,124.0,-,"39,572502","3,98734","39,971469",CBAN72
Juros|Amortização,17/01/2028,443.0,128.0,-,"40,76154","95,677668","120,901443",CBAN72
Juros|Amortização,17/07/2028,567.0,124.0,-,"37,055168","95,677909","113,703554",CBAN72
Juros|Amortização,15/01/2029,690.0,123.0,-,"34,355729","103,651192","114,318589",CBAN72
Juros|Amortização,16/07/2029,815.0,125.0,-,"32,282016","103,651771","108,824696",CBAN72
Juros|Amortização,15/01/2030,939.0,124.0,-,"29,402496","107,638674","106,060504",CBAN72
Juros|Amortização,15/07/2030,1063.0,124.0,-,"26,683765","107,638576","100,497085",CBAN72
Juros|Amortização,15/01/2031,1191.0,128.0,-,"24,748099","107,637973","95,64802",CBAN72
Juros|Amortização,15/07/2031,1314.0,123.0,-,"21,072852","107,638307","89,923044",CBAN72
Juros|Amortização,15/01/2032,1443.0,129.0,-,"19,284418","107,638293","85,605976",CBAN72
Juros|Amortização,15/07/2032,1568.0,125.0,-,"15,937979","107,638704","80,553671",CBAN72
Juros|Amortização,17/01/2033,1696.0,128.0,-,"13,51787","111,625148","78,774181",CBAN72
Juros|Amortização,15/07/2033,1820.0,124.0,-,"10,270726","111,624975","74,176826",CBAN72
Juros|Amortização,16/01/2034,1947.0,127.0,-,"7,633894","147,504286","91,189651",CBAN72
Juros|Amortização,17/07/2034,2071.0,124.0,-,"3,725653","147,504286","85,934434",CBAN72
Juros|Amortização,15/07/2026,65.0,123.0,-,"39,449158","3,987161","42,666194",CBAN52
Juros|Amortização,15/01/2027,191.0,126.0,-,"40,321227","3,98649","42,038784",CBAN52
Juros|Amortização,15/07/2027,315.0,124.0,-,"39,572502","3,98734","39,942569",CBAN52
Juros|Amortização,17/01/2028,443.0,128.0,-,"40,76154","95,677668","120,778526",CBAN52
Juros|Amortização,17/07/2028,567.0,124.0,-,"37,055168","95,677909","113,555619",CBAN52
Juros|Amortização,15/01/2029,690.0,123.0,-,"34,355729","103,651192","114,137614",CBAN52
Juros|Amortização,16/07/2029,815.0,125.0,-,"32,282016","103,651771","108,621238",CBAN52
Juros|Amortização,15/01/2030,939.0,124.0,-,"29,402496","107,638674","105,832077",CBAN52
Juros|Amortização,15/07/2030,1063.0,124.0,-,"26,683765","107,638576","100,252092",CBAN52
Juros|Amortização,15/01/2031,1191.0,128.0,-,"24,748099","107,637973","95,386809",CBAN52
Juros|Amortização,15/07/2031,1314.0,123.0,-,"21,072852","107,638307","89,652145",CBAN52
Juros|Amortização,15/01/2032,1443.0,129.0,-,"19,284418","107,638293","85,322806",CBAN52
Juros|Amortização,15/07/2032,1568.0,125.0,-,"15,937979","107,638704","80,264172",CBAN52
Juros|Amortização,17/01/2033,1696.0,128.0,-,"13,51787","111,625148","78,468013",CBAN52
Juros|Amortização,15/07/2033,1820.0,124.0,-,"10,270726","111,624975","73,867491",CBAN52
Juros|Amortização,16/01/2034,1947.0,127.0,-,"7,633894","147,504286","90,782891",CBAN52
Juros|Amortização,17/07/2034,2071.0,124.0,-,"3,725653","147,504286","85,526761",CBAN52
Juros|Amortização,15/03/2029,731.0,1007.0,-,"387,932251","1.051,25625","1.179,879076",CERT11
,,,,,,,,CART13
,,,,,,,,CART13
,,,,,,,,CART13
,,,,,,,,CART13
,,,,,,,,CART13
-,15/09/2026,108.0,238.0,-,"0,00000000","0,00000000","0,00000000",MGPRA0
Juros,15/03/2027,230.0,122.0,-,"41,26556","0,00000000","38,319053",MGPRA0
Juros,15/09/2027,358.0,128.0,-,"43,334405","0,00000000","38,6149",MGPRA0
Juros|Amortização,15/03/2028,483.0,125.0,-,"42,299515","1,377911","37,384692",MGPRA0
Juros|Amortização,15/09/2028,610.0,127.0,-,"42,9356","1,37839","36,409318",MGPRA0
Juros|Amortização,15/03/2029,731.0,121.0,-,"40,818796","7,760783","38,388369",MGPRA0
Juros|Amortização,17/09/2029,859.0,128.0,-,"42,92096","7,76169","38,432645",MGPRA0
Juros|Amortização,15/03/2030,980.0,121.0,-,"40,242564","12,206404","38,251823",MGPRA0
Juros|Amortização,16/09/2030,1108.0,128.0,-,"42,135981","12,206156","38,031805",MGPRA0
Juros|Amortização,17/03/2031,1232.0,124.0,-,"40,329923","16,326895","38,099299",MGPRA0
Juros|Amortização,15/09/2031,1358.0,126.0,-,"40,361212","16,326769","36,604173",MGPRA0
Juros|Amortização,15/03/2032,1483.0,125.0,-,"39,408312","19,188167","36,343423",MGPRA0
Juros|Amortização,15/09/2032,1611.0,128.0,-,"39,618147","19,188431","35,000582",MGPRA0
Juros|Amortização,15/03/2033,1735.0,124.0,-,"37,626503","22,416671","34,337413",MGPRA0
Juros|Amortização,15/09/2033,1863.0,128.0,-,"37,98258","22,416589","33,145909",MGPRA0
Juros|Amortização,15/03/2034,1987.0,124.0,-,"35,920144","26,514388","32,921409",MGPRA0
Juros|Amortização,15/09/2034,2114.0,127.0,-,"35,771887","26,514308","31,526828",MGPRA0
Juros|Amortização,15/03/2035,2235.0,121.0,-,"33,066623","28,294526","29,871442",MGPRA0
Juros|Amortização,17/09/2035,2363.0,128.0,-,"33,904394","28,295287","29,056674",MGPRA0
Juros|Amortização,17/03/2036,2485.0,122.0,-,"31,22652","28,849269","26,983083",MGPRA0
Juros|Amortização,15/09/2036,2611.0,126.0,-,"31,153843","28,849292","25,878603",MGPRA0
Juros|Amortização,16/03/2037,2736.0,125.0,-,"29,794877","31,965181","25,585227",MGPRA0
Juros|Amortização,15/09/2037,2862.0,126.0,-,"28,801192","31,964756","24,172227",MGPRA0
Juros|Amortização,15/03/2038,2984.0,122.0,-,"26,673371","34,755644","23,494396",MGPRA0
Juros|Amortização,15/09/2038,3112.0,128.0,-,"26,644334","34,75544","22,53474",MGPRA0
Juros|Amortização,15/03/2039,3236.0,124.0,-,"24,473258","37,552132","21,873076",MGPRA0
Juros|Amortização,15/09/2039,3364.0,128.0,-,"23,801802","37,552078","20,762394",MGPRA0
Juros|Amortização,15/03/2040,3489.0,125.0,-,"21,792399","40,940191","20,391225",MGPRA0
Juros|Amortização,17/09/2040,3617.0,128.0,-,"20,716139","40,939894","19,231835",MGPRA0
Juros|Amortização,15/03/2041,3738.0,121.0,-,"18,042672","43,345277","18,416304",MGPRA0
Juros|Amortização,16/09/2041,3866.0,128.0,-,"17,402747","43,345639","17,488362",MGPRA0
Juros|Amortização,17/03/2042,3990.0,124.0,-,"15,198953","399,340763","114,666124",MGPRA0
Juros,15/05/2026,23.0,121.0,-,"35,250375","0,00000000","34,999479",IVIAA0
Juros,16/11/2026,150.0,127.0,-,"37,027752","0,00000000","35,342391",IVIAA0
Juros,17/05/2027,273.0,123.0,-,"35,842521","0,00000000","32,928911",IVIAA0
Juros,16/11/2027,399.0,126.0,-,"36,731327","0,00000000","32,450475",IVIAA0
Juros|Amortização,15/05/2028,523.0,124.0,-,"36,138712","32,634664","58,462872",IVIAA0
Juros|Amortização,16/11/2028,651.0,128.0,-,"36,204526","32,634838","56,238342",IVIAA0
Juros|Amortização,15/05/2029,772.0,121.0,-,"33,135346","32,634766","51,749271",IVIAA0
Juros|Amortização,16/11/2029,900.0,128.0,-,"33,965062","32,634622","50,359764",IVIAA0
Juros|Amortização,15/05/2030,1021.0,121.0,-,"31,020322","38,074026","50,319235",IVIAA0
Juros|Amortização,18/11/2030,1152.0,131.0,-,"32,291009","38,073645","49,201381",IVIAA0
Juros|Amortização,15/05/2031,1272.0,120.0,-,"28,313068","38,073867","44,721898",IVIAA0
Juros|Amortização,17/11/2031,1403.0,131.0,-,"29,616013","38,073509","43,781465",IVIAA0
Juros|Amortização,17/05/2032,1526.0,123.0,-,"26,523459","43,512831","43,601579",IVIAA0
Juros|Amortização,16/11/2032,1652.0,126.0,-,"25,711924","43,512987","41,44261",IVIAA0
Juros|Amortização,16/05/2033,1777.0,125.0,-,"24,047078","46,232469","40,47195",IVIAA0
Juros|Amortização,16/11/2033,1904.0,127.0,-,"22,864628","46,232482","38,252146",IVIAA0
Juros|Amortização,15/05/2034,2027.0,123.0,-,"20,609438","48,952054","37,065942",IVIAA0
Juros|Amortização,16/11/2034,2155.0,128.0,-,"19,781842","48,952162","35,197649",IVIAA0
Juros|Amortização,15/05/2035,2276.0,121.0,-,"17,096414","59,830125","37,940077",IVIAA0
Juros|Amortização,16/11/2035,2404.0,128.0,-,"16,049414","59,830173","35,965229",IVIAA0
Juros|Amortização,15/05/2036,2525.0,121.0,-,"13,218877","65,269266","35,829597",IVIAA0
Juros|Amortização,17/11/2036,2656.0,131.0,-,"12,037471","65,269201","33,883329",IVIAA0
Juros|Amortização,15/05/2037,2777.0,121.0,-,"8,988838","67,988824","32,494795",IVIAA0
Juros|Amortização,16/11/2037,2904.0,127.0,-,"7,127837","67,988771","30,482866",IVIAA0
Juros|Amortização,17/05/2038,3027.0,123.0,-,"4,659526","141,416856","57,05715",IVIAA0
Juros,15/09/2026,108.0,126.0,-,"39,353693","0,00000000","38,137207",RSAN26
Juros,15/03/2027,230.0,122.0,-,"38,082595","0,00000000","35,61932",RSAN26
Juros,15/09/2027,358.0,128.0,-,"39,989783","0,00000000","36,036802",RSAN26
Juros,15/03/2028,483.0,125.0,-,"39,035783","0,00000000","33,921652",RSAN26
Juros,15/09/2028,610.0,127.0,-,"39,671692","0,00000000","33,224556",RSAN26
Juros,15/03/2029,731.0,121.0,-,"37,765047","0,00000000","30,534475",RSAN26
Juros,17/09/2029,859.0,128.0,-,"39,989783","0,00000000","31,152118",RSAN26
Juros,15/03/2030,980.0,121.0,-,"37,765047","0,00000000","28,402104",RSAN26
Juros,16/09/2030,1108.0,128.0,-,"39,989783","0,00000000","28,976615",RSAN26
Juros,17/03/2031,1232.0,124.0,-,"38,717963","0,00000000","27,061649",RSAN26
Juros,15/09/2031,1358.0,126.0,-,"39,353693","0,00000000","26,516603",RSAN26
Juros,15/03/2032,1483.0,125.0,-,"39,035783","0,00000000","25,363676",RSAN26
Juros,15/09/2032,1611.0,128.0,-,"39,989783","0,00000000","25,034357",RSAN26
Juros,15/03/2033,1735.0,124.0,-,"38,717963","0,00000000","23,379922",RSAN26
Juros,15/09/2033,1863.0,128.0,-,"39,989783","0,00000000","23,265785",RSAN26
Juros,15/03/2034,1987.0,124.0,-,"38,717963","0,00000000","21,728229",RSAN26
Juros,15/09/2034,2114.0,127.0,-,"39,671692","0,00000000","21,456404",RSAN26
Juros,15/03/2035,2235.0,121.0,-,"37,765047","0,00000000","19,71915",RSAN26
Juros,17/09/2035,2363.0,128.0,-,"39,989783","0,00000000","20,118024",RSAN26
Juros,17/03/2036,2485.0,122.0,-,"38,082595","0,00000000","18,490919",RSAN26
Juros,15/09/2036,2611.0,126.0,-,"39,353693","0,00000000","18,420783",RSAN26
Juros,16/03/2037,2736.0,125.0,-,"39,035783","0,00000000","17,619858",RSAN26
Juros|Amortização,15/09/2037,2862.0,126.0,-,"39,353693","359,909016","173,735631",RSAN26
Juros,15/03/2038,2984.0,122.0,-,"25,388409","0,00000000","10,662556",RSAN26
Juros|Amortização,15/09/2038,3112.0,128.0,-,"26,659868","359,909556","156,419699",RSAN26
Juros,15/03/2039,3236.0,124.0,-,"12,905993","0,00000000","5,037308",RSAN26
Juros|Amortização,15/09/2039,3364.0,128.0,-,"13,329933","359,909556","140,356588",RSAN26
Juros,15/04/2026,3.0,124.0,-,"33,589743","0,00000000","33,561744",PALFB3
Juros,15/10/2026,129.0,126.0,-,"34,13967","0,00000000","32,937191",PALFB3
Juros,15/04/2027,252.0,123.0,-,"33,314878","0,00000000","31,061114",PALFB3
Juros,15/10/2027,379.0,127.0,-,"34,414732","0,00000000","30,973614",PALFB3
Juros,17/04/2028,505.0,126.0,-,"34,13967","0,00000000","29,668542",PALFB3
Juros,16/10/2028,630.0,125.0,-,"33,864674","0,00000000","28,424571",PALFB3
Juros,16/04/2029,752.0,122.0,-,"33,040078","0,00000000","26,80775",PALFB3
Juros,15/10/2029,878.0,126.0,-,"34,13967","0,00000000","26,746565",PALFB3
Juros,15/04/2030,1001.0,123.0,-,"33,314878","0,00000000","25,223101",PALFB3
Juros,15/10/2030,1129.0,128.0,-,"34,689858","0,00000000","25,346077",PALFB3
Juros,15/04/2031,1252.0,123.0,-,"33,314878","0,00000000","23,523287",PALFB3
Juros,15/10/2031,1380.0,128.0,-,"34,689858","0,00000000","23,637975",PALFB3
Juros,15/04/2032,1505.0,125.0,-,"33,864674","0,00000000","22,287675",PALFB3
Juros,15/10/2032,1632.0,127.0,-,"34,414732","0,00000000","21,864067",PALFB3
Juros,18/04/2033,1758.0,126.0,-,"34,13967","0,00000000","20,942826",PALFB3
Juros|Amortização,17/10/2033,1884.0,126.0,-,"34,13967","374,165875","241,852541",PALFB3
Juros,17/04/2034,2009.0,125.0,-,"22,57646","0,00000000","12,916098",PALFB3
Juros|Amortização,16/10/2034,2134.0,125.0,-,"22,57646","374,166437","219,227375",PALFB3
Juros,16/04/2035,2256.0,122.0,-,"11,013363","0,00000000","5,882715",PALFB3
Juros|Amortização,15/10/2035,2382.0,126.0,-,"11,379895","374,166437","198,849216",PALFB3
Juros,15/06/2026,43.0,122.0,-,"35,032687","0,00000000","34,62357",CHSF13
Juros,15/12/2026,170.0,127.0,-,"36,492278","0,00000000","34,836288",CHSF13
Juros,15/06/2027,293.0,123.0,-,"35,324453","0,00000000","32,607192",CHSF13
Juros,15/12/2027,420.0,127.0,-,"36,492278","0,00000000","32,536544",CHSF13
Juros,16/06/2028,546.0,126.0,-,"36,200207","0,00000000","31,184059",CHSF13
Juros,15/12/2028,671.0,125.0,-,"35,908214","0,00000000","29,894078",CHSF13
Juros,15/06/2029,794.0,123.0,-,"35,324453","0,00000000","28,436351",CHSF13
Juros,17/12/2029,920.0,126.0,-,"36,200207","0,00000000","28,15533",CHSF13
Juros,17/06/2030,1044.0,124.0,-,"35,616295","0,00000000","26,778529",CHSF13
Juros,16/12/2030,1171.0,127.0,-,"36,492278","0,00000000","26,501561",CHSF13
Juros|Amortização,16/06/2031,1293.0,122.0,-,"35,032687","1.087,70803","788,634297",CHSF13
Juros,15/05/2026,23.0,121.0,-,"34,600582","0,00000000","34,348894",COCE18
Juros,16/11/2026,150.0,127.0,-,"36,342514","0,00000000","34,652687",COCE18
Juros,17/05/2027,273.0,123.0,-,"35,180949","0,00000000","32,260678",COCE18
Juros,16/11/2027,399.0,126.0,-,"36,052018","0,00000000","31,763325",COCE18
Juros,15/05/2028,523.0,124.0,-,"35,471234","0,00000000","30,045458",COCE18
Juros,16/11/2028,651.0,128.0,-,"36,63308","0,00000000","29,794129",COCE18
Juros,15/05/2029,772.0,121.0,-,"34,600582","0,00000000","27,08073",COCE18
Juros,16/11/2029,900.0,128.0,-,"36,63308","0,00000000","27,529932",COCE18
Juros|Amortização,15/05/2030,1021.0,121.0,-,"34,600582","392,719143","309,032643",COCE18
Juros,18/11/2030,1152.0,131.0,-,"25,003473","0,00000000","17,345743",COCE18
Juros|Amortização,15/05/2031,1272.0,120.0,-,"22,873679","392,719733","277,535666",COCE18
Juros,17/11/2031,1403.0,131.0,-,"12,501736","0,00000000","8,008692",COCE18
Juros|Amortização,17/05/2032,1526.0,123.0,-,"11,726987","392,719733","249,170508",COCE18
Juros,15/06/2026,43.0,122.0,-,"42,190285","0,00000000","41,688866",CAEC12
Juros,15/12/2026,170.0,127.0,-,"43,953927","0,00000000","41,924675",CAEC12
Juros,15/06/2027,293.0,123.0,-,"42,542794","0,00000000","39,214388",CAEC12
Juros,15/12/2027,420.0,127.0,-,"43,953927","0,00000000","39,109433",CAEC12
Juros,16/06/2028,546.0,126.0,-,"43,600977","0,00000000","37,459779",CAEC12
Juros,15/12/2028,671.0,125.0,-,"43,24814","0,00000000","35,887428",CAEC12
Juros,15/06/2029,794.0,123.0,-,"42,542794","0,00000000","34,115231",CAEC12
Juros,17/12/2029,920.0,126.0,-,"43,600977","0,00000000","33,760096",CAEC12
Juros,17/06/2030,1044.0,124.0,-,"42,895411","0,00000000","32,08817",CAEC12
Juros,16/12/2030,1171.0,127.0,-,"43,953927","0,00000000","31,739216",CAEC12
Juros,16/06/2031,1293.0,122.0,-,"42,190285","0,00000000","29,449582",CAEC12
Juros,15/12/2031,1422.0,129.0,-,"44,660153","0,00000000","30,075287",CAEC12
Juros,15/06/2032,1546.0,124.0,-,"42,895411","0,00000000","27,907894",CAEC12
Juros,15/12/2032,1673.0,127.0,-,"43,953927","0,00000000","27,6044",CAEC12
Juros,15/06/2033,1799.0,126.0,-,"43,600977","0,00000000","26,440034",CAEC12
Juros,15/12/2033,1925.0,126.0,-,"43,600977","0,00000000","25,529785",CAEC12
Juros|Amortização,15/06/2034,2049.0,124.0,-,"42,895411","217,245106","147,158584",CAEC12
Juros|Amortização,15/12/2034,2175.0,126.0,-,"34,880781","217,245106","137,714666",CAEC12
Juros|Amortização,15/06/2035,2298.0,123.0,-,"25,525676","217,244888","128,146336",CAEC12
Juros|Amortização,17/12/2035,2424.0,126.0,-,"17,440399","217,245214","119,613937",CAEC12
Juros|Amortização,16/06/2036,2546.0,122.0,-,"8,43806","217,245214","111,189264",CAEC12
Juros|Amortização,15/05/2026,23.0,121.0,-,"40,092731","16,811883","56,489615",COMR14
Juros|Amortização,16/11/2026,150.0,127.0,-,"41,461114","16,811866","55,556578",COMR14
Juros|Amortização,17/05/2027,273.0,123.0,-,"39,493827","22,415453","56,757596",COMR14
Juros|Amortização,16/11/2027,399.0,126.0,-,"39,605133","22,415832","54,625081",COMR14
Juros|Amortização,15/05/2028,523.0,124.0,-,"38,108258","28,01993","55,988904",COMR14
Juros|Amortização,16/11/2028,651.0,128.0,-,"38,255838","28,020073","53,874093",COMR14
Juros|Amortização,15/05/2029,772.0,121.0,-,"35,081141","33,6235","53,738648",COMR14
Juros|Amortização,16/11/2029,900.0,128.0,-,"35,823387","33,623745","52,151151",COMR14
Juros|Amortização,15/05/2030,1021.0,121.0,-,"32,575356","36,426053","49,859043",COMR14
Juros|Amortização,18/11/2030,1152.0,131.0,-,"33,849501","36,425531","48,705871",COMR14
Juros|Amortização,15/05/2031,1272.0,120.0,-,"29,609455","37,826913","44,987209",COMR14
Juros|Amortização,17/11/2031,1403.0,131.0,-,"30,849463","37,826525","43,943442",COMR14
Juros|Amortização,17/05/2032,1526.0,123.0,-,"27,497056","42,029685","42,780022",COMR14
Juros|Amortização,16/11/2032,1652.0,126.0,-,"26,548497","42,029449","40,537685",COMR14
Juros|Amortização,16/05/2033,1777.0,125.0,-,"24,714918","44,831733","39,507018",COMR14
Juros|Amortização,16/11/2033,1904.0,127.0,-,"23,363028","44,831509","37,204438",COMR14
Juros|Amortização,15/05/2034,2027.0,123.0,-,"20,914768","47,633503","35,961818",COMR14
Juros|Amortização,16/11/2034,2155.0,128.0,-,"19,901909","47,63353","34,016199",COMR14
Juros|Amortização,15/05/2035,2276.0,121.0,-,"17,018566","51,836789","33,37092",COMR14
Juros|Amortização,16/11/2035,2404.0,128.0,-,"15,976817","51,836883","31,554174",COMR14
Juros|Amortização,15/05/2036,2525.0,121.0,-,"13,15545","54,638755","30,35347",COMR14
Juros|Amortização,17/11/2036,2656.0,131.0,-,"12,056781","54,638837","28,642265",COMR14
Juros|Amortização,15/05/2037,2777.0,121.0,-,"9,08352","59,402021","28,299929",COMR14
Juros|Amortização,16/11/2037,2904.0,127.0,-,"7,217314","59,401991","26,438309",COMR14
Juros|Amortização,17/05/2038,3027.0,123.0,-,"4,735022","62,484299","25,652381",COMR14
Juros|Amortização,16/11/2038,3153.0,126.0,-,"2,426361","62,484299","23,797697",COMR14
Juros,15/09/2026,108.0,126.0,-,"31,230304","0,00000000","30,348459",BCPSA5
Juros,15/03/2027,230.0,122.0,-,"30,225347","0,00000000","28,436728",BCPSA5
Juros,15/09/2027,358.0,128.0,-,"31,733118","0,00000000","28,858775",BCPSA5
Juros,15/03/2028,483.0,125.0,-,"30,97898","0,00000000","27,254275",BCPSA5
Juros,15/09/2028,610.0,127.0,-,"31,481683","0,00000000","26,779191",BCPSA5
Juros|Amortização,15/03/2029,731.0,121.0,-,"29,974247","1.098,14639","929,304729",BCPSA5
Juros,15/01/2027,191.0,249.0,-,"79,044838","0,00000000","75,053068",SBSPE3
Juros,17/01/2028,443.0,252.0,-,"80,032263","0,00000000","70,968804",SBSPE3
Juros,15/01/2029,690.0,247.0,-,"78,38703","0,00000000","65,004465",SBSPE3
Juros,15/01/2030,939.0,249.0,-,"79,044838","0,00000000","61,267962",SBSPE3
Juros,15/01/2031,1191.0,252.0,-,"80,032263","0,00000000","57,933861",SBSPE3
Juros,15/01/2032,1443.0,252.0,-,"80,032263","0,00000000","54,105315",SBSPE3
Juros,17/01/2033,1696.0,253.0,-,"80,361595","0,00000000","50,723943",SBSPE3
Juros,16/01/2034,1947.0,251.0,-,"79,703026","0,00000000","46,996395",SBSPE3
Juros|Amortização,15/01/2035,2194.0,247.0,-,"78,38703","1.060,24062","627,867586",SBSPE3
Juros,15/04/2026,3.0,61.0,-,"18,602959","0,00000000","18,584626",CSMGB9
Juros,15/07/2026,65.0,62.0,-,"18,910567","0,00000000","18,510883",CSMGB9
Juros,15/10/2026,129.0,64.0,-,"19,52604","0,00000000","18,715528",CSMGB9
Juros,15/01/2027,191.0,62.0,-,"18,910567","0,00000000","17,760012",CSMGB9
Juros,15/04/2027,252.0,61.0,-,"18,602959","0,00000000","17,124356",CSMGB9
Juros|Amortização,15/07/2027,315.0,63.0,-,"19,218261","37,424326","51,072059",CSMGB9
Juros|Amortização,15/10/2027,379.0,64.0,-,"18,852724","37,423755","49,685828",CSMGB9
Juros|Amortização,17/01/2028,443.0,64.0,-,"18,179417","37,424027","48,069835",CSMGB9
Juros|Amortização,17/04/2028,505.0,62.0,-,"16,954302","37,424516","46,062923",CSMGB9
Juros|Amortização,17/07/2028,567.0,62.0,-,"16,302205","37,424049","44,592218",CSMGB9
Juros|Amortização,16/10/2028,630.0,63.0,-,"15,904761","37,424347","43,355569",CSMGB9
Juros|Amortização,15/01/2029,690.0,60.0,-,"14,510163","37,423811","41,396953",CSMGB9
Juros|Amortização,16/04/2029,752.0,62.0,-,"14,34594","37,42442","40,434194",CSMGB9
Juros|Amortização,16/07/2029,815.0,63.0,-,"13,916658","37,42399","39,276882",CSMGB9
Juros|Amortização,15/10/2029,878.0,63.0,-,"13,253961","37,424029","37,975465",CSMGB9
Juros|Amortização,15/01/2030,939.0,61.0,-,"12,188134","37,424329","36,439132",CSMGB9
Juros|Amortização,15/04/2030,1001.0,62.0,-,"11,737577","37,424313","35,379899",CSMGB9
Juros|Amortização,15/07/2030,1063.0,62.0,-,"11,085484","37,424295","34,206458",CSMGB9
Juros|Amortização,15/10/2030,1129.0,66.0,-,"11,112722","37,423977","33,491061",CSMGB9
Juros|Amortização,15/01/2031,1191.0,62.0,-,"9,781304","37,424164","31,915509",CSMGB9
Juros|Amortização,15/04/2031,1252.0,61.0,-,"8,980714","37,424188","30,751538",CSMGB9
Juros|Amortização,15/07/2031,1314.0,62.0,-,"8,477123","37,423909","29,804114",CSMGB9
Juros|Amortização,15/10/2031,1380.0,66.0,-,"8,334536","37,4238","29,073938",CSMGB9
Juros|Amortização,15/01/2032,1443.0,63.0,-,"7,289665","37,423926","27,827952",CSMGB9
Juros|Amortização,15/04/2032,1505.0,62.0,-,"6,520867","37,423967","26,797872",CSMGB9
Juros|Amortização,15/07/2032,1568.0,63.0,-,"5,964271","37,423929","25,91625",CSMGB9
Juros|Amortização,15/10/2032,1632.0,64.0,-,"5,38648","37,423972","25,038925",CSMGB9
Juros|Amortização,17/01/2033,1696.0,64.0,-,"4,71317","37,423934","24,132142",CSMGB9
Juros|Amortização,18/04/2033,1758.0,62.0,-,"3,912521","37,424053","23,196179",CSMGB9
Juros|Amortização,15/07/2033,1820.0,62.0,-,"3,260433","37,423963","22,369725",CSMGB9
Juros|Amortização,17/10/2033,1884.0,64.0,-,"2,693239","37,423963","21,598755",CSMGB9
Juros|Amortização,16/01/2034,1947.0,63.0,-,"1,988089","37,423926","20,784271",CSMGB9
Juros|Amortização,17/04/2034,2009.0,62.0,-,"1,304174","37,423983","20,01169",CSMGB9
Juros|Amortização,17/07/2034,2071.0,62.0,-,"0,652087","37,423984","19,277906",CSMGB9
Juros,15/04/2026,3.0,124.0,-,"35,578845","0,00000000","35,549285",CEEBC3
Juros,15/10/2026,129.0,126.0,-,"36,160855","0,00000000","34,891282",CEEBC3
Juros,15/04/2027,252.0,123.0,-,"35,287938","0,00000000","32,908244",CEEBC3
Juros,15/10/2027,379.0,127.0,-,"36,451958","0,00000000","32,818458",CEEBC3
Juros,17/04/2028,505.0,126.0,-,"36,160855","0,00000000","31,43947",CEEBC3
Juros,16/10/2028,630.0,125.0,-,"35,869818","0,00000000","30,124874",CEEBC3
Juros,16/04/2029,752.0,122.0,-,"34,997094","0,00000000","28,415059",CEEBC3
Juros|Amortização,15/10/2029,878.0,126.0,-,"36,160855","419,984083","357,65035",CEEBC3
Juros,15/04/2030,1001.0,123.0,-,"23,525303","0,00000000","17,827531",CEEBC3
Juros|Amortização,15/10/2030,1129.0,128.0,-,"24,49543","419,984713","325,092471",CEEBC3
Juros,15/04/2031,1252.0,123.0,-,"11,762651","0,00000000","8,314955",CEEBC3
Juros|Amortização,15/10/2031,1380.0,128.0,-,"12,247714","419,984713","294,897198",CEEBC3
Juros,15/09/2026,108.0,126.0,-,"35,051786","0,00000000","34,021398",ELET14
Juros,15/03/2027,230.0,122.0,-,"33,922453","0,00000000","31,834024",ELET14
Juros,15/09/2027,358.0,128.0,-,"35,616864","0,00000000","32,262822",ELET14
Juros,15/03/2028,483.0,125.0,-,"34,76935","0,00000000","30,42605",ELET14
Juros,15/09/2028,610.0,127.0,-,"35,334292","0,00000000","29,854361",ELET14
Juros,15/03/2029,731.0,121.0,-,"33,64029","0,00000000","27,488647",ELET14
Juros|Amortização,17/09/2029,859.0,128.0,-,"35,616864","375,635126","324,372514",ELET14
Juros,15/03/2030,980.0,121.0,-,"22,427982","0,00000000","17,108364",ELET14
Juros|Amortização,16/09/2030,1108.0,128.0,-,"23,745763","375,691476","294,109622",ELET14
Juros,17/03/2031,1232.0,124.0,-,"11,496235","0,00000000","8,179723",ELET14
Juros|Amortização,15/09/2031,1358.0,126.0,-,"11,684513","375,691476","266,193868",ELET14
Juros,17/08/2026,88.0,124.0,-,"32,733069","0,00000000","31,945906",CMGDB0
Juros,15/02/2027,210.0,122.0,-,"32,197458","0,00000000","30,380443",CMGDB0
Juros,16/08/2027,337.0,127.0,-,"33,536965","0,00000000","30,552001",CMGDB0
Juros,15/02/2028,464.0,127.0,-,"33,536965","0,00000000","29,497353",CMGDB0
Juros,15/08/2028,588.0,124.0,-,"32,733069","0,00000000","27,81953",CMGDB0
Juros,15/02/2029,711.0,123.0,-,"32,465232","0,00000000","26,668924",CMGDB0
Juros,15/08/2029,837.0,126.0,-,"33,268937","0,00000000","26,39304",CMGDB0
Juros,15/02/2030,962.0,125.0,-,"33,000971","0,00000000","25,2907",CMGDB0
Juros,15/08/2030,1086.0,124.0,-,"32,733069","0,00000000","24,239555",CMGDB0
Juros,17/02/2031,1214.0,128.0,-,"33,805056","0,00000000","24,162554",CMGDB0
Juros,15/08/2031,1337.0,123.0,-,"32,465232","0,00000000","22,428674",CMGDB0
Juros|Amortização,16/02/2032,1463.0,126.0,-,"33,268937","366,282527","266,576174",CMGDB0
Juros,16/08/2032,1590.0,127.0,-,"22,357987","0,00000000","14,402062",CMGDB0
Juros|Amortização,15/02/2033,1717.0,127.0,-,"22,357987","366,283076","241,704124",CMGDB0
Juros,15/08/2033,1841.0,124.0,-,"10,911027","0,00000000","6,556993",CMGDB0
Juros|Amortização,15/02/2034,1969.0,128.0,-,"11,268356","366,283076","218,997183",CMGDB0
Juros,15/07/2026,65.0,123.0,-,"36,140967","0,00000000","35,513648",CLCD27
Juros,15/01/2027,191.0,126.0,-,"37,037353","0,00000000","35,179888",CLCD27
Juros,15/07/2027,315.0,124.0,-,"36,439682","0,00000000","33,475115",CLCD27
Juros,17/01/2028,443.0,128.0,-,"37,635343","0,00000000","33,401687",CLCD27
Juros,17/07/2028,567.0,124.0,-,"36,439682","0,00000000","31,278081",CLCD27
Juros,15/01/2029,690.0,123.0,-,"36,140967","0,00000000","30,01064",CLCD27
Juros,16/07/2029,815.0,125.0,-,"36,738478","0,00000000","29,496647",CLCD27
Juros,15/01/2030,939.0,124.0,-,"36,439682","0,00000000","28,29561",CLCD27
Juros,15/07/2030,1063.0,124.0,-,"36,439682","0,00000000","27,366046",CLCD27
Juros,15/01/2031,1191.0,128.0,-,"37,635343","0,00000000","27,306018",CLCD27
Juros,15/07/2031,1314.0,123.0,-,"36,140967","0,00000000","25,367183",CLCD27
Juros|Amortização,15/01/2032,1443.0,129.0,-,"37,934457","180,585272","148,139598",CLCD27
Juros|Amortização,15/07/2032,1568.0,125.0,-,"30,615385","180,584839","138,436585",CLCD27
Juros|Amortização,17/01/2033,1696.0,128.0,-,"25,090218","180,584839","130,245627",CLCD27
Juros|Amortização,15/07/2033,1820.0,124.0,-,"18,219833","180,584658","121,758897",CLCD27
Juros|Amortização,16/01/2034,1947.0,127.0,-,"12,445436","180,584929","114,246304",CLCD27
Juros|Amortização,17/07/2034,2071.0,124.0,-,"6,07328","180,58493","106,845593",CLCD27
Juros,15/09/2026,108.0,126.0,-,"38,26371","0,00000000","36,975495",BRKP28
Juros,15/03/2027,230.0,122.0,-,"37,033077","0,00000000","34,428306",BRKP28
Juros,15/09/2027,358.0,128.0,-,"38,87942","0,00000000","34,707097",BRKP28
Juros,15/03/2028,483.0,125.0,-,"37,955953","0,00000000","32,565984",BRKP28
Juros,15/09/2028,610.0,127.0,-,"38,571532","0,00000000","31,787879",BRKP28
Juros,15/03/2029,731.0,121.0,-,"36,725584","0,00000000","29,127286",BRKP28
Juros,17/09/2029,859.0,128.0,-,"38,87942","0,00000000","29,609",BRKP28
Juros,15/03/2030,980.0,121.0,-,"36,725584","0,00000000","26,915926",BRKP28
Juros,16/09/2030,1108.0,128.0,-,"38,87942","0,00000000","27,361068",BRKP28
Juros,17/03/2031,1232.0,124.0,-,"37,64826","0,00000000","25,473093",BRKP28
Juros|Amortização,15/09/2031,1358.0,126.0,-,"38,26371","350,277192","252,593171",BRKP28
Juros,15/03/2032,1483.0,125.0,-,"28,466964","0,00000000","17,787372",BRKP28
Juros|Amortização,15/09/2032,1611.0,128.0,-,"29,159566","525,415788","332,739127",BRKP28
Juros,15/03/2033,1735.0,124.0,-,"14,118097","0,00000000","8,144097",BRKP28
Juros|Amortização,15/09/2033,1863.0,128.0,-,"14,579782","394,061841","226,350818",BRKP28
Juros,15/03/2034,1987.0,124.0,-,"3,529523","0,00000000","1,879658",BRKP28
Juros|Amortização,15/09/2034,2114.0,127.0,-,"3,61608","131,353947","69,041572",BRKP28
Juros|Amortização,15/06/2026,43.0,122.0,-,"49,571327","3,442374","52,25765",RMSA12
Juros|Amortização,15/12/2026,170.0,127.0,-,"51,511012","3,442335","51,919596",RMSA12
Juros|Amortização,15/06/2027,293.0,123.0,-,"49,733791","3,442388","48,218089",RMSA12
Juros|Amortização,15/12/2027,420.0,127.0,-,"51,251508","3,442261","47,534193",RMSA12
Juros|Amortização,16/06/2028,546.0,126.0,-,"50,711793","3,442363","45,125346",RMSA12
Juros|Amortização,15/12/2028,671.0,125.0,-,"50,174274","3,442284","42,850238",RMSA12
Juros|Amortização,15/06/2029,794.0,123.0,-,"49,231429","3,442295","40,40211",RMSA12
Juros|Amortização,17/12/2029,920.0,126.0,-,"50,325664","3,442263","39,541559",RMSA12
Juros|Amortização,17/06/2030,1044.0,124.0,-,"49,385701","18,24426","47,717785",RMSA12
Juros|Amortização,16/12/2030,1171.0,127.0,-,"49,915084","18,244359","46,093806",RMSA12
Juros|Amortização,16/06/2031,1293.0,122.0,-,"47,254678","30,980964","50,795118",RMSA12
Juros|Amortização,15/12/2031,1422.0,129.0,-,"48,830804","30,980973","49,63289",RMSA12
Juros|Amortização,15/06/2032,1546.0,124.0,-,"45,764081","36,832888","49,280752",RMSA12
Juros|Amortização,15/12/2032,1673.0,127.0,-,"45,503555","36,832857","47,084781",RMSA12
Juros|Amortização,15/06/2033,1799.0,126.0,-,"43,761445","41,652079","46,831249",RMSA12
Juros|Amortização,15/12/2033,1925.0,126.0,-,"42,204054","41,652128","44,082343",RMSA12
Juros|Amortização,15/06/2034,2049.0,124.0,-,"39,989754","46,471402","43,607507",RMSA12
Juros|Amortização,15/12/2034,2175.0,126.0,-,"38,909074","46,471348","41,287539",RMSA12
Juros|Amortização,15/06/2035,2298.0,123.0,-,"36,270502","51,634904","40,797354",RMSA12
Juros|Amortização,17/12/2035,2424.0,126.0,-,"35,240834","51,634846","38,65762",RMSA12
Juros|Amortização,16/06/2036,2546.0,122.0,-,"32,233815","48,192512","34,358636",RMSA12
Juros|Amortização,15/12/2036,2675.0,129.0,-,"32,272626","48,192502","32,925368",RMSA12
Juros|Amortização,15/06/2037,2797.0,122.0,-,"28,746388","52,32334","31,84802",RMSA12
Juros|Amortização,15/12/2037,2924.0,127.0,-,"27,974244","52,323308","30,234405",RMSA12
Juros|Amortização,15/06/2038,3048.0,124.0,-,"25,376653","57,831024","30,058905",RMSA12
Juros|Amortização,15/12/2038,3174.0,126.0,-,"23,631183","57,831071","28,215429",RMSA12
Juros|Amortização,15/06/2039,3299.0,125.0,-,"21,295343","64,71568","28,57261",RMSA12
Juros|Amortização,15/12/2039,3426.0,127.0,-,"19,203099","64,715686","26,719627",RMSA12
Juros|Amortização,15/06/2040,3552.0,126.0,-,"16,629351","70,567641","26,619089",RMSA12
Juros|Amortização,17/12/2040,3678.0,126.0,-,"13,990794","70,567673","24,749662",RMSA12
Juros|Amortização,17/06/2041,3802.0,124.0,-,"11,168767","74,354223","24,016276",RMSA12
Juros|Amortização,16/12/2041,3929.0,127.0,-,"8,641394","74,354201","22,338461",RMSA12
Juros|Amortização,16/06/2042,4051.0,122.0,-,"5,604798","154,904605","41,476249",RMSA12
,,,,,,,,TEPA12
,,,,,,,,TEPA12
,,,,,,,,TEPA12
,,,,,,,,TEPA12
,,,,,,,,TEPA12
Juros|Amortização,15/04/2026,3.0,124.0,-,"34,885937","31,342462","66,165727",PLSB1A
Juros|Amortização,15/10/2026,129.0,126.0,-,"34,552157","31,342707","63,266162",PLSB1A
Juros|Amortização,15/04/2027,252.0,123.0,-,"32,835341","68,954235","94,008145",PLSB1A
Juros|Amortização,15/10/2027,379.0,127.0,-,"31,9126","68,953811","89,495826",PLSB1A
Juros|Amortização,17/04/2028,505.0,126.0,-,"29,667819","90,894257","102,801162",PLSB1A
Juros|Amortização,16/10/2028,630.0,125.0,-,"26,827054","90,893876","96,495961",PLSB1A
Juros|Amortização,16/04/2029,752.0,122.0,-,"23,635653","132,265961","122,966092",PLSB1A
Juros|Amortização,15/10/2029,878.0,126.0,-,"20,604659","132,266103","115,875143",PLSB1A
Juros|Amortização,15/04/2030,1001.0,123.0,-,"16,382364","139,475161","113,641219",PLSB1A
Juros|Amortização,15/10/2030,1129.0,128.0,-,"12,968112","139,475036","106,751257",PLSB1A
Juros|Amortização,15/04/2031,1252.0,123.0,-,"8,526598","151,38538","107,718014",PLSB1A
Juros|Amortização,15/10/2031,1380.0,128.0,-,"4,439121","151,38538","100,809177",PLSB1A
Juros|Amortização,15/07/2026,65.0,494.0,-,"42,793333","27,099705","68,459468",ACRC21
Juros|Amortização,15/01/2027,191.0,126.0,-,"42,869094","22,282178","61,302132",ACRC21
Juros|Amortização,15/07/2027,315.0,124.0,-,"41,378355","22,282059","57,577413",ACRC21
Juros|Amortização,17/01/2028,443.0,128.0,-,"41,913089","20,474771","54,170011",ACRC21
Juros|Amortização,17/07/2028,567.0,124.0,-,"39,846639","20,475082","50,345722",ACRC21
Juros|Amortização,15/01/2029,690.0,123.0,-,"38,792175","20,474854","47,563136",ACRC21
Juros|Amortização,16/07/2029,815.0,125.0,-,"38,694691","20,475501","45,630145",ACRC21
Juros|Amortização,15/01/2030,939.0,124.0,-,"37,646142","20,475096","43,083774",ACRC21
Juros|Amortização,15/07/2030,1063.0,124.0,-,"36,912644","20,474921","40,890902",ACRC21
Juros|Amortização,15/01/2031,1191.0,128.0,-,"37,367556","21,679891","40,391145",ACRC21
Juros|Amortização,15/07/2031,1314.0,123.0,-,"35,111978","21,679949","37,354259",ACRC21
Juros|Amortização,15/01/2032,1443.0,129.0,-,"36,047762","24,088542","37,960151",ACRC21
Juros|Amortização,15/07/2032,1568.0,125.0,-,"34,040031","24,08856","35,259207",ACRC21
Juros|Amortização,17/01/2033,1696.0,128.0,-,"33,980633","24,089114","33,814955",ACRC21
Juros|Amortização,15/07/2033,1820.0,124.0,-,"32,036979","24,088625","31,41593",ACRC21
Juros|Amortização,16/01/2034,1947.0,127.0,-,"31,941919","24,088946","30,118326",ACRC21
Juros|Amortização,17/07/2034,2071.0,124.0,-,"30,311072","24,088852","28,108121",ACRC21
Juros|Amortização,15/01/2035,2194.0,123.0,-,"29,20646","24,088612","26,478236",ACRC21
Juros|Amortização,16/07/2035,2319.0,125.0,-,"28,819808","24,088893","25,259261",ACRC21
Juros|Amortização,15/01/2036,2443.0,124.0,-,"27,72221","24,088316","23,776151",ACRC21
Juros|Amortização,15/07/2036,2567.0,124.0,-,"26,859273","24,089003","22,474139",ACRC21
Juros|Amortização,15/01/2037,2696.0,129.0,-,"27,063862","46,972612","31,342741",ACRC21
Juros|Amortização,15/07/2037,2819.0,123.0,-,"24,11405","46,972638","28,936634",ACRC21
Juros|Amortização,15/01/2038,2945.0,126.0,-,"23,002408","48,177216","27,833543",ACRC21
Juros|Amortização,15/07/2038,3069.0,124.0,-,"20,904933","48,177092","25,966169",ACRC21
Juros|Amortização,17/01/2039,3197.0,128.0,-,"19,809031","49,983781","25,184287",ACRC21
Juros|Amortização,15/07/2039,3321.0,124.0,-,"17,38843","49,984136","23,368566",ACRC21
Juros|Amortização,16/01/2040,3448.0,127.0,-,"15,982013","51,188521","22,373935",ACRC21
Juros|Amortização,16/07/2040,3573.0,125.0,-,"13,877013","51,188433","20,825984",ACRC21
Juros|Amortização,15/01/2041,3697.0,124.0,-,"11,930264","38,300926","15,45463",ACRC21
Juros|Amortização,15/07/2041,3821.0,124.0,-,"10,558176","38,300928","14,44976",ACRC21
Juros|Amortização,15/01/2042,3949.0,128.0,-,"9,48783","40,107474","14,080946",ACRC21
Juros|Amortização,15/07/2042,4072.0,123.0,-,"7,685691","40,107608","13,047484",ACRC21
Juros|Amortização,15/01/2043,4201.0,129.0,-,"6,571697","42,757352","12,924096",ACRC21
Juros|Amortização,15/07/2043,4324.0,123.0,-,"4,741507","42,757357","11,966004",ACRC21
Juros|Amortização,15/01/2044,4450.0,126.0,-,"3,30235","45,407132","11,787793",ACRC21
Juros|Amortização,15/07/2044,4575.0,125.0,-,"1,635661","45,286691","10,911647",ACRC21
Juros|Amortização,15/09/2026,108.0,126.0,-,"33,147952","693,17736","699,692575",ARTR19
Juros,15/03/2027,230.0,122.0,-,"16,041776","0,00000000","14,814995",ARTR19
Juros|Amortização,15/09/2027,358.0,128.0,-,"16,840225","693,17736","627,321013",ARTR19
Juros,15/05/2026,23.0,121.0,-,"49,344382","0,00000000","48,921202",ANET12
Juros,16/11/2026,150.0,127.0,-,"51,844529","0,00000000","49,012604",ANET12
Juros,17/05/2027,273.0,123.0,-,"50,177196","0,00000000","45,300939",ANET12
Juros|Amortização,16/11/2027,399.0,126.0,-,"51,427484","293,213407","296,80806",ANET12
Juros,15/05/2028,523.0,124.0,-,"37,945363","0,00000000","31,196145",ANET12
Juros|Amortização,16/11/2028,651.0,128.0,-,"39,196288","293,213114","260,494359",ANET12
Juros,15/05/2029,772.0,121.0,-,"24,672204","0,00000000","18,477968",ANET12
Juros|Amortização,16/11/2029,900.0,128.0,-,"26,130871","293,213554","227,97562",ANET12
Juros,15/05/2030,1021.0,121.0,-,"12,336101","0,00000000","8,416435",ANET12
Juros|Amortização,18/11/2030,1152.0,131.0,-,"13,378539","293,213554","199,161852",ANET12
Juros|Amortização,15/09/2026,108.0,126.0,-,"16,984448","102,442178","114,639478",ANET11
Juros|Amortização,15/03/2027,230.0,122.0,-,"13,699527","102,388879","106,402491",ANET11
Juros|Amortização,15/09/2027,358.0,128.0,-,"11,508991","102,434979","99,49406",ANET11
Juros|Amortização,15/03/2028,483.0,125.0,-,"8,428937","102,411025","92,307834",ANET11
Juros|Amortização,15/09/2028,610.0,127.0,-,"5,714152","102,405763","85,813429",ANET11
Juros|Amortização,15/03/2029,731.0,121.0,-,"2,725763","102,816209","80,014591",ANET11
,,,,,,,,ALGAB1
,,,,,,,,ALGAB1
,,,,,,,,ALGAB1
,,,,,,,,ALGAB1
,,,,,,,,ALGAB1
,,,,,,,,RIS424
,,,,,,,,RIS424
,,,,,,,,RIS424
,,,,,,,,RIS424
,,,,,,,,RIS424
,,,,,,,,RIS422
,,,,,,,,RIS422
,,,,,,,,RIS422
,,,,,,,,RIS422
,,,,,,,,RIS422
,,,,,,,,GSTS24
,,,,,,,,GSTS24
,,,,,,,,GSTS24
,,,,,,,,GSTS24
,,,,,,,,GSTS24
,,,,,,,,GSTS14
,,,,,,,,GSTS14
,,,,,,,,GSTS14
,,,,,,,,GSTS14
,,,,,,,,GSTS14
Juros,15/09/2026,108.0,126.0,-,"35,069838","0,00000000","34,019562",AESOA1
Juros,15/03/2027,230.0,122.0,-,"33,939464","0,00000000","31,811425",AESOA1
Juros,15/09/2027,358.0,128.0,-,"35,635449","0,00000000","32,218845",AESOA1
Juros|Amortização,15/03/2028,483.0,125.0,-,"34,787139","43,875828","68,661684",AESOA1
Juros|Amortização,15/09/2028,610.0,127.0,-,"33,938503","43,876179","65,535637",AESOA1
Juros|Amortização,15/03/2029,731.0,121.0,-,"30,964471","43,875549","60,919361",AESOA1
Juros|Amortização,17/09/2029,859.0,128.0,-,"31,359193","43,876262","59,073619",AESOA1
Juros|Amortização,15/03/2030,980.0,121.0,-,"28,271903","43,87576","54,751845",AESOA1
Juros|Amortização,16/09/2030,1108.0,128.0,-,"28,508344","43,875806","52,987027",AESOA1
Juros|Amortização,17/03/2031,1232.0,124.0,-,"26,223414","43,876156","49,554156",AESOA1
Juros|Amortização,15/09/2031,1358.0,126.0,-,"25,250259","43,876137","47,163146",AESOA1
Juros|Amortização,15/03/2032,1483.0,125.0,-,"23,65522","43,876116","44,481619",AESOA1
Juros|Amortização,15/09/2032,1611.0,128.0,-,"22,806643","43,875743","42,367804",AESOA1
Juros|Amortização,15/03/2033,1735.0,124.0,-,"20,702665","54,84446","46,353382",AESOA1
Juros|Amortização,15/09/2033,1863.0,128.0,-,"19,599466","54,844645","44,059891",AESOA1
Juros|Amortização,15/03/2034,1987.0,124.0,-,"17,25223","54,844705","41,206766",AESOA1
Juros|Amortização,15/09/2034,2114.0,127.0,-,"15,90865","54,84465","39,018474",AESOA1
Juros|Amortização,15/03/2035,2235.0,121.0,-,"13,462801","54,844713","36,408059",AESOA1
Juros|Amortização,17/09/2035,2363.0,128.0,-,"12,47239","54,844658","34,610167",AESOA1
Juros|Amortização,17/03/2036,2485.0,122.0,-,"10,181826","65,813666","37,752842",AESOA1
Juros|Amortização,15/09/2036,2611.0,126.0,-,"8,41675","65,813666","35,590807",AESOA1
Juros|Amortização,16/03/2037,2736.0,125.0,-,"6,261677","65,813601","33,362506",AESOA1
Juros|Amortização,15/09/2037,2862.0,126.0,-,"4,208377","65,813699","31,282499",AESOA1
Juros|Amortização,15/03/2038,2984.0,122.0,-,"2,036366","65,813699","29,288688",AESOA1
Juros,15/09/2026,108.0,126.0,-,"33,888117","0,00000000","32,889662",TIET29
Juros|Amortização,15/03/2027,230.0,122.0,-,"32,800266","484,860612","485,719658",TIET29
Juros,15/09/2027,358.0,128.0,-,"22,956039","0,00000000","20,789502",TIET29
Juros|Amortização,15/03/2028,483.0,125.0,-,"22,411838","484,860612","443,768",TIET29
Juros,15/09/2028,610.0,127.0,-,"11,38901","0,00000000","9,618951",TIET29
Juros|Amortização,15/03/2029,731.0,121.0,-,"10,844977","485,006085","404,987502",TIET29
Juros|Amortização,15/04/2026,3.0,-,-,0,0,"14,47",CRA Ferroeste 2ª Série
Juros|Amortização,15/04/2027,250.0,-,-,0,0,"65,43",CRA Ferroeste 2ª Série
Juros|Amortização,15/04/2028,500.0,-,-,0,0,"58,0",CRA Ferroeste 2ª Série
Juros|Amortização,15/04/2029,746.0,-,-,0,0,"51,24",CRA Ferroeste 2ª Série
Juros|Amortização,15/04/2030,994.0,-,-,0,0,"45,15",CRA Ferroeste 2ª Série
Juros|Amortização,15/04/2031,1243.0,-,-,0,0,"39,67",CRA Ferroeste 2ª Série
Juros|Amortização,15/01/2027,189.0,-,-,0,0,"67,62",CRA Ferroeste 2ª Série
Juros|Amortização,15/01/2028,438.0,-,-,0,0,"60,11",CRA Ferroeste 2ª Série
Juros|Amortização,15/01/2029,685.0,-,-,0,0,"52,66",CRA Ferroeste 2ª Série
Juros|Amortização,15/01/2030,932.0,-,-,0,0,"46,56",CRA Ferroeste 2ª Série
Juros|Amortização,15/01/2031,1182.0,-,-,0,0,"40,97",CRA Ferroeste 2ª Série
Juros|Amortização,15/07/2026,65.0,-,-,0,0,"71,84",CRA Ferroeste 2ª Série
Juros|Amortização,15/07/2027,313.0,-,-,0,0,"63,8",CRA Ferroeste 2ª Série
Juros|Amortização,15/07/2028,562.0,-,-,0,0,"56,23",CRA Ferroeste 2ª Série
Juros|Amortização,15/07/2029,809.0,-,-,0,0,"49,71",CRA Ferroeste 2ª Série
Juros|Amortização,15/07/2030,1056.0,-,-,0,0,"43,73",CRA Ferroeste 2ª Série
Juros|Amortização,15/10/2026,129.0,-,-,0,0,"70,09",CRA Ferroeste 2ª Série
Juros|Amortização,15/10/2027,377.0,-,-,0,0,"61,98",CRA Ferroeste 2ª Série
Juros|Amortização,15/10/2028,625.0,-,-,0,0,"54,6",CRA Ferroeste 2ª Série
Juros|Amortização,15/10/2029,873.0,-,-,0,0,"48,13",CRA Ferroeste 2ª Série
Juros|Amortização,15/10/2030,1122.0,-,-,0,0,"42,39",CRA Ferroeste 2ª Série
Juros|Amortização,16/04/2026,4.0,-,-,0,0,"3,75",CRI Bem Brasil
Juros|Amortização,16/04/2027,251.0,-,-,0,0,"2,71",CRI Bem Brasil
Juros|Amortização,16/08/2028,585.0,-,-,0,0,"1,54",CRI Bem Brasil
Juros|Amortização,16/08/2029,833.0,-,-,0,0,"0,74",CRI Bem Brasil
Juros|Amortização,16/12/2026,171.0,-,-,0,0,"2,53",CRI Bem Brasil
Juros|Amortização,16/12/2027,419.0,-,-,0,0,"1,63",CRI Bem Brasil
Juros|Amortização,16/02/2027,209.0,-,-,0,0,"2,38",CRI Bem Brasil
Juros|Amortização,16/02/2028,461.0,-,-,0,0,"1,61",CRI Bem Brasil
Juros|Amortização,16/02/2029,707.0,-,-,0,0,"0,74",CRI Bem Brasil
Juros|Amortização,16/01/2029,686.0,-,-,0,0,"0,67",CRI Bem Brasil
Juros|Amortização,16/07/2026,66.0,-,-,0,0,"3,85",CRI Bem Brasil
Juros|Amortização,16/07/2027,314.0,-,-,0,0,"2,66",CRI Bem Brasil
Juros|Amortização,16/06/2026,44.0,-,-,0,0,"3,53",CRI Bem Brasil
Juros|Amortização,16/06/2027,292.0,-,-,0,0,"2,43",CRI Bem Brasil
Juros|Amortização,16/05/2028,520.0,-,-,0,0,"1,35",CRI Bem Brasil
Juros|Amortização,16/05/2029,768.0,-,-,0,0,"0,69",CRI Bem Brasil
Juros|Amortização,16/03/2027,229.0,-,-,0,0,"2,49",CRI Bem Brasil
Juros|Amortização,16/03/2028,480.0,-,-,0,0,"1,45",CRI Bem Brasil
Juros|Amortização,16/03/2029,727.0,-,-,0,0,"0,7",CRI Bem Brasil
Juros|Amortização,16/10/2026,130.0,-,-,0,0,"2,7",CRI Bem Brasil
Juros|Amortização,16/09/2026,109.0,-,-,0,0,"209,43",CRI Bem Brasil
Juros|Amortização,16/09/2027,357.0,-,-,0,0,"191,97",CRI Bem Brasil
Juros|Amortização,17/04/2029,748.0,-,-,0,0,"0,73",CRI Bem Brasil
Juros|Amortização,17/08/2027,336.0,-,-,0,0,"2,64",CRI Bem Brasil
Juros|Amortização,17/07/2029,811.0,-,-,0,0,"0,72",CRI Bem Brasil
Juros|Amortização,17/11/2026,151.0,-,-,0,0,"2,68",CRI Bem Brasil
Juros|Amortização,17/11/2027,398.0,-,-,0,0,"1,57",CRI Bem Brasil
Juros|Amortização,17/11/2028,648.0,-,-,0,0,"0,76",CRI Bem Brasil
Juros|Amortização,17/10/2028,627.0,-,-,0,0,"0,72",CRI Bem Brasil
Juros|Amortização,18/04/2028,502.0,-,-,0,0,"1,66",CRI Bem Brasil
Juros|Amortização,18/08/2026,89.0,-,-,0,0,"4,0",CRI Bem Brasil
Juros|Amortização,18/12/2028,668.0,-,-,0,0,"0,71",CRI Bem Brasil
Juros|Amortização,18/01/2027,190.0,-,-,0,0,"2,64",CRI Bem Brasil
Juros|Amortização,18/01/2028,440.0,-,-,0,0,"1,78",CRI Bem Brasil
Juros|Amortização,18/07/2028,564.0,-,-,0,0,"1,55",CRI Bem Brasil
Juros|Amortização,18/06/2029,790.0,-,-,0,0,"0,75",CRI Bem Brasil
Juros|Amortização,18/05/2026,24.0,-,-,0,0,"3,55",CRI Bem Brasil
Juros|Amortização,18/05/2027,272.0,-,-,0,0,"2,57",CRI Bem Brasil
Juros|Amortização,18/10/2027,378.0,-,-,0,0,"1,65",CRI Bem Brasil
Juros|Amortização,18/09/2028,607.0,-,-,0,0,"175,77",CRI Bem Brasil
Juros|Amortização,18/09/2029,855.0,-,-,0,0,"160,94",CRI Bem Brasil
Juros|Amortização,19/06/2028,543.0,-,-,0,0,"1,71",CRI Bem Brasil
Juros|Amortização,21/05/2026,27.0,-,-,0,0,"0,37",CRI Vic Engenharia 1ª Emissão
Juros|Amortização,22/04/2026,7.0,-,-,0,0,"30,48",CRI Vic Engenharia 1ª Emissão
Juros|Amortização,22/06/2026,48.0,-,-,0,0,"29,78",CRI Vic Engenharia 1ª Emissão
Juros|Amortização,23/06/2026,49.0,-,-,0,0,"29,94",CRI Vic Engenharia 1ª Emissão
Juros|Amortização,30/04/2026,13.0,-,-,0,0,"737,59",BRFS31
Juros|Amortização,30/04/2026,13.0,-,-,0,0,"736,3",TBCR18
