Dados do evento,Data de pagamento,Prazos (dias úteis),Dias entre pagamentos,Expectativa de juros (%),Juros projetados,Amortizações,Fluxo descontado (R$),Ativo
Juros,17/08/2026,40.0,124.0,-,"43,228036","0,00000000","42,557311",WNTY12
Juros,15/02/2027,162.0,122.0,-,"42,516786","0,00000000","39,907596",WNTY12
Juros,16/08/2027,289.0,127.0,-,"44,295783","0,00000000","39,563534",WNTY12
Juros,15/02/2028,416.0,127.0,-,"44,295783","0,00000000","37,647196",WNTY12
Juros,15/08/2028,540.0,124.0,-,"43,228036","0,00000000","35,001178",WNTY12
Juros,15/02/2029,663.0,123.0,-,"42,872354","0,00000000","33,083479",WNTY12
Juros|Amortização,15/08/2029,789.0,126.0,-,"43,93975","80,219051","91,20501",WNTY12
Juros|Amortização,15/02/2030,914.0,125.0,-,"40,231235","80,218816","84,260744",WNTY12
Juros|Amortização,15/08/2030,1038.0,124.0,-,"36,577584","80,219086","77,838717",WNTY12
Juros|Amortização,17/02/2031,1166.0,128.0,-,"34,347658","80,219175","72,62596",WNTY12
Juros|Amortização,15/08/2031,1289.0,123.0,-,"29,680875","80,219095","66,396814",WNTY12
Juros|Amortização,16/02/2032,1415.0,126.0,-,"27,039864","80,219184","61,686615",WNTY12
Juros|Amortização,16/08/2032,1542.0,127.0,-,"23,851591","80,219104","56,95384",WNTY12
Juros|Amortização,15/02/2033,1669.0,127.0,-,"20,444224","80,219358","52,420902",WNTY12
Juros|Amortização,15/08/2033,1793.0,124.0,-,"16,626174","80,219167","48,046056",WNTY12
Juros|Amortização,15/02/2034,1921.0,128.0,-,"13,739061","80,219167","44,338562",WNTY12
Juros|Amortização,15/08/2034,2044.0,123.0,-,"9,893624","80,219086","40,527473",WNTY12
Juros|Amortização,15/02/2035,2167.0,123.0,-,"6,595752","80,219207","37,21129",WNTY12
Juros|Amortização,15/08/2035,2293.0,126.0,-,"3,379983","80,219207","34,110616",WNTY12
Juros,15/12/2026,122.0,127.0,-,"35,905538","0,00000000","34,499863",VLIM13
Juros,15/06/2027,245.0,123.0,-,"34,759157","0,00000000","32,080339",VLIM13
Juros,15/12/2027,372.0,127.0,-,"35,905538","0,00000000","31,788957",VLIM13
Juros,16/06/2028,498.0,126.0,-,"35,618848","0,00000000","30,260911",VLIM13
Juros|Amortização,15/12/2028,623.0,125.0,-,"35,332219","1.256,47698","1.053,488884",VLIM13
Juros,15/12/2026,122.0,127.0,-,"41,877946","0,00000000","39,240214",VAMO33
Juros,15/06/2027,245.0,123.0,-,"40,53901","0,00000000","35,574069",VAMO33
Juros,15/12/2027,372.0,127.0,-,"41,877946","0,00000000","34,342651",VAMO33
Juros,16/06/2028,498.0,126.0,-,"41,54309","0,00000000","31,854213",VAMO33
Juros,15/12/2028,623.0,125.0,-,"41,208315","0,00000000","29,559982",VAMO33
Juros|Amortização,15/06/2029,746.0,123.0,-,"40,53901","442,244607","324,329352",VAMO33
Juros,17/12/2029,872.0,126.0,-,"27,695406","0,00000000","17,396468",VAMO33
Juros|Amortização,17/06/2030,996.0,124.0,-,"27,249094","442,245271","276,036538",VAMO33
Juros,16/12/2030,1123.0,127.0,-,"13,959322","0,00000000","7,669879",VAMO33
Juros|Amortização,16/06/2031,1245.0,122.0,-,"13,4015","442,245271","234,584078",VAMO33
Juros,15/10/2026,81.0,126.0,-,"34,205855","0,00000000","33,421497",VALEA0
Juros,15/04/2027,204.0,123.0,-,"33,37907","0,00000000","31,484827",VALEA0
Juros,15/10/2027,331.0,127.0,-,"34,481585","0,00000000","31,363059",VALEA0
Juros,17/04/2028,457.0,126.0,-,"34,205855","0,00000000","30,009595",VALEA0
Juros,16/10/2028,582.0,125.0,-,"33,930192","0,00000000","28,720955",VALEA0
Juros,16/04/2029,704.0,122.0,-,"33,103609","0,00000000","27,059135",VALEA0
Juros,15/10/2029,830.0,126.0,-,"34,205855","0,00000000","26,969165",VALEA0
Juros,15/04/2030,953.0,123.0,-,"33,37907","0,00000000","25,406387",VALEA0
Juros,15/10/2030,1081.0,128.0,-,"34,757382","0,00000000","25,503247",VALEA0
Juros,15/04/2031,1204.0,123.0,-,"33,37907","0,00000000","23,644181",VALEA0
Juros,15/10/2031,1332.0,128.0,-,"34,757382","0,00000000","23,734323",VALEA0
Juros,15/04/2032,1457.0,125.0,-,"33,930192","0,00000000","22,354706",VALEA0
Juros,15/10/2032,1584.0,127.0,-,"34,481585","0,00000000","21,90655",VALEA0
Juros,18/04/2033,1710.0,126.0,-,"34,205855","0,00000000","20,961179",VALEA0
Juros,17/10/2033,1836.0,126.0,-,"34,205855","0,00000000","20,21828",VALEA0
Juros,17/04/2034,1961.0,125.0,-,"33,930192","0,00000000","19,350088",VALEA0
Juros|Amortização,16/10/2034,2086.0,125.0,-,"33,930192","1.088,50072","617,602619",VALEA0
Juros,16/11/2026,102.0,127.0,-,"35,797858","0,00000000","34,735243",VALEB1
Juros,17/05/2027,225.0,123.0,-,"34,65194","0,00000000","32,423497",VALEB1
Juros,16/11/2027,351.0,126.0,-,"35,511265","0,00000000","32,013454",VALEB1
Juros,15/05/2028,475.0,124.0,-,"34,938305","0,00000000","30,363995",VALEB1
Juros,16/11/2028,603.0,128.0,-,"36,084525","0,00000000","30,196427",VALEB1
Juros,15/05/2029,724.0,121.0,-,"34,079435","0,00000000","27,517092",VALEB1
Juros,16/11/2029,852.0,128.0,-,"36,084525","0,00000000","28,054894",VALEB1
Juros,15/05/2030,973.0,121.0,-,"34,079435","0,00000000","25,565578",VALEB1
Juros,18/11/2030,1104.0,131.0,-,"36,944986","0,00000000","26,663142",VALEB1
Juros,15/05/2031,1224.0,120.0,-,"33,793298","0,00000000","23,539124",VALEB1
Juros,17/11/2031,1355.0,131.0,-,"36,944986","0,00000000","24,757558",VALEB1
Juros|Amortização,17/05/2032,1478.0,123.0,-,"34,65194","1.048,55026","699,972261",VALEB1
Juros,15/10/2026,81.0,126.0,-,"34,398965","0,00000000","33,631566",VALEC0
Juros,15/04/2027,204.0,123.0,-,"33,567443","0,00000000","31,713275",VALEC0
Juros,15/10/2027,331.0,127.0,-,"34,676276","0,00000000","31,622234",VALEC0
Juros,17/04/2028,457.0,126.0,-,"34,398965","0,00000000","30,287519",VALEC0
Juros,16/10/2028,582.0,125.0,-,"34,121722","0,00000000","29,015393",VALEC0
Juros,16/04/2029,704.0,122.0,-,"33,290405","0,00000000","27,362684",VALEC0
Juros,15/10/2029,830.0,126.0,-,"34,398965","0,00000000","27,298779",VALEC0
Juros,15/04/2030,953.0,123.0,-,"33,567443","0,00000000","25,7417",VALEC0
Juros,15/10/2030,1081.0,128.0,-,"34,953655","0,00000000","25,865916",VALEC0
Juros,15/04/2031,1204.0,123.0,-,"33,567443","0,00000000","24,003504",VALEC0
Juros,15/10/2031,1332.0,128.0,-,"34,953655","0,00000000","24,119332",VALEC0
Juros,15/04/2032,1457.0,125.0,-,"34,121722","0,00000000","22,7396",VALEC0
Juros,15/10/2032,1584.0,127.0,-,"34,676276","0,00000000","22,305995",VALEC0
Juros,18/04/2033,1710.0,126.0,-,"34,398965","0,00000000","21,364501",VALEC0
Juros,17/10/2033,1836.0,126.0,-,"34,398965","0,00000000","20,627708",VALEC0
Juros,17/04/2034,1961.0,125.0,-,"34,121722","0,00000000","19,76131",VALEC0
Juros,16/10/2034,2086.0,125.0,-,"34,121722","0,00000000","19,085121",VALEC0
Juros,16/04/2035,2208.0,122.0,-,"33,290405","0,00000000","17,998038",VALEC0
Juros,15/10/2035,2334.0,126.0,-,"34,398965","0,00000000","17,956004",VALEC0
Juros,15/04/2036,2457.0,123.0,-,"33,567443","0,00000000","16,931822",VALEC0
Juros,15/10/2036,2585.0,128.0,-,"34,953655","0,00000000","17,013526",VALEC0
Juros,15/04/2037,2709.0,124.0,-,"33,844548","0,00000000","15,914412",VALEC0
Juros,15/10/2037,2835.0,126.0,-,"34,398965","0,00000000","15,617284",VALEC0
Juros,15/04/2038,2959.0,124.0,-,"33,844548","0,00000000","14,843933",VALEC0
Juros,15/10/2038,3085.0,126.0,-,"34,398965","0,00000000","14,566791",VALEC0
Juros,15/04/2039,3210.0,125.0,-,"34,121722","0,00000000","13,954961",VALEC0
Juros|Amortização,17/10/2039,3337.0,127.0,-,"34,676276","1.088,50072","443,387226",VALEC0
Juros|Amortização,15/07/2026,17.0,123.0,-,"38,677157","7,158058","45,572371",UNEG11
Juros|Amortização,15/01/2027,143.0,126.0,-,"39,4253","7,873052","45,064693",UNEG11
Juros|Amortização,15/07/2027,267.0,124.0,-,"38,564612","7,872862","42,42686",UNEG11
Juros|Amortização,17/01/2028,395.0,128.0,-,"39,593508","12,16749","45,286542",UNEG11
Juros|Amortização,17/07/2028,519.0,124.0,-,"37,989358","12,167814","42,080554",UNEG11
Juros|Amortização,15/01/2029,642.0,123.0,-,"37,332255","16,463168","43,293485",UNEG11
Juros|Amortização,16/07/2029,767.0,125.0,-,"37,471547","16,46235","41,607728",UNEG11
Juros|Amortização,15/01/2030,891.0,124.0,-,"36,694965","18,61034","40,912958",UNEG11
Juros|Amortização,15/07/2030,1015.0,124.0,-,"36,16076","18,610256","38,853199",UNEG11
Juros|Amortização,15/01/2031,1143.0,128.0,-,"36,792672","14,315282","34,718319",UNEG11
Juros|Amortização,15/07/2031,1266.0,123.0,-,"34,927638","14,315791","32,088344",UNEG11
Juros|Amortização,15/01/2032,1395.0,129.0,-,"36,228888","17,178793","33,315783",UNEG11
Juros|Amortização,15/07/2032,1520.0,125.0,-,"34,592268","17,178056","30,957235",UNEG11
Juros|Amortização,17/01/2033,1648.0,128.0,-,"34,925438","53,682396","50,739668",UNEG11
Juros|Amortização,15/07/2033,1772.0,124.0,-,"32,277563","53,682075","47,201084",UNEG11
Juros|Amortização,16/01/2034,1899.0,127.0,-,"31,491091","82,313412","59,86293",UNEG11
Juros|Amortização,17/07/2034,2023.0,124.0,-,"28,373846","82,313023","55,831144",UNEG11
Juros|Amortização,15/01/2035,2146.0,123.0,-,"25,798346","86,60795","54,387597",UNEG11
Juros|Amortização,16/07/2035,2271.0,125.0,-,"23,717448","86,607688","51,170385",UNEG11
Juros|Amortização,15/01/2036,2395.0,124.0,-,"21,038958","91,617911","50,105313",UNEG11
Juros|Amortização,15/07/2036,2519.0,124.0,-,"18,409088","91,617819","46,925283",UNEG11
Juros|Amortização,15/01/2037,2648.0,129.0,-,"16,424894","97,343862","46,449207",UNEG11
Juros|Amortização,15/07/2037,2771.0,123.0,-,"12,878795","97,344142","43,167419",UNEG11
Juros|Amortização,15/01/2038,2897.0,126.0,-,"10,357491","102,354267","42,300099",UNEG11
Juros|Amortização,15/07/2038,3021.0,124.0,-,"7,252694","102,354453","39,445088",UNEG11
Juros|Amortização,17/01/2039,3149.0,128.0,-,"4,45586","85,891967","31,136227",UNEG11
Juros|Amortização,15/07/2039,3273.0,124.0,-,"1,849127","64,418864","21,899488",UNEG11
Juros,15/10/2026,81.0,126.0,-,"52,455901","0,00000000","50,933013",UTPS21
Juros,15/04/2027,204.0,123.0,-,"51,18478","0,00000000","47,524379",UTPS21
Juros,15/10/2027,331.0,127.0,-,"52,879851","0,00000000","46,881832",UTPS21
Juros,17/04/2028,457.0,126.0,-,"52,455901","0,00000000","44,422747",UTPS21
Juros|Amortização,16/10/2028,582.0,125.0,-,"52,032072","1,424577","43,258101",UTPS21
Juros|Amortização,16/04/2029,704.0,122.0,-,"50,710555","72,674743","95,511946",UTPS21
Juros|Amortização,15/10/2029,830.0,126.0,-,"49,72741","72,674649","90,506487",UTPS21
Juros|Amortização,15/04/2030,953.0,123.0,-,"45,911221","80,542531","89,411483",UTPS21
Juros|Amortização,15/10/2030,1081.0,128.0,-,"44,798341","80,542162","84,592876",UTPS21
Juros|Amortização,15/04/2031,1204.0,123.0,-,"40,123483","71,510226","72,045739",UTPS21
Juros|Amortização,15/10/2031,1332.0,128.0,-,"39,108944","71,511104","68,143992",UTPS21
Juros|Amortização,15/04/2032,1457.0,125.0,-,"35,56388","90,922928","74,454959",UTPS21
Juros|Amortização,15/10/2032,1584.0,127.0,-,"32,768307","90,923165","69,522742",UTPS21
Juros|Amortização,18/04/2033,1710.0,126.0,-,"29,157617","86,923939","62,322815",UTPS21
Juros|Amortização,17/10/2033,1836.0,126.0,-,"25,956897","86,923235","57,889267",UTPS21
Juros|Amortização,17/04/2034,1961.0,125.0,-,"22,572341","84,621509","52,529719",UTPS21
Juros|Amortização,16/10/2034,2086.0,125.0,-,"19,481578","84,62122","48,747492",UTPS21
Juros|Amortização,16/04/2035,2208.0,122.0,-,"15,990519","96,720738","50,487716",UTPS21
Juros|Amortização,15/10/2035,2334.0,126.0,-,"12,96288","96,720823","46,930722",UTPS21
Juros|Amortização,15/04/2036,2457.0,123.0,-,"9,173603","127,660132","55,985932",UTPS21
Juros|Amortização,15/10/2036,2585.0,128.0,-,"4,776703","127,660132","51,721999",UTPS21
Juros,15/10/2026,81.0,126.0,-,"36,85497","0,00000000","35,955418",UHSM12
Juros,15/04/2027,204.0,123.0,-,"35,965304","0,00000000","33,795253",UHSM12
Juros,15/10/2027,331.0,127.0,-,"37,15166","0,00000000","33,583342",UHSM12
Juros,17/04/2028,457.0,126.0,-,"36,85497","0,00000000","32,058853",UHSM12
Juros,16/10/2028,582.0,125.0,-,"36,558349","0,00000000","30,610977",UHSM12
Juros,16/04/2029,704.0,122.0,-,"35,66888","0,00000000","28,775062",UHSM12
Juros,15/10/2029,830.0,126.0,-,"36,85497","0,00000000","28,610739",UHSM12
Juros,15/04/2030,953.0,123.0,-,"35,965304","0,00000000","26,891835",UHSM12
Juros,15/10/2030,1081.0,128.0,-,"37,448416","0,00000000","26,928453",UHSM12
Juros,15/04/2031,1204.0,123.0,-,"35,965304","0,00000000","24,909521",UHSM12
Juros,15/10/2031,1332.0,128.0,-,"37,448416","0,00000000","24,943439",UHSM12
Juros,15/04/2032,1457.0,125.0,-,"36,558349","0,00000000","23,43949",UHSM12
Juros,15/10/2032,1584.0,127.0,-,"37,15166","0,00000000","22,914666",UHSM12
Juros,18/04/2033,1710.0,126.0,-,"36,85497","0,00000000","21,874473",UHSM12
Juros|Amortização,17/10/2033,1836.0,126.0,-,"36,85497","321,176075","204,488289",UHSM12
Juros,17/04/2034,1961.0,125.0,-,"27,418761","0,00000000","15,0742",UHSM12
Juros|Amortização,16/10/2034,2086.0,125.0,-,"27,418761","321,175753","184,478484",UHSM12
Juros,16/04/2035,2208.0,122.0,-,"17,834448","0,00000000","9,093289",UHSM12
Juros|Amortização,15/10/2035,2334.0,126.0,-,"18,427494","321,176235","166,624946",UHSM12
Juros,15/04/2036,2457.0,123.0,-,"8,991329","0,00000000","4,249082",UHSM12
Juros|Amortização,15/10/2036,2585.0,128.0,-,"9,362107","321,176235","150,222278",UHSM12
Juros,15/07/2026,17.0,123.0,-,"38,280707","0,00000000","38,069188",TRRG12
Juros,15/01/2027,143.0,126.0,-,"39,231229","0,00000000","37,444709",TRRG12
Juros,15/07/2027,267.0,124.0,-,"38,597456","0,00000000","35,380601",TRRG12
Juros,17/01/2028,395.0,128.0,-,"39,865361","0,00000000","35,049677",TRRG12
Juros,17/07/2028,519.0,124.0,-,"38,597456","0,00000000","32,590797",TRRG12
Juros,15/01/2029,642.0,123.0,-,"38,280707","0,00000000","31,053158",TRRG12
Juros,16/07/2029,767.0,125.0,-,"38,914298","0,00000000","30,306896",TRRG12
Juros|Amortização,15/01/2030,891.0,124.0,-,"38,597456","268,5837","229,760206",TRRG12
Juros,15/07/2030,1015.0,124.0,-,"28,948092","0,00000000","20,794484",TRRG12
Juros|Amortização,15/01/2031,1143.0,128.0,-,"29,899021","268,583431","205,650045",TRRG12
Juros,15/07/2031,1266.0,123.0,-,"19,140362","0,00000000","12,669214",TRRG12
Juros|Amortização,15/01/2032,1395.0,129.0,-,"20,09129","268,583834","183,209982",TRRG12
Juros,15/07/2032,1520.0,125.0,-,"9,728578","0,00000000","5,927827",TRRG12
Juros|Amortização,17/01/2033,1648.0,128.0,-,"9,966345","268,583834","162,791389",TRRG12
Juros,15/12/2026,122.0,127.0,-,"33,746726","0,00000000","32,492154",TSSG21
Juros,15/06/2027,245.0,123.0,-,"32,66869","0,00000000","30,275448",TSSG21
Juros,15/12/2027,372.0,127.0,-,"33,746726","0,00000000","30,065129",TSSG21
Juros,16/06/2028,498.0,126.0,-,"33,477123","0,00000000","28,680517",TSSG21
Juros,15/12/2028,623.0,125.0,-,"33,207584","0,00000000","27,366446",TSSG21
Juros,15/06/2029,746.0,123.0,-,"32,66869","0,00000000","25,913427",TSSG21
Juros,17/12/2029,872.0,126.0,-,"33,477123","0,00000000","25,535753",TSSG21
Juros,17/06/2030,996.0,124.0,-,"32,938105","0,00000000","24,175546",TSSG21
Juros,16/12/2030,1123.0,127.0,-,"33,746726","0,00000000","23,811233",TSSG21
Juros,16/06/2031,1245.0,122.0,-,"32,399336","0,00000000","22,010668",TSSG21
Juros|Amortização,15/12/2031,1374.0,129.0,-,"34,286117","378,392131","269,346624",TSSG21
Juros,15/06/2032,1498.0,124.0,-,"21,958748","0,00000000","13,790648",TSSG21
Juros|Amortização,15/12/2032,1625.0,127.0,-,"22,497828","378,392699","242,033484",TSSG21
Juros,15/06/2033,1751.0,126.0,-,"11,159045","0,00000000","6,478643",TSSG21
Juros|Amortização,15/12/2033,1877.0,126.0,-,"11,159045","378,392699","217,485172",TSSG21
Juros,15/12/2026,122.0,127.0,-,"17,369897","0,00000000","16,759629",TIMS12
Juros|Amortização,15/06/2027,245.0,123.0,-,"16,817666","444,054731","428,931262",TIMS12
Juros,15/12/2027,372.0,127.0,-,"8,684962","0,00000000","7,787633",TIMS12
Juros|Amortização,16/06/2028,498.0,126.0,-,"8,615917","444,056183","391,182291",TIMS12
Juros,16/11/2026,102.0,127.0,-,"33,536584","0,00000000","32,524284",SUZBC1
Juros,17/05/2027,225.0,123.0,-,"32,464954","0,00000000","30,342553",SUZBC1
Juros,16/11/2027,351.0,126.0,-,"33,268582","0,00000000","29,938396",SUZBC1
Juros,15/05/2028,475.0,124.0,-,"32,732767","0,00000000","28,378855",SUZBC1
Juros,16/11/2028,603.0,128.0,-,"33,80465","0,00000000","28,202298",SUZBC1
Juros,15/05/2029,724.0,121.0,-,"31,929517","0,00000000","25,686789",SUZBC1
Juros,16/11/2029,852.0,128.0,-,"33,80465","0,00000000","26,169162",SUZBC1
Juros,15/05/2030,973.0,121.0,-,"31,929517","0,00000000","23,834998",SUZBC1
Juros,18/11/2030,1104.0,131.0,-,"34,609223","0,00000000","24,838138",SUZBC1
Juros,15/05/2031,1224.0,120.0,-,"31,661895","0,00000000","21,918155",SUZBC1
Juros,17/11/2031,1355.0,131.0,-,"34,609223","0,00000000","23,033681",SUZBC1
Juros,17/05/2032,1478.0,123.0,-,"32,464954","0,00000000","20,822588",SUZBC1
Juros,16/11/2032,1604.0,126.0,-,"33,268582","0,00000000","20,545235",SUZBC1
Juros,16/05/2033,1729.0,125.0,-,"33,000644","0,00000000","19,628479",SUZBC1
Juros,16/11/2033,1856.0,127.0,-,"33,536584","0,00000000","19,200364",SUZBC1
Juros,15/05/2034,1979.0,123.0,-,"32,464954","0,00000000","17,912402",SUZBC1
Juros,16/11/2034,2107.0,128.0,-,"33,80465","0,00000000","17,947807",SUZBC1
Juros|Amortização,15/05/2035,2228.0,121.0,-,"31,929517","552,68783","299,306443",SUZBC1
Juros,16/11/2035,2356.0,128.0,-,"16,902324","0,00000000","8,326964",SUZBC1
Juros|Amortização,15/05/2036,2477.0,121.0,-,"15,964759","552,68783","270,144858",SUZBC1
Juros,15/09/2026,60.0,126.0,-,"34,8708","0,00000000","34,273314",SUZBA0
Juros,15/03/2027,182.0,122.0,-,"33,747626","0,00000000","32,024002",SUZBA0
Juros,15/09/2027,310.0,128.0,-,"35,432792","0,00000000","32,405995",SUZBA0
Juros,15/03/2028,435.0,125.0,-,"34,589907","0,00000000","30,516328",SUZBA0
Juros,15/09/2028,562.0,127.0,-,"35,151762","0,00000000","29,898038",SUZBA0
Juros,15/03/2029,683.0,121.0,-,"33,466999","0,00000000","27,490057",SUZBA0
Juros,17/09/2029,811.0,128.0,-,"35,432792","0,00000000","28,051227",SUZBA0
Juros,15/03/2030,932.0,121.0,-,"33,466999","0,00000000","25,587422",SUZBA0
Juros,16/09/2030,1060.0,128.0,-,"35,432792","0,00000000","26,109752",SUZBA0
Juros,17/03/2031,1184.0,124.0,-,"34,309081","0,00000000","24,394642",SUZBA0
Juros,15/09/2031,1310.0,126.0,-,"34,8708","0,00000000","23,910303",SUZBA0
Juros,15/03/2032,1435.0,125.0,-,"34,589907","0,00000000","22,878917",SUZBA0
Juros,15/09/2032,1563.0,128.0,-,"35,432792","0,00000000","22,588066",SUZBA0
Juros,15/03/2033,1687.0,124.0,-,"34,309081","0,00000000","21,104291",SUZBA0
Juros,15/09/2033,1815.0,128.0,-,"35,432792","0,00000000","21,006547",SUZBA0
Juros,15/03/2034,1939.0,124.0,-,"34,309081","0,00000000","19,626658",SUZBA0
Juros,15/09/2034,2066.0,127.0,-,"35,151762","0,00000000","19,386396",SUZBA0
Juros,15/03/2035,2187.0,121.0,-,"33,466999","0,00000000","17,825021",SUZBA0
Juros,17/09/2035,2315.0,128.0,-,"35,432792","0,00000000","18,188892",SUZBA0
Juros,17/03/2036,2437.0,122.0,-,"33,747626","0,00000000","16,725623",SUZBA0
Juros|Amortização,15/09/2036,2563.0,126.0,-,"34,8708","381,351916","198,93109",SUZBA0
Juros,16/03/2037,2688.0,125.0,-,"23,059937","0,00000000","10,631582",SUZBA0
Juros|Amortização,15/09/2037,2814.0,126.0,-,"23,247201","381,351916","179,888133",SUZBA0
Juros,15/03/2038,2936.0,122.0,-,"11,249208","0,00000000","4,828783",SUZBA0
Juros|Amortização,15/09/2038,3064.0,128.0,-,"11,81093","381,351917","162,65816",SUZBA0
Juros,15/07/2026,17.0,123.0,-,"0,379703","0,00000000","0,376682",RISP12
Juros,15/01/2027,143.0,126.0,-,"0,389119","0,00000000","0,363838",RISP12
Juros|Amortização,15/07/2027,267.0,124.0,-,"0,38284","0,354989","0,650855",RISP12
Juros|Amortização,17/01/2028,395.0,128.0,-,"0,383163","0,354995","0,613147",RISP12
Juros|Amortização,17/07/2028,519.0,124.0,-,"0,359143","0,285434","0,505118",RISP12
Juros|Amortização,15/01/2029,642.0,123.0,-,"0,34675","0,285435","0,467594",RISP12
Juros|Amortização,16/07/2029,767.0,125.0,-,"0,342877","0,714788","0,737686",RISP12
Juros|Amortização,15/01/2030,891.0,124.0,-,"0,316232","0,714784","0,678409",RISP12
Juros|Amortização,15/07/2030,1015.0,124.0,-,"0,292374","0,88029","0,727951",RISP12
Juros|Amortização,15/01/2031,1143.0,128.0,-,"0,271621","0,880289","0,673339",RISP12
Juros|Amortização,15/07/2031,1266.0,123.0,-,"0,231695","1,110553","0,740551",RISP12
Juros|Amortização,15/01/2032,1395.0,129.0,-,"0,204605","1,110557","0,682942",RISP12
Juros|Amortização,15/07/2032,1520.0,125.0,-,"0,160783","1,194507","0,663645",RISP12
Juros|Amortização,17/01/2033,1648.0,128.0,-,"0,123531","1,194509","0,607741",RISP12
Juros|Amortização,15/07/2033,1772.0,124.0,-,"0,079738","1,194507","0,554301",RISP12
Juros|Amortização,16/01/2034,1899.0,127.0,-,"0,040849","1,194507","0,506262",RISP12
Juros,15/07/2026,17.0,123.0,-,"0,395923","0,00000000","0,392998",RISP22
Juros,15/01/2027,143.0,126.0,-,"0,405748","0,00000000","0,381216",RISP22
Juros,15/07/2027,267.0,124.0,-,"0,399196","0,00000000","0,355316",RISP22
Juros,17/01/2028,395.0,128.0,-,"0,412302","0,00000000","0,347056",RISP22
Juros,17/07/2028,519.0,124.0,-,"0,399196","0,00000000","0,318335",RISP22
Juros,15/01/2029,642.0,123.0,-,"0,395923","0,00000000","0,299235",RISP22
Juros,16/07/2029,767.0,125.0,-,"0,402472","0,00000000","0,288046",RISP22
Juros,15/01/2030,891.0,124.0,-,"0,399196","0,00000000","0,270661",RISP22
Juros,15/07/2030,1015.0,124.0,-,"0,399196","0,00000000","0,256413",RISP22
Juros,15/01/2031,1143.0,128.0,-,"0,412302","0,00000000","0,250452",RISP22
Juros,15/07/2031,1266.0,123.0,-,"0,395923","0,00000000","0,227942",RISP22
Juros,15/01/2032,1395.0,129.0,-,"0,415581","0,00000000","0,22617",RISP22
Juros,15/07/2032,1520.0,125.0,-,"0,402472","0,00000000","0,207415",RISP22
Juros,17/01/2033,1648.0,128.0,-,"0,412302","0,00000000","0,200944",RISP22
Juros,15/07/2033,1772.0,124.0,-,"0,399196","0,00000000","0,184315",RISP22
Juros,16/01/2034,1899.0,127.0,-,"0,409025","0,00000000","0,178677",RISP22
Juros|Amortização,17/07/2034,2023.0,124.0,-,"0,399196","0,472616","0,360792",RISP22
Juros|Amortização,15/01/2035,2146.0,123.0,-,"0,379609","0,472606","0,334261",RISP22
Juros|Amortização,16/07/2035,2271.0,125.0,-,"0,369305","0,47261","0,312701",RISP22
Juros|Amortização,15/01/2036,2395.0,124.0,-,"0,349852","0,472609","0,289395",RISP22
Juros|Amortização,15/07/2036,2519.0,124.0,-,"0,333404","0,503384","0,278936",RISP22
Juros|Amortização,15/01/2037,2648.0,129.0,-,"0,328849","0,503381","0,26224",RISP22
Juros|Amortização,15/07/2037,2771.0,123.0,-,"0,295917","0,503385","0,23871",RISP22
Juros|Amortização,15/01/2038,2897.0,126.0,-,"0,285454","0,503385","0,222988",RISP22
Juros|Amortização,15/07/2038,3021.0,124.0,-,"0,263325","0,503384","0,205323",RISP22
Juros|Amortização,17/01/2039,3149.0,128.0,-,"0,253876","0,503384","0,191782",RISP22
Juros|Amortização,15/07/2039,3273.0,124.0,-,"0,228286","1,198014","0,342207",RISP22
Juros|Amortização,16/01/2040,3400.0,127.0,-,"0,191186","1,198011","0,315346",RISP22
Juros|Amortização,16/07/2040,3525.0,125.0,-,"0,146087","1,077114","0,262933",RISP22
Juros|Amortização,15/01/2041,3649.0,124.0,-,"0,107411","1,077113","0,241216",RISP22
Juros|Amortização,15/07/2041,3773.0,124.0,-,"0,069924","1,004573","0,207291",RISP22
Juros|Amortização,15/01/2042,3901.0,128.0,-,"0,036109","1,004573","0,189867",RISP22
Juros,15/09/2026,60.0,126.0,-,"51,3252","0,00000000","49,646843",JSMLB5
Juros,15/03/2027,182.0,122.0,-,"49,665414","0,00000000","44,900971",JSMLB5
Juros,15/09/2027,310.0,128.0,-,"52,155853","0,00000000","43,923962",JSMLB5
Juros,15/03/2028,435.0,125.0,-,"50,910065","0,00000000","40,005605",JSMLB5
Juros,15/09/2028,562.0,127.0,-,"51,740465","0,00000000","37,895265",JSMLB5
Juros,15/03/2029,683.0,121.0,-,"49,250782","0,00000000","33,732543",JSMLB5
Juros|Amortização,17/09/2029,811.0,128.0,-,"52,155853","437,833738","312,622042",JSMLB5
Juros,15/03/2030,932.0,121.0,-,"32,83387","0,00000000","19,590077",JSMLB5
Juros|Amortização,16/09/2030,1060.0,128.0,-,"34,770585","437,834395","262,669201",JSMLB5
Juros,17/03/2031,1184.0,124.0,-,"16,831692","0,00000000","8,733694",JSMLB5
Juros|Amortização,15/09/2031,1310.0,126.0,-,"17,108408","437,834395","220,143124",JSMLB5
Juros,15/10/2026,81.0,126.0,-,"47,920215","0,00000000","46,568334",RUMOA4
Juros,15/04/2027,204.0,123.0,-,"46,760854","0,00000000","43,509305",RUMOA4
Juros,15/10/2027,331.0,127.0,-,"48,306873","0,00000000","42,975672",RUMOA4
Juros|Amortização,17/04/2028,457.0,126.0,-,"47,920215","477,930608","447,449245",RUMOA4
Juros,16/10/2028,582.0,125.0,-,"31,689123","0,00000000","25,799562",RUMOA4
Juros|Amortização,16/04/2029,704.0,122.0,-,"30,916416","477,931325","396,799555",RUMOA4
Juros,15/10/2029,830.0,126.0,-,"15,973413","0,00000000","11,91375",RUMOA4
Juros|Amortização,15/04/2030,953.0,123.0,-,"15,586958","477,931325","352,437256",RUMOA4
Juros,17/08/2026,40.0,124.0,-,"32,167182","0,00000000","31,736146",GASC17
Juros,15/02/2027,162.0,122.0,-,"31,640949","0,00000000","29,958581",GASC17
Juros,16/08/2027,289.0,127.0,-,"32,956992","0,00000000","29,896306",GASC17
Juros,15/02/2028,416.0,127.0,-,"32,956992","0,00000000","28,642818",GASC17
Juros,15/08/2028,540.0,124.0,-,"32,167182","0,00000000","26,811359",GASC17
Juros,15/02/2029,663.0,123.0,-,"31,904034","0,00000000","25,511472",GASC17
Juros,15/08/2029,789.0,126.0,-,"32,693661","0,00000000","25,055217",GASC17
Juros,15/02/2030,914.0,125.0,-,"32,430391","0,00000000","23,827471",GASC17
Juros,15/08/2030,1038.0,124.0,-,"32,167182","0,00000000","22,66608",GASC17
Juros,17/02/2031,1166.0,128.0,-,"33,220385","0,00000000","22,419185",GASC17
Juros,15/08/2031,1289.0,123.0,-,"31,904034","0,00000000","20,655935",GASC17
Juros,16/02/2032,1415.0,126.0,-,"32,693661","0,00000000","20,286518",GASC17
Juros,16/08/2032,1542.0,127.0,-,"32,956992","0,00000000","19,592495",GASC17
Juros,15/02/2033,1669.0,127.0,-,"32,956992","0,00000000","18,771024",GASC17
Juros,15/08/2033,1793.0,124.0,-,"32,167182","0,00000000","17,57078",GASC17
Juros,15/02/2034,1921.0,128.0,-,"33,220385","0,00000000","17,379386",GASC17
Juros,15/08/2034,2044.0,123.0,-,"31,904034","0,00000000","16,012512",GASC17
Juros,15/02/2035,2167.0,123.0,-,"31,904034","0,00000000","15,361852",GASC17
Juros|Amortização,15/08/2035,2293.0,126.0,-,"32,693661","548,712645","268,301081",GASC17
Juros,15/02/2036,2418.0,125.0,-,"16,215195","0,00000000","7,173911",GASC17
Juros|Amortização,15/08/2036,2542.0,124.0,-,"16,08359","548,712645","239,642186",GASC17
Juros,15/09/2026,60.0,126.0,-,"32,555902","0,00000000","31,921962",GASC25
Juros,15/03/2027,182.0,122.0,-,"31,507909","0,00000000","29,683456",GASC25
Juros,15/09/2027,310.0,128.0,-,"33,080259","0,00000000","29,884418",GASC25
Juros,15/03/2028,435.0,125.0,-,"32,293814","0,00000000","28,002917",GASC25
Juros,15/09/2028,562.0,127.0,-,"32,818051","0,00000000","27,297324",GASC25
Juros,15/03/2029,683.0,121.0,-,"31,24606","0,00000000","24,97928",GASC25
Juros,17/09/2029,811.0,128.0,-,"33,080259","0,00000000","25,359144",GASC25
Juros,15/03/2030,932.0,121.0,-,"31,24606","0,00000000","23,021749",GASC25
Juros,16/09/2030,1060.0,128.0,-,"33,080259","0,00000000","23,371844",GASC25
Juros,17/03/2031,1184.0,124.0,-,"32,031787","0,00000000","21,729794",GASC25
Juros,15/09/2031,1310.0,126.0,-,"32,555902","0,00000000","21,191898",GASC25
Juros,15/03/2032,1435.0,125.0,-,"32,293814","0,00000000","20,177507",GASC25
Juros,15/09/2032,1563.0,128.0,-,"33,080259","0,00000000","19,819746",GASC25
Juros,15/03/2033,1687.0,124.0,-,"32,031787","0,00000000","18,427258",GASC25
Juros,15/09/2033,1815.0,128.0,-,"33,080259","0,00000000","18,248596",GASC25
Juros,15/03/2034,1939.0,124.0,-,"32,031787","0,00000000","16,966494",GASC25
Juros,15/09/2034,2066.0,127.0,-,"32,818051","0,00000000","16,674279",GASC25
Juros,15/03/2035,2187.0,121.0,-,"31,24606","0,00000000","15,258327",GASC25
Juros,17/09/2035,2315.0,128.0,-,"33,080259","0,00000000","15,490362",GASC25
Juros,17/03/2036,2437.0,122.0,-,"31,507909","0,00000000","14,175791",GASC25
Juros,15/09/2036,2563.0,126.0,-,"32,555902","0,00000000","14,05475",GASC25
Juros|Amortização,16/03/2037,2688.0,125.0,-,"32,293814","371,448561","167,303791",GASC25
Juros,15/09/2037,2814.0,126.0,-,"21,703946","0,00000000","8,629901",GASC25
Juros|Amortização,15/03/2038,2936.0,122.0,-,"21,005283","371,449119","149,930981",GASC25
Juros,15/09/2038,3064.0,128.0,-,"11,026758","0,00000000","4,039531",GASC25
Juros|Amortização,15/03/2039,3188.0,124.0,-,"10,677267","371,449119","134,412788",GASC25
Juros,15/09/2026,60.0,126.0,-,"38,850785","0,00000000","38,069966",GASC18
Juros,15/03/2027,182.0,122.0,-,"37,595786","0,00000000","35,35032",GASC18
Juros,15/09/2027,310.0,128.0,-,"39,478821","0,00000000","35,547422",GASC18
Juros,15/03/2028,435.0,125.0,-,"38,536899","0,00000000","33,262227",GASC18
Juros,15/09/2028,562.0,127.0,-,"39,164758","0,00000000","32,382227",GASC18
Juros,15/03/2029,683.0,121.0,-,"37,28226","0,00000000","29,589113",GASC18
Juros,17/09/2029,811.0,128.0,-,"39,478821","0,00000000","30,00431",GASC18
Juros,15/03/2030,932.0,121.0,-,"37,28226","0,00000000","27,198199",GASC18
Juros,16/09/2030,1060.0,128.0,-,"39,478821","0,00000000","27,579846",GASC18
Juros,17/03/2031,1184.0,124.0,-,"38,223104","0,00000000","25,605378",GASC18
Juros,15/09/2031,1310.0,126.0,-,"38,850785","0,00000000","24,939556",GASC18
Juros,15/03/2032,1435.0,125.0,-,"38,536899","0,00000000","23,713535",GASC18
Juros,15/09/2032,1563.0,128.0,-,"39,478821","0,00000000","23,263415",GASC18
Juros,15/03/2033,1687.0,124.0,-,"38,223104","0,00000000","21,597964",GASC18
Juros,15/09/2033,1815.0,128.0,-,"39,478821","0,00000000","21,361945",GASC18
Juros,15/03/2034,1939.0,124.0,-,"38,223104","0,00000000","19,832623",GASC18
Juros,15/09/2034,2066.0,127.0,-,"39,164758","0,00000000","19,466432",GASC18
Juros,15/03/2035,2187.0,121.0,-,"37,28226","0,00000000","17,787364",GASC18
Juros,17/09/2035,2315.0,128.0,-,"39,478821","0,00000000","18,036958",GASC18
Juros|Amortização,17/03/2036,2437.0,122.0,-,"37,595786","529,33626","248,543047",GASC18
Juros,15/09/2036,2563.0,126.0,-,"19,425392","0,00000000","8,160637",GASC18
Juros|Amortização,16/03/2037,2688.0,125.0,-,"19,268449","529,33626","220,924781",GASC18
Juros,15/10/2026,81.0,126.0,-,"36,215942","0,00000000","35,212204",GASC23
Juros,15/04/2027,204.0,123.0,-,"35,341883","0,00000000","32,926624",GASC23
Juros,15/10/2027,331.0,127.0,-,"36,507423","0,00000000","32,546179",GASC23
Juros,17/04/2028,457.0,126.0,-,"36,215942","0,00000000","30,905133",GASC23
Juros,16/10/2028,582.0,125.0,-,"35,924525","0,00000000","29,355168",GASC23
Juros,16/04/2029,704.0,122.0,-,"35,05066","0,00000000","27,453931",GASC23
Juros,15/10/2029,830.0,126.0,-,"36,215942","0,00000000","27,153144",GASC23
Juros,15/04/2030,953.0,123.0,-,"35,341883","0,00000000","25,390668",GASC23
Juros,15/10/2030,1081.0,128.0,-,"36,798969","0,00000000","25,288944",GASC23
Juros,15/04/2031,1204.0,123.0,-,"35,341883","0,00000000","23,27281",GASC23
Juros,15/10/2031,1332.0,128.0,-,"36,798969","0,00000000","23,179572",GASC23
Juros,15/04/2032,1457.0,125.0,-,"35,924525","0,00000000","21,668233",GASC23
Juros,15/10/2032,1584.0,127.0,-,"36,507423","0,00000000","21,070505",GASC23
Juros,18/04/2033,1710.0,126.0,-,"36,215942","0,00000000","20,008086",GASC23
Juros|Amortização,17/10/2033,1836.0,126.0,-,"36,215942","1.282,31272","697,280235",GASC23
Juros,15/12/2026,122.0,127.0,-,"30,684783","0,00000000","29,50127",RIPR22
Juros,15/06/2027,245.0,123.0,-,"29,707624","0,00000000","27,45132",RIPR22
Juros,15/12/2027,372.0,127.0,-,"30,684783","0,00000000","27,21673",RIPR22
Juros,16/06/2028,498.0,126.0,-,"30,440428","0,00000000","25,925147",RIPR22
Juros,15/12/2028,623.0,125.0,-,"30,196116","0,00000000","24,701264",RIPR22
Juros|Amortização,15/06/2029,746.0,123.0,-,"29,707624","443,521576","372,06368",RIPR22
Juros,17/12/2029,872.0,126.0,-,"20,293628","0,00000000","15,32015",RIPR22
Juros|Amortização,17/06/2030,996.0,124.0,-,"19,967908","443,522241","336,187432",RIPR22
Juros,16/12/2030,1123.0,127.0,-,"10,228266","0,00000000","7,12132",RIPR22
Juros|Amortização,16/06/2031,1245.0,122.0,-,"9,821152","443,522241","303,461429",RIPR22
-,15/06/2027,245.0,536.0,-,"0,00000000","0,00000000","0,00000000",RALM21
Juros|Amortização,15/12/2027,372.0,127.0,-,"47,912191","6,187082","47,678465",RALM21
Juros|Amortização,16/06/2028,498.0,126.0,-,"47,290138","15,467934","52,992659",RALM21
Juros|Amortização,15/12/2028,623.0,125.0,-,"46,318457","15,468132","50,003813",RALM21
Juros|Amortização,15/06/2029,746.0,123.0,-,"44,98394","19,179486","49,802853",RALM21
Juros|Amortização,17/12/2029,872.0,126.0,-,"45,365256","19,180106","48,000637",RALM21
Juros|Amortização,17/06/2030,996.0,124.0,-,"43,906962","19,798187","45,422055",RALM21
Juros|Amortização,16/12/2030,1123.0,127.0,-,"44,222958","19,798918","43,720833",RALM21
Juros|Amortização,16/06/2031,1245.0,122.0,-,"41,714074","20,726189","40,910052",RALM21
Juros|Amortização,15/12/2031,1374.0,129.0,-,"43,338603","20,726799","40,175533",RALM21
Juros|Amortização,15/06/2032,1498.0,124.0,-,"40,844254","21,964635","37,763261",RALM21
Juros|Amortização,15/12/2032,1625.0,127.0,-,"41,000852","21,964096","36,258932",RALM21
Juros|Amortização,15/06/2033,1751.0,126.0,-,"39,828273","23,510877","34,946499",RALM21
Juros|Amortização,15/12/2033,1877.0,126.0,-,"38,925247","23,510886","33,005227",RALM21
Juros|Amortização,15/06/2034,2001.0,124.0,-,"37,407432","25,058176","31,659058",RALM21
Juros|Amortização,15/12/2034,2127.0,126.0,-,"37,059763","25,057801","30,163846",RALM21
Juros|Amortização,15/06/2035,2250.0,123.0,-,"35,221956","26,913542","28,938089",RALM21
Juros|Amortização,17/12/2035,2376.0,126.0,-,"35,063602","26,914223","27,655511",RALM21
Juros|Amortização,16/06/2036,2498.0,122.0,-,"32,929716","28,460635","26,281536",RALM21
Juros|Amortização,15/12/2036,2627.0,129.0,-,"33,736153","28,46052","25,485348",RALM21
Juros|Amortização,15/06/2037,2749.0,122.0,-,"30,814118","29,698051","23,788739",RALM21
Juros|Amortização,15/12/2037,2876.0,127.0,-,"30,951242","29,698199","22,836171",RALM21
Juros|Amortização,15/06/2038,3000.0,124.0,-,"29,084239","29,697791","21,220291",RALM21
Juros|Amortização,15/12/2038,3126.0,126.0,-,"28,421577","29,698122","20,102284",RALM21
Juros|Amortização,15/06/2039,3251.0,125.0,-,"27,060317","30,625681","19,122965",RALM21
Juros|Amortização,15/12/2039,3378.0,127.0,-,"26,315747","30,625724","18,079287",RALM21
Juros|Amortização,15/06/2040,3504.0,126.0,-,"24,928308","32,172799","17,370504",RALM21
Juros|Amortização,17/12/2040,3630.0,126.0,-,"23,692587","32,172523","16,282603",RALM21
Juros|Amortização,17/06/2041,3754.0,124.0,-,"22,093767","34,02892","15,6831",RALM21
Juros|Amortização,16/12/2041,3881.0,127.0,-,"21,320928","34,029092","14,814228",RALM21
Juros|Amortização,16/06/2042,4003.0,122.0,-,"19,201351","32,17259","13,191962",RALM21
Juros|Amortização,15/12/2042,4132.0,129.0,-,"19,058762","32,172722","12,591465",RALM21
Juros|Amortização,15/06/2043,4254.0,122.0,-,"16,809818","33,719435","11,914819",RALM21
Juros|Amortização,15/12/2043,4381.0,127.0,-,"16,206315","33,719752","11,275602",RALM21
Juros|Amortização,15/06/2044,4506.0,125.0,-,"14,661632","35,266443","10,807369",RALM21
Juros|Amortização,15/12/2044,4632.0,126.0,-,"13,426605","35,266404","10,098504",RALM21
Juros|Amortização,15/06/2045,4756.0,124.0,-,"11,876866","36,813163","9,681458",RALM21
Juros|Amortização,15/12/2045,4882.0,126.0,-,"10,658109","36,813036","9,043691",RALM21
Juros|Amortização,15/06/2046,5005.0,123.0,-,"9,01999","38,359941","8,657016",RALM21
Juros|Amortização,17/12/2046,5131.0,126.0,-,"7,7708","38,35986","8,075673",RALM21
Juros|Amortização,17/06/2047,5254.0,123.0,-,"6,144726","40,216096","7,783913",RALM21
Juros|Amortização,16/12/2047,5382.0,128.0,-,"4,82968","40,2161","7,241378",RALM21
Juros|Amortização,15/06/2048,5504.0,122.0,-,"3,104415","41,762874","6,919938",RALM21
Juros|Amortização,15/12/2048,5631.0,127.0,-,"1,617039","41,762874","6,408094",RALM21
Juros,16/11/2026,102.0,127.0,-,"36,036991","0,00000000","34,900731",AESLA9
Juros,17/05/2027,225.0,123.0,-,"34,883324","0,00000000","32,503133",AESLA9
Juros,16/11/2027,351.0,126.0,-,"35,74846","0,00000000","32,016719",AESLA9
Juros,15/05/2028,475.0,124.0,-,"35,171626","0,00000000","30,296809",AESLA9
Juros,16/11/2028,603.0,128.0,-,"36,325601","0,00000000","30,057756",AESLA9
Juros,15/05/2029,724.0,121.0,-,"34,30695","0,00000000","27,328767",AESLA9
Juros,16/11/2029,852.0,128.0,-,"36,325601","0,00000000","27,796495",AESLA9
Juros,15/05/2030,973.0,121.0,-,"34,30695","0,00000000","25,27281",AESLA9
Juros,18/11/2030,1104.0,131.0,-,"37,191886","0,00000000","26,293578",AESLA9
Juros,15/05/2031,1224.0,120.0,-,"34,018878","0,00000000","23,16072",AESLA9
Juros,17/11/2031,1355.0,131.0,-,"37,191886","0,00000000","24,300228",AESLA9
Juros,17/05/2032,1478.0,123.0,-,"34,883324","0,00000000","21,928119",AESLA9
Juros,16/11/2032,1604.0,126.0,-,"35,74846","0,00000000","21,599961",AESLA9
Juros|Amortização,16/05/2033,1729.0,125.0,-,"35,460004","210,007296","142,60601",AESLA9
Juros|Amortização,16/11/2033,1856.0,127.0,-,"28,829593","210,007296","133,327981",AESLA9
Juros|Amortização,15/05/2034,1979.0,123.0,-,"20,929994","210,007085","124,032337",AESLA9
Juros|Amortização,16/11/2034,2107.0,128.0,-,"14,530247","210,007401","115,842983",AESLA9
Juros|Amortização,15/05/2035,2228.0,121.0,-,"6,861393","210,007401","107,713915",AESLA9
Juros,15/09/2026,60.0,128.0,-,"33,375299","0,00000000","32,756984",AESLC2
Juros,15/03/2027,182.0,122.0,-,"31,786782","0,00000000","30,033926",AESLC2
Juros,15/09/2027,310.0,128.0,-,"33,375299","0,00000000","30,301587",AESLC2
Juros,15/03/2028,435.0,125.0,-,"32,580742","0,00000000","28,449977",AESLC2
Juros,15/09/2028,562.0,127.0,-,"33,11038","0,00000000","27,790422",AESLC2
Juros,15/03/2029,683.0,121.0,-,"31,522261","0,00000000","25,478302",AESLC2
Juros,17/09/2029,811.0,128.0,-,"33,375299","0,00000000","25,921072",AESLC2
Juros,15/03/2030,932.0,121.0,-,"31,522261","0,00000000","23,575847",AESLC2
Juros,16/09/2030,1060.0,128.0,-,"33,375299","0,00000000","23,985556",AESLC2
Juros,17/03/2031,1184.0,124.0,-,"32,316023","0,00000000","22,343881",AESLC2
Juros,15/09/2031,1310.0,126.0,-,"32,845527","0,00000000","21,835459",AESLC2
Juros,15/03/2032,1435.0,125.0,-,"32,580742","0,00000000","20,831848",AESLC2
Juros,15/09/2032,1563.0,128.0,-,"33,375299","0,00000000","20,505325",AESLC2
Juros|Amortização,15/03/2033,1687.0,124.0,-,"32,316023","1.023,03081","623,810683",AESLC2
Juros|Amortização,15/10/2026,81.0,126.0,-,"38,238831","47,436826","83,524254",RDVE11
Juros|Amortização,15/04/2027,204.0,123.0,-,"35,711063","40,906234","71,863805",RDVE11
Juros|Amortização,15/10/2027,331.0,127.0,-,"35,465175","40,905303","68,832205",RDVE11
Juros|Amortização,17/04/2028,457.0,126.0,-,"33,765348","44,687124","67,966038",RDVE11
Juros|Amortização,16/10/2028,582.0,125.0,-,"31,958616","44,687113","63,845278",RDVE11
Juros|Amortização,16/04/2029,704.0,122.0,-,"29,682132","45,717925","60,447323",RDVE11
Juros|Amortização,15/10/2029,830.0,126.0,-,"29,089603","45,71851","57,64654",RDVE11
Juros|Amortização,15/04/2030,953.0,123.0,-,"26,841346","44,686732","53,030939",RDVE11
Juros|Amortização,15/10/2030,1081.0,128.0,-,"26,379776","44,68677","50,613271",RDVE11
Juros|Amortização,15/04/2031,1204.0,123.0,-,"23,822874","44,687186","46,944181",RDVE11
Juros|Amortização,15/10/2031,1332.0,128.0,-,"23,236453","44,687137","44,708951",RDVE11
Juros|Amortização,15/04/2032,1457.0,125.0,-,"21,1484","44,68727","41,666845",RDVE11
Juros|Amortização,15/10/2032,1584.0,127.0,-,"19,933428","44,687025","39,299059",RDVE11
Juros|Amortização,18/04/2033,1710.0,126.0,-,"18,227102","43,999586","36,375417",RDVE11
Juros|Amortização,17/10/2033,1836.0,126.0,-,"16,704208","43,999492","34,108735",RDVE11
Juros|Amortização,17/04/2034,1961.0,125.0,-,"15,058788","47,093359","33,578561",RDVE11
Juros|Amortização,16/10/2034,2086.0,125.0,-,"13,44197","47,093267","31,446311",RDVE11
Juros|Amortização,16/04/2035,2208.0,122.0,-,"11,536654","50,187104","30,858754",RDVE11
Juros|Amortização,15/10/2035,2334.0,126.0,-,"10,184325","50,18701","29,011885",RDVE11
Juros|Amortização,15/04/2036,2457.0,123.0,-,"8,242792","52,93679","28,286544",RDVE11
Juros|Amortização,15/10/2036,2585.0,128.0,-,"6,721879","52,936837","26,496818",RDVE11
Juros|Amortização,15/04/2037,2709.0,124.0,-,"4,705633","39,187079","18,750122",RDVE11
Juros|Amortização,15/10/2037,2835.0,126.0,-,"3,426504","39,187062","17,497609",RDVE11
Juros|Amortização,15/04/2038,2959.0,124.0,-,"2,036767","59,811918","24,426046",RDVE11
Juros,17/08/2026,40.0,124.0,-,"48,456478","0,00000000","47,770822",QMCT14
Juros,15/02/2027,162.0,122.0,-,"47,657351","0,00000000","44,984606",QMCT14
Juros,16/08/2027,289.0,127.0,-,"49,656265","0,00000000","44,797892",QMCT14
Juros,15/02/2028,416.0,127.0,-,"49,656265","0,00000000","42,816099",QMCT14
Juros,15/08/2028,540.0,124.0,-,"48,456478","0,00000000","39,975931",QMCT14
Juros,15/02/2029,663.0,123.0,-,"48,056841","0,00000000","37,946383",QMCT14
Juros|Amortização,15/08/2029,789.0,126.0,-,"49,256191","41,446169","68,475939",QMCT14
Juros|Amortização,15/02/2030,914.0,125.0,-,"46,916667","40,9246","63,427409",QMCT14
Juros|Amortização,15/08/2030,1038.0,124.0,-,"44,633241","60,028712","72,307095",QMCT14
Juros|Amortização,17/02/2031,1166.0,128.0,-,"43,22878","58,463254","67,123377",QMCT14
Juros|Amortização,15/08/2031,1289.0,123.0,-,"38,810696","71,199913","69,500809",QMCT14
Juros|Amortização,16/02/2032,1415.0,126.0,-,"36,420008","69,738471","64,123057",QMCT14
Juros|Amortização,16/08/2032,1542.0,127.0,-,"33,39877","82,474902","66,895024",QMCT14
Juros|Amortização,15/02/2033,1669.0,127.0,-,"29,475917","83,100994","62,11663",QMCT14
Juros|Amortização,15/08/2033,1793.0,124.0,-,"24,906595","95,628749","63,633625",QMCT14
Juros|Amortização,15/02/2034,1921.0,128.0,-,"21,143834","97,194712","59,688858",QMCT14
Juros|Amortização,15/08/2034,2044.0,123.0,-,"15,825101","109,82718","60,66048",QMCT14
Juros|Amortização,15/02/2035,2167.0,123.0,-,"10,769519","112,541239","56,977693",QMCT14
Juros|Amortização,15/08/2035,2293.0,126.0,-,"5,728488","121,415208","56,169811",QMCT14
Juros,17/08/2026,40.0,124.0,-,"42,73254","0,00000000","42,168184",PEJA11
Juros,15/02/2027,162.0,122.0,-,"42,031311","0,00000000","39,828049",PEJA11
Juros|Amortização,16/08/2027,289.0,127.0,-,"43,785128","198,940599","220,495684",PEJA11
Juros,15/02/2028,416.0,127.0,-,"36,487592","0,00000000","31,775885",PEJA11
Juros|Amortização,15/08/2028,540.0,124.0,-,"35,610435","198,940122","196,015378",PEJA11
Juros,15/02/2029,663.0,123.0,-,"28,254572","0,00000000","22,666682",PEJA11
Juros|Amortização,15/08/2029,789.0,126.0,-,"28,956098","198,940122","175,327033",PEJA11
Juros,15/02/2030,914.0,125.0,-,"21,541642","0,00000000","15,89818",PEJA11
Juros|Amortização,15/08/2030,1038.0,124.0,-,"21,366261","198,939922","156,025841",PEJA11
Juros,17/02/2031,1166.0,128.0,-,"14,712064","0,00000000","9,985441",PEJA11
Juros|Amortização,15/08/2031,1289.0,123.0,-,"14,127292","198,940221","138,821418",PEJA11
Juros,16/02/2032,1415.0,126.0,-,"7,239028","0,00000000","4,523056",PEJA11
Juros|Amortização,16/08/2032,1542.0,127.0,-,"7,297521","198,940222","123,534452",PEJA11
Juros,15/10/2026,81.0,126.0,-,"35,661289","0,00000000","34,717873",PEJA23
Juros,15/04/2027,204.0,123.0,-,"34,799075","0,00000000","32,526868",PEJA23
Juros,15/10/2027,331.0,127.0,-,"35,948836","0,00000000","32,218317",PEJA23
Juros,17/04/2028,457.0,126.0,-,"35,661289","0,00000000","30,655068",PEJA23
Juros,16/10/2028,582.0,125.0,-,"35,373813","0,00000000","29,175486",PEJA23
Juros,16/04/2029,704.0,122.0,-,"34,511815","0,00000000","27,33797",PEJA23
Juros,15/10/2029,830.0,126.0,-,"35,661289","0,00000000","27,094599",PEJA23
Juros,15/04/2030,953.0,123.0,-,"34,799075","0,00000000","25,38469",PEJA23
Juros,15/10/2030,1081.0,128.0,-,"36,236457","0,00000000","25,336675",PEJA23
Juros,15/04/2031,1204.0,123.0,-,"34,799075","0,00000000","23,360927",PEJA23
Juros,15/10/2031,1332.0,128.0,-,"36,236457","0,00000000","23,316739",PEJA23
Juros|Amortização,15/04/2032,1457.0,125.0,-,"35,373813","371,034338","250,908565",PEJA23
Juros,15/10/2032,1584.0,127.0,-,"23,965867","0,00000000","14,186971",PEJA23
Juros|Amortização,18/04/2033,1710.0,126.0,-,"23,774168","371,033225","224,165644",PEJA23
Juros,17/10/2033,1836.0,126.0,-,"11,887083","0,00000000","6,473606",PEJA23
Juros|Amortização,17/04/2034,1961.0,125.0,-,"11,791259","371,033225","200,033017",PEJA23
Juros,17/08/2026,40.0,124.0,-,"35,060196","0,00000000","34,596182",PEJA22
Juros,15/02/2027,162.0,122.0,-,"34,48609","0,00000000","32,674578",PEJA22
Juros,16/08/2027,289.0,127.0,-,"35,921891","0,00000000","32,625273",PEJA22
Juros,15/02/2028,416.0,127.0,-,"35,921891","0,00000000","31,273975",PEJA22
Juros,15/08/2028,540.0,124.0,-,"35,060196","0,00000000","29,28877",PEJA22
Juros,15/02/2029,663.0,123.0,-,"34,773107","0,00000000","27,882893",PEJA22
Juros,15/08/2029,789.0,126.0,-,"35,634587","0,00000000","27,399312",PEJA22
Juros,15/02/2030,914.0,125.0,-,"35,347355","0,00000000","26,070124",PEJA22
Juros,15/08/2030,1038.0,124.0,-,"35,060196","0,00000000","24,812093",PEJA22
Juros,17/02/2031,1166.0,128.0,-,"36,209266","0,00000000","24,555742",PEJA22
Juros,15/08/2031,1289.0,123.0,-,"34,773107","0,00000000","22,635203",PEJA22
Juros|Amortização,16/02/2032,1415.0,126.0,-,"35,634587","373,240219","255,2142",PEJA22
Juros,16/08/2032,1542.0,127.0,-,"23,947902","0,00000000","14,328835",PEJA22
Juros|Amortização,15/02/2033,1669.0,127.0,-,"23,947902","373,2391","227,807164",PEJA22
Juros,15/08/2033,1793.0,124.0,-,"11,686719","0,00000000","6,43173",PEJA22
Juros|Amortização,15/02/2034,1921.0,128.0,-,"12,069742","373,2391","203,202243",PEJA22
Juros,15/07/2026,17.0,123.0,-,"30,455412","0,00000000","30,298556",PETR26
Juros,15/01/2027,143.0,126.0,-,"31,205925","0,00000000","29,879501",PETR26
Juros,15/07/2027,267.0,124.0,-,"30,705542","0,00000000","28,313639",PETR26
Juros,17/01/2028,395.0,128.0,-,"31,706475","0,00000000","28,12172",PETR26
Juros,17/07/2028,519.0,124.0,-,"30,705542","0,00000000","26,227285",PETR26
Juros|Amortização,15/01/2029,642.0,123.0,-,"30,455412","1.494,88649","1.255,100008",PETR26
Juros,15/09/2026,60.0,126.0,-,"26,091376","0,00000000","25,622574",PETR17
Juros,15/03/2027,182.0,122.0,-,"25,255966","0,00000000","23,904454",PETR17
Juros,15/09/2027,310.0,128.0,-,"26,509254","0,00000000","24,138706",PETR17
Juros,15/03/2028,435.0,125.0,-,"25,882479","0,00000000","22,694348",PETR17
Juros,15/09/2028,562.0,127.0,-,"26,3003","0,00000000","22,192459",PETR17
Juros,15/03/2029,683.0,121.0,-,"25,047188","0,00000000","20,376238",PETR17
Juros|Amortização,17/09/2029,811.0,128.0,-,"26,509254","1.462,45124","1.165,332534",PETR17
Juros|Amortização,16/11/2026,102.0,127.0,-,"37,498585","50,291067","84,783141",HZTC14
Juros|Amortização,17/05/2027,225.0,123.0,-,"34,667176","50,291044","78,672323",HZTC14
Juros|Amortização,16/11/2027,351.0,126.0,-,"33,854772","50,291136","74,637116",HZTC14
Juros|Amortização,15/05/2028,475.0,124.0,-,"31,663817","50,290782","69,678244",HZTC14
Juros|Amortização,16/11/2028,603.0,128.0,-,"31,003475","50,291275","66,15991",HZTC14
Juros|Amortização,15/05/2029,724.0,121.0,-,"27,676754","50,290797","60,882633",HZTC14
Juros|Amortização,16/11/2029,852.0,128.0,-,"27,605821","62,86345","67,62218",HZTC14
Juros|Amortização,15/05/2030,973.0,121.0,-,"24,066746","62,863267","62,345477",HZTC14
Juros|Amortização,18/11/2030,1104.0,131.0,-,"23,915614","62,863478","59,513259",HZTC14
Juros|Amortização,15/05/2031,1224.0,120.0,-,"19,887286","62,863547","54,471146",HZTC14
Juros|Amortização,17/11/2031,1355.0,131.0,-,"19,567323","62,863484","51,885632",HZTC14
Juros|Amortização,17/05/2032,1478.0,123.0,-,"16,31396","62,863555","47,787006",HZTC14
Juros|Amortização,16/11/2032,1604.0,126.0,-,"14,628603","62,863493","44,799239",HZTC14
Juros|Amortização,16/05/2033,1729.0,125.0,-,"12,437667","62,863692","41,712834",HZTC14
Juros|Amortização,16/11/2033,1856.0,127.0,-,"10,533303","62,863541","38,931503",HZTC14
Juros|Amortização,15/05/2034,1979.0,123.0,-,"8,156978","62,863541","36,120855",HZTC14
Juros|Amortização,16/11/2034,2107.0,128.0,-,"6,370576","62,863478","33,705632",HZTC14
Juros|Amortização,15/05/2035,2228.0,121.0,-,"4,011127","62,863573","31,23861",HZTC14
Juros|Amortização,16/11/2035,2356.0,128.0,-,"2,123525","62,863573","29,057987",HZTC14
Juros,16/11/2026,102.0,127.0,-,"36,53969","0,00000000","35,267351",OMGE41
Juros|Amortização,17/05/2027,225.0,123.0,-,"35,375077","1.467,84126","1.390,171951",OMGE41
Juros,15/09/2026,60.0,126.0,-,"30,830124","0,00000000","30,169768",OMGE12
Juros,15/03/2027,182.0,122.0,-,"29,841229","0,00000000","27,944309",OMGE12
Juros,15/09/2027,310.0,128.0,-,"31,324823","0,00000000","28,009473",OMGE12
Juros,15/03/2028,435.0,125.0,-,"30,582837","0,00000000","26,139898",OMGE12
Juros|Amortização,15/09/2028,562.0,127.0,-,"31,077452","1.427,177","1.190,572364",OMGE12
Juros,15/09/2026,60.0,129.0,-,"32,614012","0,00000000","32,041475",NTSDA1
Juros,15/03/2027,182.0,122.0,-,"30,817884","0,00000000","29,205945",NTSDA1
Juros,15/09/2027,310.0,128.0,-,"32,357235","0,00000000","29,527784",NTSDA1
Juros,15/03/2028,435.0,125.0,-,"31,58728","0,00000000","27,780961",NTSDA1
Juros,15/09/2028,562.0,127.0,-,"32,100522","0,00000000","27,193577",NTSDA1
Juros,15/03/2029,683.0,121.0,-,"30,561545","0,00000000","24,981465",NTSDA1
Juros,17/09/2029,811.0,128.0,-,"32,357235","0,00000000","25,468596",NTSDA1
Juros,15/03/2030,932.0,121.0,-,"30,561545","0,00000000","23,211183",NTSDA1
Juros,16/09/2030,1060.0,128.0,-,"32,357235","0,00000000","23,663794",NTSDA1
Juros,17/03/2031,1184.0,124.0,-,"31,330752","0,00000000","22,089586",NTSDA1
Juros,15/09/2031,1310.0,126.0,-,"31,84387","0,00000000","21,631667",NTSDA1
Juros,15/03/2032,1435.0,125.0,-,"31,58728","0,00000000","20,680068",NTSDA1
Juros,15/09/2032,1563.0,128.0,-,"32,357235","0,00000000","20,398684",NTSDA1
Juros,15/03/2033,1687.0,124.0,-,"31,330752","0,00000000","19,041684",NTSDA1
Juros,15/09/2033,1815.0,128.0,-,"32,357235","0,00000000","18,936379",NTSDA1
Juros,15/03/2034,1939.0,124.0,-,"31,330752","0,00000000","17,676657",NTSDA1
Juros,15/09/2034,2066.0,127.0,-,"32,100522","0,00000000","17,444583",NTSDA1
Juros,15/03/2035,2187.0,121.0,-,"30,561545","0,00000000","16,025522",NTSDA1
Juros,17/09/2035,2315.0,128.0,-,"32,357235","0,00000000","16,338015",NTSDA1
Juros,17/03/2036,2437.0,122.0,-,"30,817884","0,00000000","15,010352",NTSDA1
Juros,15/09/2036,2563.0,126.0,-,"31,84387","0,00000000","14,943808",NTSDA1
Juros,16/03/2037,2688.0,125.0,-,"31,58728","0,00000000","14,286415",NTSDA1
Juros,15/09/2037,2814.0,126.0,-,"31,84387","0,00000000","13,876638",NTSDA1
Juros,15/03/2038,2936.0,122.0,-,"30,817884","0,00000000","12,954523",NTSDA1
Juros,15/09/2038,3064.0,128.0,-,"32,357235","0,00000000","13,097277",NTSDA1
Juros|Amortização,15/03/2039,3188.0,124.0,-,"31,330752","341,142098","145,347652",NTSDA1
Juros,15/09/2039,3316.0,128.0,-,"21,571501","0,00000000","8,105592",NTSDA1
Juros|Amortização,15/03/2040,3441.0,125.0,-,"21,058197","341,14261","131,168454",NTSDA1
Juros,17/09/2040,3569.0,128.0,-,"10,78575","0,00000000","3,761155",NTSDA1
Juros|Amortização,15/03/2041,3690.0,121.0,-,"10,187186","341,14261","118,215478",NTSDA1
Juros,15/07/2026,17.0,123.0,-,"33,677356","0,00000000","33,512621",NTSD19
Juros,15/01/2027,143.0,126.0,-,"34,512199","0,00000000","33,117613",NTSD19
Juros,15/07/2027,267.0,124.0,-,"33,955565","0,00000000","31,43865",NTSD19
Juros,17/01/2028,395.0,128.0,-,"35,069119","0,00000000","31,292715",NTSD19
Juros,17/07/2028,519.0,124.0,-,"33,955565","0,00000000","29,234514",NTSD19
Juros,15/01/2029,642.0,123.0,-,"33,677356","0,00000000","27,984317",NTSD19
Juros,16/07/2029,767.0,125.0,-,"34,233846","0,00000000","27,439341",NTSD19
Juros,15/01/2030,891.0,124.0,-,"33,955565","0,00000000","26,260046",NTSD19
Juros,15/07/2030,1015.0,124.0,-,"33,955565","0,00000000","25,337398",NTSD19
Juros,15/01/2031,1143.0,128.0,-,"35,069119","0,00000000","25,219784",NTSD19
Juros,15/07/2031,1266.0,123.0,-,"33,677356","0,00000000","23,374713",NTSD19
Juros,15/01/2032,1395.0,129.0,-,"35,347689","0,00000000","23,637934",NTSD19
Juros,15/07/2032,1520.0,125.0,-,"34,233846","0,00000000","22,082358",NTSD19
Juros,17/01/2033,1648.0,128.0,-,"35,069119","0,00000000","21,801183",NTSD19
Juros,15/07/2033,1772.0,124.0,-,"33,955565","0,00000000","20,367264",NTSD19
Juros,16/01/2034,1899.0,127.0,-,"34,790622","0,00000000","20,11753",NTSD19
Juros,17/07/2034,2023.0,124.0,-,"33,955565","0,00000000","18,944797",NTSD19
Juros,15/01/2035,2146.0,123.0,-,"33,677356","0,00000000","18,134634",NTSD19
Juros,16/07/2035,2271.0,125.0,-,"34,233846","0,00000000","17,781474",NTSD19
Juros,15/01/2036,2395.0,124.0,-,"33,955565","0,00000000","17,017257",NTSD19
Juros,15/07/2036,2519.0,124.0,-,"33,955565","0,00000000","16,419355",NTSD19
Juros,15/01/2037,2648.0,129.0,-,"35,347689","0,00000000","16,468208",NTSD19
Juros,15/07/2037,2771.0,123.0,-,"33,677356","0,00000000","15,143111",NTSD19
Juros,15/01/2038,2897.0,126.0,-,"34,512199","0,00000000","14,964622",NTSD19
Juros|Amortização,15/07/2038,3021.0,124.0,-,"33,955565","347,689812","159,668652",NTSD19
Juros,17/01/2039,3149.0,128.0,-,"23,379424","0,00000000","9,426683",NTSD19
Juros|Amortização,15/07/2039,3273.0,124.0,-,"22,637054","347,690333","144,071299",NTSD19
Juros,16/01/2040,3400.0,127.0,-,"11,596879","0,00000000","4,349341",NTSD19
Juros|Amortização,16/07/2040,3525.0,125.0,-,"11,411287","347,690333","129,909524",NTSD19
Juros|Amortização,15/06/2027,245.0,250.0,-,"39,053255","133,284169","159,049323",NEOE26
Juros|Amortização,16/06/2028,498.0,253.0,-,"33,884308","133,284592","142,011023",NEOE26
Juros|Amortização,15/06/2029,746.0,248.0,-,"27,667443","133,284272","126,063018",NEOE26
Juros|Amortização,17/06/2030,996.0,250.0,-,"22,316139","133,284272","112,290724",NEOE26
Juros|Amortização,16/06/2031,1245.0,249.0,-,"16,66878","133,28414","99,740457",NEOE26
Juros|Amortização,15/06/2032,1498.0,253.0,-,"11,294769","133,284339","88,518961",NEOE26
Juros|Amortização,15/06/2033,1751.0,253.0,-,"5,647383","133,284341","78,297255",NEOE26
Juros|Amortização,15/12/2026,122.0,127.0,-,"39,031618","47,981559","83,652112",NMCH11
Juros|Amortização,15/06/2027,245.0,123.0,-,"36,271794","47,981942","77,845356",NMCH11
Juros|Amortização,15/12/2027,372.0,127.0,-,"35,909077","47,981254","74,395418",NMCH11
Juros|Amortização,16/06/2028,498.0,126.0,-,"34,073048","47,982035","69,866781",NMCH11
Juros|Amortização,15/12/2028,623.0,125.0,-,"32,262039","47,981484","65,621542",NMCH11
Juros|Amortização,15/06/2029,746.0,123.0,-,"30,22648","47,981535","61,466625",NMCH11
Juros|Amortização,17/12/2029,872.0,126.0,-,"29,426711","47,981918","58,412856",NMCH11
Juros|Amortização,17/06/2030,996.0,124.0,-,"27,428464","47,981897","54,671566",NMCH11
Juros|Amortização,16/12/2030,1123.0,127.0,-,"26,541463","47,981875","51,857733",NMCH11
Juros|Amortização,16/06/2031,1245.0,122.0,-,"23,981516","47,981467","48,141795",NMCH11
Juros|Amortização,15/12/2031,1374.0,129.0,-,"23,793758","47,981707","46,057399",NMCH11
Juros|Amortização,15/06/2032,1498.0,124.0,-,"21,333221","47,981738","42,732844",NMCH11
Juros|Amortização,15/12/2032,1625.0,127.0,-,"20,296385","47,98138","40,402185",NMCH11
Juros|Amortização,15/06/2033,1751.0,126.0,-,"18,585251","47,98124","37,819187",NMCH11
Juros|Amortização,15/12/2033,1877.0,126.0,-,"17,036486","47,981402","35,466665",NMCH11
Juros|Amortização,15/06/2034,2001.0,124.0,-,"15,238016","47,981454","33,132161",NMCH11
Juros|Amortização,15/12/2034,2127.0,126.0,-,"13,938944","47,981406","31,157549",NMCH11
Juros|Amortização,15/06/2035,2250.0,123.0,-,"12,090573","47,981461","29,050518",NMCH11
Juros|Amortização,17/12/2035,2376.0,126.0,-,"10,841402","47,981413","27,312302",NMCH11
Juros|Amortização,16/06/2036,2498.0,122.0,-,"8,993068","47,981564","25,432317",NMCH11
Juros|Amortização,15/12/2036,2627.0,129.0,-,"7,931249","47,98145","23,940054",NMCH11
Juros|Amortização,15/06/2037,2749.0,122.0,-,"5,995376","47,98145","22,218457",NMCH11
Juros|Amortização,15/12/2037,2876.0,127.0,-,"4,683782","47,981402","20,807548",NMCH11
Juros|Amortização,15/06/2038,3000.0,124.0,-,"3,047604","47,981474","19,369858",NMCH11
Juros|Amortização,15/12/2038,3126.0,126.0,-,"1,548772","47,981474","18,05137",NMCH11
Juros,15/09/2026,60.0,126.0,-,"35,285938","0,00000000","34,644495",MRSAB2
Juros,15/03/2027,182.0,122.0,-,"34,148457","0,00000000","32,300053",MRSAB2
Juros,15/09/2027,310.0,128.0,-,"35,855108","0,00000000","32,612645",MRSAB2
Juros,15/03/2028,435.0,125.0,-,"35,00146","0,00000000","30,642371",MRSAB2
Juros,15/09/2028,562.0,127.0,-,"35,570487","0,00000000","29,95447",MRSAB2
Juros,15/03/2029,683.0,121.0,-,"33,864266","0,00000000","27,481844",MRSAB2
Juros,17/09/2029,811.0,128.0,-,"35,855108","0,00000000","27,980668",MRSAB2
Juros,15/03/2030,932.0,121.0,-,"33,864266","0,00000000","25,467193",MRSAB2
Juros,16/09/2030,1060.0,128.0,-,"35,855108","0,00000000","25,929449",MRSAB2
Juros,17/03/2031,1184.0,124.0,-,"34,717055","0,00000000","24,172364",MRSAB2
Juros,15/09/2031,1310.0,126.0,-,"35,285938","0,00000000","23,639938",MRSAB2
Juros,15/03/2032,1435.0,125.0,-,"35,00146","0,00000000","22,570025",MRSAB2
Juros,15/09/2032,1563.0,128.0,-,"35,855108","0,00000000","22,233086",MRSAB2
Juros,15/03/2033,1687.0,124.0,-,"34,717055","0,00000000","20,726482",MRSAB2
Juros,15/09/2033,1815.0,128.0,-,"35,855108","0,00000000","20,584323",MRSAB2
Juros,15/03/2034,1939.0,124.0,-,"34,717055","0,00000000","19,189446",MRSAB2
Juros|Amortização,15/09/2034,2066.0,127.0,-,"35,570487","364,854998","212,900606",MRSAB2
Juros,15/03/2035,2187.0,121.0,-,"22,576188","0,00000000","11,567464",MRSAB2
Juros|Amortização,17/09/2035,2315.0,128.0,-,"23,903416","364,855545","191,544995",MRSAB2
Juros,17/03/2036,2437.0,122.0,-,"11,382824","0,00000000","5,403062",MRSAB2
Juros|Amortização,15/09/2036,2563.0,126.0,-,"11,761985","364,855545","172,012072",MRSAB2
Juros,15/09/2026,60.0,126.0,-,"35,638227","0,00000000","34,989756",MRSAB1
Juros,15/03/2027,182.0,122.0,-,"34,489931","0,00000000","32,621277",MRSAB1
Juros,15/09/2027,310.0,128.0,-,"36,212796","0,00000000","32,934948",MRSAB1
Juros,15/03/2028,435.0,125.0,-,"35,351049","0,00000000","30,944416",MRSAB1
Juros,15/09/2028,562.0,127.0,-,"35,925478","0,00000000","30,248354",MRSAB1
Juros,15/03/2029,683.0,121.0,-,"34,20303","0,00000000","27,75112",MRSAB1
Juros,17/09/2029,811.0,128.0,-,"36,212796","0,00000000","28,252981",MRSAB1
Juros,15/03/2030,932.0,121.0,-,"34,20303","0,00000000","25,714823",MRSAB1
Juros,16/09/2030,1060.0,128.0,-,"36,212796","0,00000000","26,17986",MRSAB1
Juros,17/03/2031,1184.0,124.0,-,"35,063939","0,00000000","24,405288",MRSAB1
Juros,15/09/2031,1310.0,126.0,-,"35,638227","0,00000000","23,866649",MRSAB1
Juros,15/03/2032,1435.0,125.0,-,"35,351049","0,00000000","22,785718",MRSAB1
Juros,15/09/2032,1563.0,128.0,-,"36,212796","0,00000000","22,44444",MRSAB1
Juros,15/03/2033,1687.0,124.0,-,"35,063939","0,00000000","20,923069",MRSAB1
Juros|Amortização,15/09/2033,1815.0,128.0,-,"36,212796","380,362399","239,02559",MRSAB1
Juros,15/03/2034,1939.0,124.0,-,"23,37597","0,00000000","12,91334",MRSAB1
Juros|Amortização,15/09/2034,2066.0,127.0,-,"23,95033","380,36297","214,835581",MRSAB1
Juros,15/03/2035,2187.0,121.0,-,"11,401015","0,00000000","5,837789",MRSAB1
Juros|Amortização,17/09/2035,2315.0,128.0,-,"12,070937","380,36297","193,222517",MRSAB1
Juros,15/09/2026,60.0,126.0,-,"36,222883","0,00000000","35,584398",MRSAC1
Juros,15/03/2027,182.0,122.0,-,"35,055467","0,00000000","33,214532",MRSAC1
Juros,15/09/2027,310.0,128.0,-,"36,807025","0,00000000","33,575812",MRSAC1
Juros,15/03/2028,435.0,125.0,-,"35,930921","0,00000000","31,584483",MRSAC1
Juros,15/09/2028,562.0,127.0,-,"36,514919","0,00000000","30,912058",MRSAC1
Juros,15/03/2029,683.0,121.0,-,"34,763796","0,00000000","28,392868",MRSAC1
Juros,17/09/2029,811.0,128.0,-,"36,807025","0,00000000","28,942512",MRSAC1
Juros,15/03/2030,932.0,121.0,-,"34,763796","0,00000000","26,372858",MRSAC1
Juros,16/09/2030,1060.0,128.0,-,"36,807025","0,00000000","26,883398",MRSAC1
Juros,17/03/2031,1184.0,124.0,-,"35,639032","0,00000000","25,090982",MRSAC1
Juros,15/09/2031,1310.0,126.0,-,"36,222883","0,00000000","24,5672",MRSAC1
Juros,15/03/2032,1435.0,125.0,-,"35,930921","0,00000000","23,482839",MRSAC1
Juros,15/09/2032,1563.0,128.0,-,"36,807025","0,00000000","23,159885",MRSAC1
Juros,15/03/2033,1687.0,124.0,-,"35,639032","0,00000000","21,61573",MRSAC1
Juros,15/09/2033,1815.0,128.0,-,"36,807025","0,00000000","21,493056",MRSAC1
Juros,15/03/2034,1939.0,124.0,-,"35,639032","0,00000000","20,060034",MRSAC1
Juros,15/09/2034,2066.0,127.0,-,"36,514919","0,00000000","19,793759",MRSAC1
Juros,15/03/2035,2187.0,121.0,-,"34,763796","0,00000000","18,180659",MRSAC1
Juros,17/09/2035,2315.0,128.0,-,"36,807025","0,00000000","18,53261",MRSAC1
Juros,17/03/2036,2437.0,122.0,-,"35,055467","0,00000000","17,023835",MRSAC1
Juros|Amortização,15/09/2036,2563.0,126.0,-,"36,222883","380,362399","194,888607",MRSAC1
Juros,16/03/2037,2688.0,125.0,-,"23,953959","0,00000000","10,798649",MRSAC1
Juros|Amortização,15/09/2037,2814.0,126.0,-,"24,1486","380,36297","175,672573",MRSAC1
Juros,15/03/2038,2936.0,122.0,-,"11,685161","0,00000000","4,894445",MRSAC1
Juros|Amortização,15/09/2038,3064.0,128.0,-,"12,269014","380,36297","158,335355",MRSAC1
Juros,15/07/2026,17.0,123.0,-,"38,428632","0,00000000","38,225323",CCROB6
Juros,15/01/2027,143.0,126.0,-,"39,380612","0,00000000","37,662037",CCROB6
Juros,15/07/2027,267.0,124.0,-,"38,74588","0,00000000","35,648644",CCROB6
Juros|Amortização,17/01/2028,395.0,128.0,-,"40,015658","62,14768","90,316404",CCROB6
Juros,17/07/2028,519.0,124.0,-,"36,808585","0,00000000","31,305224",CCROB6
Juros|Amortização,15/01/2029,642.0,123.0,-,"36,5072","62,148177","80,745831",CCROB6
Juros,16/07/2029,767.0,125.0,-,"35,156869","0,00000000","27,673887",CCROB6
Juros|Amortização,15/01/2030,891.0,124.0,-,"34,871276","62,148149","73,470806",CCROB6
Juros,15/07/2030,1015.0,124.0,-,"32,933967","0,00000000","23,993648",CCROB6
Juros|Amortização,15/01/2031,1143.0,128.0,-,"34,013277","62,14812","67,314261",CCROB6
Juros,15/07/2031,1266.0,123.0,-,"30,742862","0,00000000","20,710103",CCROB6
Juros|Amortização,15/01/2032,1395.0,129.0,-,"32,266593","99,436147","85,221926",CCROB6
Juros,15/07/2032,1520.0,125.0,-,"28,125468","0,00000000","17,503178",CCROB6
Juros|Amortização,17/01/2033,1648.0,128.0,-,"28,811233","99,436048","76,686585",CCROB6
Juros,15/07/2033,1772.0,124.0,-,"24,79733","0,00000000","14,265016",CCROB6
Juros|Amortização,16/01/2034,1899.0,127.0,-,"25,406748","265,121464","160,636884",CCROB6
Juros,17/07/2034,2023.0,124.0,-,"16,532851","0,00000000","8,794291",CCROB6
Juros|Amortização,15/01/2035,2146.0,123.0,-,"16,397481","265,18391","144,141387",CCROB6
Juros,16/07/2035,2271.0,125.0,-,"8,334127","0,00000000","4,103037",CCROB6
Juros|Amortização,15/01/2036,2395.0,124.0,-,"8,266425","265,183911","129,514969",CCROB6
Juros|Amortização,15/12/2026,122.0,127.0,-,"17,701986","278,365095","285,075141",CCROB4
Juros,15/06/2027,245.0,123.0,-,"11,425847","0,00000000","10,589907",CCROB4
Juros|Amortização,15/12/2027,372.0,127.0,-,"11,80133","278,365512","258,551697",CCROB4
Juros,16/06/2028,498.0,126.0,-,"5,853718","0,00000000","5,01605",CCROB4
Juros|Amortização,15/12/2028,623.0,125.0,-,"5,806778","278,365514","234,248622",CCROB4
Juros|Amortização,16/11/2026,102.0,127.0,-,"35,232782","19,524259","53,024583",MSGT23
Juros|Amortização,17/05/2027,225.0,123.0,-,"33,536736","6,297463","37,107013",MSGT23
Juros|Amortização,16/11/2027,351.0,126.0,-,"34,178327","1,259435","31,726206",MSGT23
Juros|Amortização,15/05/2028,475.0,124.0,-,"33,590811","0,377527","29,245017",MSGT23
Juros|Amortização,16/11/2028,603.0,128.0,-,"34,67922","2,770661","30,967503",MSGT23
Juros|Amortização,15/05/2029,724.0,121.0,-,"32,676125","3,778507","29,016489",MSGT23
Juros|Amortização,16/11/2029,852.0,128.0,-,"34,480024","5,0379","30,210954",MSGT23
Juros|Amortização,15/05/2030,973.0,121.0,-,"32,422845","5,667845","28,030158",MSGT23
Juros|Amortização,18/11/2030,1104.0,131.0,-,"34,967237","11,966","33,140169",MSGT23
Juros|Amortização,15/05/2031,1224.0,120.0,-,"31,648762","10,706412","28,797445",MSGT23
Juros|Amortização,17/11/2031,1355.0,131.0,-,"34,261238","20,783969","35,911579",MSGT23
Juros|Amortização,17/05/2032,1478.0,123.0,-,"31,531593","18,894122","31,646791",MSGT23
Juros|Amortização,16/11/2032,1604.0,126.0,-,"31,746498","88,171732","72,329385",MSGT23
Juros|Amortização,16/05/2033,1729.0,125.0,-,"28,872846","88,172598","67,869229",MSGT23
Juros|Amortização,16/11/2033,1856.0,127.0,-,"26,681182","88,172055","63,984783",MSGT23
Juros|Amortização,15/05/2034,1979.0,123.0,-,"23,253169","88,171761","59,714314",MSGT23
Juros|Amortização,16/11/2034,2107.0,128.0,-,"21,530886","88,172089","56,466732",MSGT23
Juros|Amortização,15/05/2035,2228.0,121.0,-,"17,803633","88,171957","52,506913",MSGT23
Juros|Amortização,16/11/2035,2356.0,128.0,-,"16,167331","85,023462","48,153716",MSGT23
Juros|Amortização,15/05/2036,2477.0,121.0,-,"12,828024","85,023202","44,822025",MSGT23
Juros|Amortização,17/11/2036,2608.0,131.0,-,"11,256987","88,172066","43,702473",MSGT23
Juros|Amortização,15/05/2037,2729.0,121.0,-,"7,852419","88,172373","40,626787",MSGT23
Juros|Amortização,16/11/2037,2856.0,127.0,-,"5,587089","185,161684","77,536451",MSGT23
Juros|Amortização,15/10/2026,81.0,250.0,-,"60,939447","84,384099","141,599053",LTTE15
Juros|Amortização,15/10/2027,331.0,250.0,-,"56,679232","84,383411","126,863015",LTTE15
Juros|Amortização,16/10/2028,582.0,251.0,-,"52,633955","84,383807","113,699702",LTTE15
Juros|Amortização,15/10/2029,830.0,248.0,-,"47,764091","84,384344","101,279499",LTTE15
Juros|Amortização,15/10/2030,1081.0,251.0,-,"44,078593","91,721386","96,032595",LTTE15
Juros|Amortização,15/10/2031,1332.0,251.0,-,"39,428963","91,721979","85,575574",LTTE15
Juros|Amortização,15/10/2032,1584.0,252.0,-,"34,921333","91,721673","76,221916",LTTE15
Juros|Amortização,17/10/2033,1836.0,252.0,-,"30,2527","91,721553","67,715339",LTTE15
Juros|Amortização,16/10/2034,2086.0,250.0,-,"25,375984","93,188858","60,753803",LTTE15
Juros|Amortização,15/10/2035,2334.0,248.0,-,"20,501808","95,390497","54,846536",LTTE15
Juros|Amortização,15/10/2036,2585.0,251.0,-,"15,920369","101,26066","51,169521",LTTE15
Juros|Amortização,15/10/2037,2835.0,250.0,-,"10,74312","106,397026","47,212659",LTTE15
Juros|Amortização,15/10/2038,3085.0,250.0,-,"5,37156","106,397026","41,578719",LTTE15
Juros,17/08/2026,40.0,124.0,-,"32,181738","0,00000000","31,812429",KLBNA5
Juros,15/02/2027,162.0,122.0,-,"31,655262","0,00000000","30,209578",KLBNA5
Juros,16/08/2027,289.0,127.0,-,"32,971912","0,00000000","30,333861",KLBNA5
Juros,15/02/2028,416.0,127.0,-,"32,971912","0,00000000","29,242367",KLBNA5
Juros,15/08/2028,540.0,124.0,-,"32,181738","0,00000000","27,538397",KLBNA5
Juros,15/02/2029,663.0,123.0,-,"31,91847","0,00000000","26,360722",KLBNA5
Juros,15/08/2029,789.0,126.0,-,"32,708459","0,00000000","26,048665",KLBNA5
Juros,15/02/2030,914.0,125.0,-,"32,445067","0,00000000","24,923527",KLBNA5
Juros,15/08/2030,1038.0,124.0,-,"32,181738","0,00000000","23,852346",KLBNA5
Juros,17/02/2031,1166.0,128.0,-,"33,235425","0,00000000","23,740089",KLBNA5
Juros,15/08/2031,1289.0,123.0,-,"31,91847","0,00000000","22,004386",KLBNA5
Juros,16/02/2032,1415.0,126.0,-,"32,708459","0,00000000","21,743899",KLBNA5
Juros,16/08/2032,1542.0,127.0,-,"32,971912","0,00000000","21,13033",KLBNA5
Juros,15/02/2033,1669.0,127.0,-,"32,971912","0,00000000","20,370004",KLBNA5
Juros,15/08/2033,1793.0,124.0,-,"32,181738","0,00000000","19,183031",KLBNA5
Juros,15/02/2034,1921.0,128.0,-,"33,235425","0,00000000","19,09275",KLBNA5
Juros,15/08/2034,2044.0,123.0,-,"31,91847","0,00000000","17,696827",KLBNA5
Juros,15/02/2035,2167.0,123.0,-,"31,91847","0,00000000","17,079749",KLBNA5
Juros,15/08/2035,2293.0,126.0,-,"32,708459","0,00000000","16,877559",KLBNA5
Juros,15/02/2036,2418.0,125.0,-,"32,445067","0,00000000","16,148556",KLBNA5
Juros,15/08/2036,2542.0,124.0,-,"32,181738","0,00000000","15,454511",KLBNA5
Juros,18/02/2037,2670.0,128.0,-,"33,235425","0,00000000","15,381777",KLBNA5
Juros|Amortização,17/08/2037,2794.0,124.0,-,"32,181738","365,794794","177,714774",KLBNA5
Juros,15/02/2038,2918.0,124.0,-,"21,454502","0,00000000","9,243688",KLBNA5
Juros|Amortização,16/08/2038,3043.0,125.0,-,"21,630056","365,795342","161,009086",KLBNA5
Juros,15/02/2039,3170.0,127.0,-,"10,990642","0,00000000","4,403217",KLBNA5
Juros|Amortização,15/08/2039,3294.0,124.0,-,"10,727251","365,795342","145,545549",KLBNA5
Juros|Amortização,16/11/2026,102.0,127.0,-,"46,697761","7,518802","52,447383",ITPO14
Juros|Amortização,17/05/2027,225.0,123.0,-,"44,977817","18,797089","59,274395",ITPO14
Juros|Amortização,16/11/2027,351.0,126.0,-,"45,509695","18,797891","57,369518",ITPO14
Juros|Amortização,15/05/2028,475.0,124.0,-,"44,203827","56,392293","86,195467",ITPO14
Juros|Amortização,16/11/2028,603.0,128.0,-,"43,877923","56,392077","82,412557",ITPO14
Juros|Amortização,15/05/2029,724.0,121.0,-,"39,767473","56,392691","75,984593",ITPO14
Juros|Amortização,16/11/2029,852.0,128.0,-,"40,329847","56,392109","73,31192",ITPO14
Juros|Amortização,15/05/2030,973.0,121.0,-,"36,416285","75,190338","81,32938",ITPO14
Juros|Amortização,18/11/2030,1104.0,131.0,-,"37,052148","75,189388","78,380225",ITPO14
Juros|Amortização,15/05/2031,1224.0,120.0,-,"31,680151","75,1899","71,772512",ITPO14
Juros|Amortização,17/11/2031,1355.0,131.0,-,"32,208748","75,19001","69,118897",ITPO14
Juros|Amortização,17/05/2032,1478.0,123.0,-,"27,940785","75,190152","63,769346",ITPO14
Juros|Amortização,16/11/2032,1604.0,126.0,-,"26,304843","75,190325","60,237932",ITPO14
Juros|Amortização,16/05/2033,1729.0,125.0,-,"23,783783","75,189635","56,400922",ITPO14
Juros|Amortização,16/11/2033,1856.0,127.0,-,"21,823589","75,190042","53,047",ITPO14
Juros|Amortização,15/05/2034,1979.0,123.0,-,"18,854344","75,189995","49,406739",ITPO14
Juros|Amortização,16/11/2034,2107.0,128.0,-,"17,267325","75,189778","46,592175",ITPO14
Juros|Amortização,15/05/2035,2228.0,121.0,-,"14,075007","75,189895","43,24754",ITPO14
Juros|Amortização,16/11/2035,2356.0,128.0,-,"12,536557","75,189887","40,76903",ITPO14
Juros|Amortização,15/05/2036,2477.0,121.0,-,"9,606755","161,658517","76,520384",ITPO14
Juros|Amortização,17/11/2036,2608.0,131.0,-,"5,206679","161,658518","71,444533",ITPO14
Juros|Amortização,16/11/2026,102.0,127.0,-,"29,917772","25,148758","53,390449",CTEE29
Juros|Amortização,17/05/2027,225.0,123.0,-,"28,321579","25,148289","49,945578",CTEE29
Juros|Amortização,16/11/2027,351.0,126.0,-,"28,363482","25,148603","48,112403",CTEE29
Juros|Amortização,15/05/2028,475.0,124.0,-,"27,260264","25,846927","45,987411",CTEE29
Juros|Amortização,16/11/2028,603.0,128.0,-,"27,464239","25,847546","44,40817",CTEE29
Juros|Amortização,15/05/2029,724.0,121.0,-,"25,294642","26,545976","41,627959",CTEE29
Juros|Amortização,16/11/2029,852.0,128.0,-,"26,071695","27,244341","41,183838",CTEE29
Juros|Amortização,15/05/2030,973.0,121.0,-,"23,94413","27,243928","38,116491",CTEE29
Juros|Amortização,18/11/2030,1104.0,131.0,-,"25,20837","27,243861","37,537679",CTEE29
Juros|Amortização,15/05/2031,1224.0,120.0,-,"22,387224","27,942563","34,732452",CTEE29
Juros|Amortização,17/11/2031,1355.0,131.0,-,"23,706754","27,942889","34,256017",CTEE29
Juros|Amortização,17/05/2032,1478.0,123.0,-,"21,52739","28,641407","32,056441",CTEE29
Juros|Amortização,16/11/2032,1604.0,126.0,-,"21,31006","28,641377","30,721813",CTEE29
Juros|Amortização,16/05/2033,1729.0,125.0,-,"20,395582","28,641335","29,038279",CTEE29
Juros|Amortização,16/11/2033,1856.0,127.0,-,"19,970955","30,038763","28,496252",CTEE29
Juros|Amortização,15/05/2034,1979.0,123.0,-,"18,567183","30,038794","26,683027",CTEE29
Juros|Amortização,16/11/2034,2107.0,128.0,-,"18,533504","30,038738","25,650013",CTEE29
Juros|Amortização,15/05/2035,2228.0,121.0,-,"16,753156","31,435836","24,531413",CTEE29
Juros|Amortização,16/11/2035,2356.0,128.0,-,"16,899599","31,435724","23,669734",CTEE29
Juros|Amortização,15/05/2036,2477.0,121.0,-,"15,174643","32,13414","22,332936",CTEE29
Juros|Amortização,17/11/2036,2608.0,131.0,-,"15,571295","32,133879","21,643561",CTEE29
Juros|Amortização,15/05/2037,2729.0,121.0,-,"13,561069","32,832469","20,290653",CTEE29
Juros|Amortização,16/11/2037,2856.0,127.0,-,"13,376576","33,530984","19,740902",CTEE29
Juros|Amortização,17/05/2038,2979.0,123.0,-,"12,093983","33,531449","18,498785",CTEE29
Juros|Amortização,16/11/2038,3105.0,126.0,-,"11,515672","33,531105","17,579932",CTEE29
Juros|Amortização,16/05/2039,3230.0,125.0,-,"10,553051","34,928326","17,089758",CTEE29
Juros|Amortização,16/11/2039,3357.0,127.0,-,"9,803109","34,928521","16,17345",CTEE29
Juros|Amortização,15/05/2040,3482.0,125.0,-,"8,740432","35,62686","15,44542",CTEE29
Juros|Amortização,16/11/2040,3610.0,128.0,-,"8,006055","36,325612","14,845844",CTEE29
Juros|Amortização,15/05/2041,3731.0,121.0,-,"6,650749","36,325559","13,873793",CTEE29
Juros|Amortização,18/11/2041,3862.0,131.0,-,"6,219397","37,023965","13,416671",CTEE29
Juros|Amortização,15/05/2042,3982.0,120.0,-,"4,76893","37,024168","12,503649",CTEE29
Juros|Amortização,17/11/2042,4113.0,131.0,-,"4,204555","37,722638","12,055554",CTEE29
Juros|Amortização,15/05/2043,4234.0,121.0,-,"2,932501","38,421156","11,462533",CTEE29
Juros|Amortização,16/11/2043,4361.0,127.0,-,"2,06672","38,421214","10,798861",CTEE29
Juros|Amortização,16/05/2044,4484.0,123.0,-,"1,020016","39,958077","10,529703",CTEE29
Juros|Amortização,15/07/2026,17.0,123.0,-,"35,613073","46,574479","81,555206",IGSN15
Juros|Amortização,15/01/2027,143.0,126.0,-,"35,095112","46,574232","76,531993",IGSN15
Juros|Amortização,15/07/2027,267.0,124.0,-,"33,152944","46,575106","70,620054",IGSN15
Juros|Amortização,17/01/2028,395.0,128.0,-,"32,816495","57,322196","75,33067",IGSN15
Juros|Amortização,17/07/2028,519.0,124.0,-,"30,081261","57,322546","69,043672",IGSN15
Juros|Amortização,15/01/2029,642.0,123.0,-,"28,154296","71,65335","74,556859",IGSN15
Juros|Amortização,16/07/2029,767.0,125.0,-,"26,483106","71,653067","69,260965",IGSN15
Juros|Amortização,15/01/2030,891.0,124.0,-,"24,149746","71,65298","63,910208",IGSN15
Juros|Amortização,15/07/2030,1015.0,124.0,-,"22,031355","71,653361","59,073683",IGSN15
Juros|Amortização,15/01/2031,1143.0,128.0,-,"20,565015","71,653249","54,863806",IGSN15
Juros|Amortização,15/07/2031,1266.0,123.0,-,"17,648964","71,653461","50,241489",IGSN15
Juros|Amortização,15/01/2032,1395.0,129.0,-,"16,317879","78,818709","50,47696",IGSN15
Juros|Amortização,15/07/2032,1520.0,125.0,-,"13,45512","78,818411","46,254968",IGSN15
Juros|Amortização,17/01/2033,1648.0,128.0,-,"11,376383","78,818335","42,658545",IGSN15
Juros|Amortização,15/07/2033,1772.0,124.0,-,"8,685435","78,818646","39,118859",IGSN15
Juros|Amortização,16/01/2034,1899.0,127.0,-,"6,511254","107,479799","48,102721",IGSN15
Juros|Amortização,17/07/2034,2023.0,124.0,-,"3,177596","107,4798","44,137961",IGSN15
Juros|Amortização,16/11/2026,102.0,127.0,-,"53,379261","6,654349","57,569758",IRJS14
Juros|Amortização,17/05/2027,225.0,123.0,-,"51,404526","3,992629","50,505687",IRJS14
Juros|Amortização,16/11/2027,351.0,126.0,-,"52,522691","3,992228","48,925302",IRJS14
Juros|Amortização,15/05/2028,475.0,124.0,-,"51,514869","5,988938","47,308748",IRJS14
Juros|Amortização,16/11/2028,603.0,128.0,-,"52,965522","5,988641","46,017186",IRJS14
Juros|Amortização,15/05/2029,724.0,121.0,-,"49,782876","10,645354","44,880242",IRJS14
Juros|Amortização,16/11/2029,852.0,128.0,-,"52,286138","10,645894","44,34532",IRJS14
Juros|Amortização,15/05/2030,973.0,121.0,-,"48,961736","15,969344","43,534986",IRJS14
Juros|Amortização,18/11/2030,1104.0,131.0,-,"52,42382","15,969034","43,453217",IRJS14
Juros|Amortização,15/05/2031,1224.0,120.0,-,"47,328057","15,968568","38,280706",IRJS14
Juros|Amortização,17/11/2031,1355.0,131.0,-,"51,088184","15,968979","38,429965",IRJS14
Juros|Amortização,17/05/2032,1478.0,123.0,-,"47,281678","25,283649","39,537285",IRJS14
Juros|Amortização,16/11/2032,1604.0,126.0,-,"47,441556","25,28459","37,625809",IRJS14
Juros|Amortização,16/05/2033,1729.0,125.0,-,"46,049606","36,595244","40,616929",IRJS14
Juros|Amortização,16/11/2033,1856.0,127.0,-,"45,318377","36,595703","38,211052",IRJS14
Juros|Amortização,15/05/2034,1979.0,123.0,-,"42,428238","39,921706","36,521334",IRJS14
Juros|Amortização,16/11/2034,2107.0,128.0,-,"42,557196","39,921936","34,704686",IRJS14
Juros|Amortização,15/05/2035,2228.0,121.0,-,"38,645883","41,918565","32,255013",IRJS14
Juros|Amortização,16/11/2035,2356.0,128.0,-,"39,214575","41,918177","30,818444",IRJS14
Juros|Amortização,15/05/2036,2477.0,121.0,-,"35,412551","42,583764","28,190211",IRJS14
Juros|Amortização,17/11/2036,2608.0,131.0,-,"36,618743","42,583391","27,12605",IRJS14
Juros|Amortização,15/05/2037,2729.0,121.0,-,"32,12791","49,902519","26,732181",IRJS14
Juros|Amortização,16/11/2037,2856.0,127.0,-,"31,730954","49,9024","25,25028",IRJS14
Juros|Amortização,17/05/2038,2979.0,123.0,-,"28,7552","56,955619","25,205023",IRJS14
Juros|Amortização,16/11/2038,3105.0,126.0,-,"27,181281","56,955709","23,493948",IRJS14
Juros|Amortização,16/05/2039,3230.0,125.0,-,"24,690657","57,221939","21,727799",IRJS14
Juros|Amortização,16/11/2039,3357.0,127.0,-,"22,775108","57,221557","20,14077",IRJS14
Juros|Amortização,15/05/2040,3482.0,125.0,-,"20,128135","59,350873","19,00871",IRJS14
Juros|Amortização,16/11/2040,3610.0,128.0,-,"18,196871","59,350954","17,596673",IRJS14
Juros|Amortização,15/05/2041,3731.0,121.0,-,"14,893801","59,882995","16,144981",IRJS14
Juros|Amortização,18/11/2041,3862.0,131.0,-,"13,645779","59,883323","15,043724",IRJS14
Juros|Amortização,15/05/2042,3982.0,120.0,-,"10,188255","66,536806","14,94244",IRJS14
Juros|Amortização,17/11/2042,4113.0,131.0,-,"8,358873","66,536799","13,821858",IRJS14
Juros|Amortização,15/05/2043,4234.0,121.0,-,"5,142524","133,340035","24,317254",IRJS14
Juros|Amortização,15/10/2026,81.0,126.0,-,"37,811284","32,950189","68,792353",HARG11
Juros|Amortização,15/04/2027,204.0,123.0,-,"35,842588","32,950962","64,073581",HARG11
Juros|Amortização,15/10/2027,331.0,127.0,-,"35,938212","32,950658","61,38511",HARG11
Juros|Amortização,17/04/2028,457.0,126.0,-,"34,570324","32,950692","57,58203",HARG11
Juros|Amortização,16/10/2028,582.0,125.0,-,"33,219932","32,950626","54,025419",HARG11
Juros|Amortização,16/04/2029,704.0,122.0,-,"31,364652","32,950365","50,325144",HARG11
Juros|Amortização,15/10/2029,830.0,126.0,-,"31,329368","32,950936","48,137617",HARG11
Juros|Amortização,15/04/2030,953.0,123.0,-,"29,517425","32,950434","44,817875",HARG11
Juros|Amortização,15/10/2030,1081.0,128.0,-,"29,639349","32,950673","42,946832",HARG11
Juros|Amortização,15/04/2031,1204.0,123.0,-,"27,409046","32,951103","39,679328",HARG11
Juros|Amortização,15/10/2031,1332.0,128.0,-,"27,443829","32,950693","37,970205",HARG11
Juros|Amortização,15/04/2032,1457.0,125.0,-,"25,718657","32,950955","35,313759",HARG11
Juros|Amortização,15/10/2032,1584.0,127.0,-,"25,047837","32,950483","33,398645",HARG11
Juros|Amortização,18/04/2033,1710.0,126.0,-,"23,767096","65,901315","49,418202",HARG11
Juros|Amortização,17/10/2033,1836.0,126.0,-,"21,606453","65,901387","46,156031",HARG11
Juros|Amortização,17/04/2034,1961.0,125.0,-,"19,288993","65,901322","43,018677",HARG11
Juros|Amortização,16/10/2034,2086.0,125.0,-,"17,145773","65,901396","40,14921",HARG11
Juros|Amortização,16/04/2035,2208.0,122.0,-,"14,636838","98,852226","52,583014",HARG11
Juros|Amortização,15/10/2035,2334.0,126.0,-,"11,883545","98,85196","49,103492",HARG11
Juros|Amortização,15/04/2036,2457.0,123.0,-,"8,433549","131,802794","59,576371",HARG11
Juros|Amortização,15/10/2036,2585.0,128.0,-,"4,391012","131,802796","55,335293",HARG11
Juros,15/10/2026,81.0,126.0,-,"37,541556","0,00000000","36,514343",HBSA11
Juros,15/04/2027,204.0,123.0,-,"36,634933","0,00000000","34,162555",HBSA11
Juros,15/10/2027,331.0,127.0,-,"37,843903","0,00000000","33,787774",HBSA11
Juros,17/04/2028,457.0,126.0,-,"37,541556","0,00000000","32,102097",HBSA11
Juros|Amortização,16/10/2028,582.0,125.0,-,"37,239278","1.269,27788","1.070,391051",HBSA11
Juros|Amortização,15/12/2026,122.0,127.0,-,"50,039457","31,785684","78,248097",HVSP11
Juros|Amortização,15/06/2027,245.0,123.0,-,"47,177818","34,525569","74,688715",HVSP11
Juros|Amortização,15/12/2027,372.0,127.0,-,"47,334654","34,526053","71,430194",HVSP11
Juros|Amortização,16/06/2028,498.0,126.0,-,"45,557511","38,91008","70,37963",HVSP11
Juros|Amortização,15/12/2028,623.0,125.0,-,"43,627148","38,910077","65,692591",HVSP11
Juros|Amortização,15/06/2029,746.0,123.0,-,"41,379353","42,061919","63,485617",HVSP11
Juros|Amortização,17/12/2029,872.0,126.0,-,"40,706852","42,06209","60,13293",HVSP11
Juros|Amortização,17/06/2030,996.0,124.0,-,"38,373652","45,486897","58,219899",HVSP11
Juros|Amortização,16/12/2030,1123.0,127.0,-,"37,465343","45,487098","54,971087",HVSP11
Juros|Amortização,16/06/2031,1245.0,122.0,-,"34,180894","48,36429","52,309904",HVSP11
Juros|Amortização,15/12/2031,1374.0,129.0,-,"34,177741","48,364255","49,89308",HVSP11
Juros|Amortização,15/06/2032,1498.0,124.0,-,"30,901768","52,474021","48,158625",HVSP11
Juros|Amortização,15/12/2032,1625.0,127.0,-,"29,524047","52,474404","45,209654",HVSP11
Juros|Amortização,15/06/2033,1751.0,126.0,-,"27,163721","56,173068","43,874566",HVSP11
Juros|Amortização,15/12/2033,1877.0,126.0,-,"24,89085","56,173392","40,752657",HVSP11
Juros|Amortização,15/06/2034,2001.0,124.0,-,"22,251899","60,283586","39,649352",HVSP11
Juros|Amortização,15/12/2034,2127.0,126.0,-,"20,178777","60,283612","36,909558",HVSP11
Juros|Amortização,15/06/2035,2250.0,123.0,-,"17,308987","64,805176","36,007411",HVSP11
Juros|Amortização,17/12/2035,2376.0,126.0,-,"15,117445","64,805039","33,465193",HVSP11
Juros|Amortização,16/06/2036,2498.0,122.0,-,"12,090968","69,874069","32,820109",HVSP11
Juros|Amortização,15/12/2036,2627.0,129.0,-,"9,902968","69,87419","30,469344",HVSP11
Juros|Amortização,15/06/2037,2749.0,122.0,-,"6,619461","74,669521","29,689525",HVSP11
Juros|Amortização,15/12/2037,2876.0,127.0,-,"3,850479","74,669528","27,374318",HVSP11
Juros|Amortização,15/06/2038,3000.0,124.0,-,"0,785362","19,72925","6,834316",HVSP11
Juros,15/07/2026,17.0,123.0,-,"40,724524","0,00000000","40,35597",SUMI17
Juros,15/01/2027,143.0,126.0,-,"41,736457","0,00000000","38,663756",SUMI17
Juros,15/07/2027,267.0,124.0,-,"41,061736","0,00000000","35,598112",SUMI17
Juros,17/01/2028,395.0,128.0,-,"42,411577","0,00000000","34,335729",SUMI17
Juros,17/07/2028,519.0,124.0,-,"41,061736","0,00000000","31,110024",SUMI17
Juros,15/01/2029,642.0,123.0,-,"40,724524","0,00000000","28,890329",SUMI17
Juros,16/07/2029,767.0,125.0,-,"41,399047","0,00000000","27,469817",SUMI17
Juros,15/01/2030,891.0,124.0,-,"41,061736","0,00000000","25,497871",SUMI17
Juros|Amortização,15/07/2030,1015.0,124.0,-,"41,061736","548,843885","342,807518",SUMI17
Juros,15/01/2031,1143.0,128.0,-,"21,205788","0,00000000","11,507855",SUMI17
Juros|Amortização,15/07/2031,1266.0,123.0,-,"20,362261","548,843885","289,229787",SUMI17
Juros,15/10/2026,81.0,126.0,-,"40,109171","0,00000000","39,12601",FBRI13
Juros,15/04/2027,204.0,123.0,-,"39,137543","0,00000000","36,766194",FBRI13
Juros,15/10/2027,331.0,127.0,-,"40,433229","0,00000000","36,533772",FBRI13
Juros,17/04/2028,457.0,126.0,-,"40,109171","0,00000000","34,868545",FBRI13
Juros,16/10/2028,582.0,125.0,-,"39,785202","0,00000000","33,287318",FBRI13
Juros,16/04/2029,704.0,122.0,-,"38,813851","0,00000000","31,283135",FBRI13
Juros,15/10/2029,830.0,126.0,-,"40,109171","0,00000000","31,102927",FBRI13
Juros|Amortização,15/04/2030,953.0,123.0,-,"39,137543","221,897676","194,935046",FBRI13
Juros,15/10/2030,1081.0,128.0,-,"32,605901","0,00000000","23,412885",FBRI13
Juros|Amortização,15/04/2031,1204.0,123.0,-,"31,310035","221,897676","175,093045",FBRI13
Juros,15/10/2031,1332.0,128.0,-,"24,454426","0,00000000","16,25988",FBRI13
Juros|Amortização,15/04/2032,1457.0,125.0,-,"23,871121","221,897454","157,2727",FBRI13
Juros,15/10/2032,1584.0,127.0,-,"16,173299","0,00000000","9,954663",FBRI13
Juros|Amortização,18/04/2033,1710.0,126.0,-,"16,043675","221,897786","140,90686",FBRI13
Juros,17/10/2033,1836.0,126.0,-,"8,021837","0,00000000","4,570565",FBRI13
Juros|Amortização,17/04/2034,1961.0,125.0,-,"7,957044","221,897786","126,042439",FBRI13
Juros|Amortização,15/10/2026,81.0,126.0,-,"33,416941","22,018215","53,978746",EQTR11
Juros|Amortização,15/04/2027,204.0,123.0,-,"32,097157","29,358002","57,469579",EQTR11
Juros|Amortização,15/10/2027,331.0,127.0,-,"32,444321","29,35863","55,431937",EQTR11
Juros|Amortização,17/04/2028,457.0,126.0,-,"31,482301","36,698208","58,671203",EQTR11
Juros|Amortização,16/10/2028,582.0,125.0,-,"30,357162","36,698625","55,380603",EQTR11
Juros|Amortização,16/04/2029,704.0,122.0,-,"28,76904","44,03782","57,766842",EQTR11
Juros|Amortização,15/10/2029,830.0,126.0,-,"28,668227","44,037988","55,346706",EQTR11
Juros|Amortização,15/04/2030,953.0,123.0,-,"26,947871","22,018555","35,798168",EQTR11
Juros|Amortização,15/10/2030,1081.0,128.0,-,"27,520439","22,019429","34,725272",EQTR11
Juros|Amortização,15/04/2031,1204.0,123.0,-,"25,918011","29,358426","37,211143",EQTR11
Juros|Amortização,15/10/2031,1332.0,128.0,-,"26,269499","29,358627","35,905074",EQTR11
Juros|Amortização,15/04/2032,1457.0,125.0,-,"24,94868","36,698086","38,188127",EQTR11
Juros|Amortização,15/10/2032,1584.0,127.0,-,"24,466187","36,698242","36,34027",EQTR11
Juros|Amortização,18/04/2033,1710.0,126.0,-,"23,391854","44,037957","38,437496",EQTR11
Juros|Amortização,17/10/2033,1836.0,126.0,-,"22,336577","44,037646","36,300826",EQTR11
Juros|Amortização,17/04/2034,1961.0,125.0,-,"21,110417","58,71725","41,901268",EQTR11
Juros|Amortização,16/10/2034,2086.0,125.0,-,"19,714681","58,716585","39,511145",EQTR11
Juros|Amortização,16/04/2035,2208.0,122.0,-,"17,874246","66,0564","40,61962",EQTR11
Juros|Amortização,15/10/2035,2334.0,126.0,-,"16,884351","66,05664","38,512209",EQTR11
Juros|Amortização,15/04/2036,2457.0,123.0,-,"14,932897","73,39657","39,389183",EQTR11
Juros|Amortização,15/10/2036,2585.0,128.0,-,"13,760208","73,396156","37,264808",EQTR11
Juros|Amortização,15/04/2037,2709.0,124.0,-,"11,594632","80,735813","37,900429",EQTR11
Juros|Amortização,15/10/2037,2835.0,126.0,-,"9,849201","80,736051","35,675544",EQTR11
Juros|Amortização,15/04/2038,2959.0,124.0,-,"7,787436","88,075562","36,246287",EQTR11
Juros|Amortização,15/10/2038,3085.0,126.0,-,"5,803988","88,075324","34,056212",EQTR11
Juros|Amortização,15/04/2039,3210.0,125.0,-,"3,66379","154,132063","54,938739",EQTR11
Juros,15/12/2026,122.0,127.0,-,"41,439351","0,00000000","39,854931",EQPA18
Juros,15/06/2027,245.0,123.0,-,"40,110265","0,00000000","37,089842",EQPA18
Juros,15/12/2027,372.0,127.0,-,"41,439351","0,00000000","36,7949",EQPA18
Juros,16/06/2028,498.0,126.0,-,"41,106933","0,00000000","35,059342",EQPA18
Juros,15/12/2028,623.0,125.0,-,"40,774612","0,00000000","33,414218",EQPA18
Juros,15/06/2029,746.0,123.0,-,"40,110265","0,00000000","31,602929",EQPA18
Juros,17/12/2029,872.0,126.0,-,"41,106933","0,00000000","31,110063",EQPA18
Juros,17/06/2030,996.0,124.0,-,"40,44239","0,00000000","29,418071",EQPA18
Juros,16/12/2030,1123.0,127.0,-,"41,439351","0,00000000","28,944467",EQPA18
Juros,16/06/2031,1245.0,122.0,-,"39,778241","0,00000000","26,721898",EQPA18
Juros,15/12/2031,1374.0,129.0,-,"42,104485","0,00000000","27,142369",EQPA18
Juros,15/06/2032,1498.0,124.0,-,"40,44239","0,00000000","25,058079",EQPA18
Juros,15/12/2032,1625.0,127.0,-,"41,439351","0,00000000","24,654667",EQPA18
Juros,15/06/2033,1751.0,126.0,-,"41,106933","0,00000000","23,491744",EQPA18
Juros|Amortização,15/12/2033,1877.0,126.0,-,"41,106933","270,327267","170,95449",EQPA18
Juros,15/06/2034,2001.0,124.0,-,"30,331793","0,00000000","16,00309",EQPA18
Juros|Amortização,15/12/2034,2127.0,126.0,-,"30,830199","270,326997","152,620553",EQPA18
Juros,15/06/2035,2250.0,123.0,-,"20,055143","0,00000000","9,771829",EQPA18
Juros|Amortização,17/12/2035,2376.0,126.0,-,"20,553476","270,327402","136,137978",EQPA18
Juros,16/06/2036,2498.0,122.0,-,"9,944564","0,00000000","4,476297",EQPA18
Juros|Amortização,15/12/2036,2627.0,129.0,-,"10,526126","270,327402","121,313965",EQPA18
Juros,16/11/2026,102.0,127.0,-,"35,55199","0,00000000","34,409479",CGOS16
Juros,17/05/2027,225.0,123.0,-,"34,414975","0,00000000","32,022498",CGOS16
Juros,16/11/2027,351.0,126.0,-,"35,26763","0,00000000","31,518125",CGOS16
Juros,15/05/2028,475.0,124.0,-,"34,699122","0,00000000","29,802801",CGOS16
Juros,16/11/2028,603.0,128.0,-,"35,836421","0,00000000","29,543464",CGOS16
Juros,15/05/2029,724.0,121.0,-,"33,846893","0,00000000","26,842769",CGOS16
Juros,16/11/2029,852.0,128.0,-,"35,836421","0,00000000","27,279181",CGOS16
Juros,15/05/2030,973.0,121.0,-,"33,846893","0,00000000","24,785475",CGOS16
Juros,18/11/2030,1104.0,131.0,-,"36,690141","0,00000000","25,763732",CGOS16
Juros,15/05/2031,1224.0,120.0,-,"33,562957","0,00000000","22,67934",CGOS16
Juros,17/11/2031,1355.0,131.0,-,"36,690141","0,00000000","23,773906",CGOS16
Juros,17/05/2032,1478.0,123.0,-,"34,414975","0,00000000","21,438391",CGOS16
Juros,16/11/2032,1604.0,126.0,-,"35,26763","0,00000000","21,100724",CGOS16
Juros|Amortização,16/05/2033,1729.0,125.0,-,"34,983341","276,067572","178,800194",CGOS16
Juros,16/11/2033,1856.0,127.0,-,"26,663993","0,00000000","14,716311",CGOS16
Juros|Amortização,15/05/2034,1979.0,123.0,-,"25,811231","276,067296","160,176784",CGOS16
Juros,16/11/2034,2107.0,128.0,-,"17,918218","0,00000000","9,125577",CGOS16
Juros|Amortização,15/05/2035,2228.0,121.0,-,"16,923454","276,06771","143,54623",CGOS16
Juros,16/11/2035,2356.0,128.0,-,"8,959109","0,00000000","4,213085",CGOS16
Juros|Amortização,15/05/2036,2477.0,121.0,-,"8,461727","276,06771","128,71655",CGOS16
Juros,15/10/2026,81.0,126.0,-,"37,451716","0,00000000","36,470913",CGOS34
Juros,15/04/2027,204.0,123.0,-,"36,545866","0,00000000","34,183153",CGOS34
Juros,15/10/2027,331.0,127.0,-,"37,753819","0,00000000","33,873849",CGOS34
Juros,17/04/2028,457.0,126.0,-,"37,451716","0,00000000","32,243893",CGOS34
Juros,16/10/2028,582.0,125.0,-,"37,149687","0,00000000","30,700489",CGOS34
Juros,16/04/2029,704.0,122.0,-,"36,244071","0,00000000","28,778512",CGOS34
Juros,15/10/2029,830.0,126.0,-,"37,451716","0,00000000","28,534822",CGOS34
Juros,15/04/2030,953.0,123.0,-,"36,545866","0,00000000","26,74488",CGOS34
Juros,15/10/2030,1081.0,128.0,-,"38,056002","0,00000000","26,70626",CGOS34
Juros,15/04/2031,1204.0,123.0,-,"36,545866","0,00000000","24,633556",CGOS34
Juros,15/10/2031,1332.0,128.0,-,"38,056002","0,00000000","24,597986",CGOS34
Juros,15/04/2032,1457.0,125.0,-,"37,149687","0,00000000","23,048672",CGOS34
Juros|Amortização,15/10/2032,1584.0,127.0,-,"37,753819","284,97919","192,071955",CGOS34
Juros,18/04/2033,1710.0,126.0,-,"28,088786","0,00000000","16,040785",CGOS34
Juros|Amortização,17/10/2033,1836.0,126.0,-,"28,088786","284,978905","171,554851",CGOS34
Juros,17/04/2034,1961.0,125.0,-,"18,574853","0,00000000","9,770223",CGOS34
Juros|Amortização,16/10/2034,2086.0,125.0,-,"18,574853","284,979332","153,26032",CGOS34
Juros,16/04/2035,2208.0,122.0,-,"9,061021","0,00000000","4,395536",CGOS34
Juros|Amortização,15/10/2035,2334.0,126.0,-,"9,362933","284,979332","137,012267",CGOS34
Juros,17/08/2026,40.0,124.0,-,"36,940425","0,00000000","36,471554",CGOSB0
Juros,15/02/2027,162.0,122.0,-,"36,334361","0,00000000","34,502431",CGOSB0
Juros,16/08/2027,289.0,127.0,-,"37,85016","0,00000000","34,513279",CGOSB0
Juros,15/02/2028,416.0,127.0,-,"37,85016","0,00000000","33,141531",CGOSB0
Juros,15/08/2028,540.0,124.0,-,"36,940425","0,00000000","31,089171",CGOSB0
Juros,15/02/2029,663.0,123.0,-,"36,637351","0,00000000","29,64643",CGOSB0
Juros,15/08/2029,789.0,126.0,-,"37,54683","0,00000000","29,184123",CGOSB0
Juros,15/02/2030,914.0,125.0,-,"37,243585","0,00000000","27,815608",CGOSB0
Juros,15/08/2030,1038.0,124.0,-,"36,940425","0,00000000","26,518037",CGOSB0
Juros,17/02/2031,1166.0,128.0,-,"38,153575","0,00000000","26,291924",CGOSB0
Juros,15/08/2031,1289.0,123.0,-,"36,637351","0,00000000","24,274612",CGOSB0
Juros,16/02/2032,1415.0,126.0,-,"37,54683","0,00000000","23,896073",CGOSB0
Juros,16/08/2032,1542.0,127.0,-,"37,85016","0,00000000","23,131687",CGOSB0
Juros,15/02/2033,1669.0,127.0,-,"37,85016","0,00000000","22,212306",CGOSB0
Juros,15/08/2033,1793.0,124.0,-,"36,940425","0,00000000","20,836762",CGOSB0
Juros,15/02/2034,1921.0,128.0,-,"38,153575","0,00000000","20,659091",CGOSB0
Juros|Amortização,15/08/2034,2044.0,123.0,-,"36,637351","260,941282","154,924046",CGOSB0
Juros,15/02/2035,2167.0,123.0,-,"27,478012","0,00000000","13,754458",CGOSB0
Juros|Amortização,15/08/2035,2293.0,126.0,-,"28,160122","260,941021","139,005831",CGOSB0
Juros,15/02/2036,2418.0,125.0,-,"18,621801","0,00000000","8,60337",CGOSB0
Juros|Amortização,15/08/2036,2542.0,124.0,-,"18,470221","260,941412","124,077723",CGOSB0
Juros,18/02/2037,2670.0,128.0,-,"9,538398","0,00000000","4,066047",CGOSB0
Juros|Amortização,17/08/2037,2794.0,124.0,-,"9,23511","260,941412","110,699839",CGOSB0
Juros|Amortização,15/12/2026,122.0,249.0,-,"105,325977","170,078261","264,377705",ENTV12
Juros|Amortização,15/12/2027,372.0,250.0,-,"92,692295","262,778565","313,829589",ENTV12
Juros|Amortização,15/12/2028,623.0,251.0,-,"72,795537","332,471263","328,943363",ENTV12
Juros|Amortização,17/12/2029,872.0,249.0,-,"46,745512","316,958297","271,587066",ENTV12
Juros|Amortização,16/12/2030,1123.0,251.0,-,"22,671987","293,751332","217,230065",ENTV12
Juros,16/11/2026,102.0,248.0,-,"66,297804","0,00000000","64,223744",EGIEA1
Juros,16/11/2027,351.0,249.0,-,"66,572818","0,00000000","59,675572",EGIEA1
Juros,16/11/2028,603.0,252.0,-,"67,398237","0,00000000","55,852854",EGIEA1
Juros,16/11/2029,852.0,249.0,-,"66,572818","0,00000000","51,050141",EGIEA1
Juros,18/11/2030,1104.0,252.0,-,"67,398237","0,00000000","47,779954",EGIEA1
Juros|Amortização,17/11/2031,1355.0,251.0,-,"67,123034","378,694594","292,271819",EGIEA1
Juros|Amortização,16/11/2032,1604.0,249.0,-,"44,3819","378,695162","256,656553",EGIEA1
Juros|Amortização,16/11/2033,1856.0,252.0,-,"22,466089","378,695162","224,982656",EGIEA1
Juros,15/06/2027,245.0,250.0,-,"74,094249","0,00000000","68,717039",EGIEB2
Juros,16/06/2028,498.0,253.0,-,"75,012971","0,00000000","64,361749",EGIEB2
Juros,15/06/2029,746.0,248.0,-,"73,482167","0,00000000","58,418812",EGIEB2
Juros,17/06/2030,996.0,250.0,-,"74,094249","0,00000000","54,54657",EGIEB2
Juros,16/06/2031,1245.0,249.0,-,"73,788168","0,00000000","50,317078",EGIEB2
Juros|Amortização,15/06/2032,1498.0,253.0,-,"75,012971","367,473616","279,151737",EGIEB2
Juros|Amortização,15/06/2033,1751.0,253.0,-,"50,008647","367,473616","243,663111",EGIEB2
Juros|Amortização,15/06/2034,2001.0,250.0,-,"24,698083","367,473617","211,953306",EGIEB2
Juros,15/07/2026,17.0,104.0,-,"27,967025","0,00000000","27,819664",ENEVA4
Juros,15/01/2027,143.0,126.0,-,"33,979761","0,00000000","32,502779",ENEVA4
Juros,15/07/2027,267.0,124.0,-,"33,431739","0,00000000","30,769727",ENEVA4
Juros,17/01/2028,395.0,128.0,-,"34,528065","0,00000000","30,539474",ENEVA4
Juros,17/07/2028,519.0,124.0,-,"33,431739","0,00000000","28,451999",ENEVA4
Juros,15/01/2029,642.0,123.0,-,"33,157834","0,00000000","27,160604",ENEVA4
Juros,16/07/2029,767.0,125.0,-,"33,705716","0,00000000","26,557449",ENEVA4
Juros,15/01/2030,891.0,124.0,-,"33,431739","0,00000000","25,345815",ENEVA4
Juros,15/07/2030,1015.0,124.0,-,"33,431739","0,00000000","24,387695",ENEVA4
Juros,15/01/2031,1143.0,128.0,-,"34,528065","0,00000000","24,2052",ENEVA4
Juros,15/07/2031,1266.0,123.0,-,"33,157834","0,00000000","22,372888",ENEVA4
Juros,15/01/2032,1395.0,129.0,-,"34,802325","0,00000000","22,559727",ENEVA4
Juros,15/07/2032,1520.0,125.0,-,"33,705716","0,00000000","21,016416",ENEVA4
Juros,17/01/2033,1648.0,128.0,-,"34,528065","0,00000000","20,689595",ENEVA4
Juros,15/07/2033,1772.0,124.0,-,"33,431739","0,00000000","19,275392",ENEVA4
Juros,16/01/2034,1899.0,127.0,-,"34,253878","0,00000000","18,985131",ENEVA4
Juros,17/07/2034,2023.0,124.0,-,"33,431739","0,00000000","17,829013",ENEVA4
Juros,15/01/2035,2146.0,123.0,-,"33,157834","0,00000000","17,019781",ENEVA4
Juros,16/07/2035,2271.0,125.0,-,"33,705716","0,00000000","16,641823",ENEVA4
Juros|Amortização,15/01/2036,2395.0,124.0,-,"33,431739","1.029,85593","505,141001",ENEVA4
Juros,15/10/2026,81.0,126.0,-,"36,430645","0,00000000","35,546317",ENEVB0
Juros,15/04/2027,204.0,123.0,-,"35,549505","0,00000000","33,416065",ENEVB0
Juros,15/10/2027,331.0,127.0,-,"36,724511","0,00000000","33,215803",ENEVB0
Juros,17/04/2028,457.0,126.0,-,"36,430645","0,00000000","31,714241",ENEVB0
Juros,16/10/2028,582.0,125.0,-,"36,136858","0,00000000","30,287843",ENEVB0
Juros,16/04/2029,704.0,122.0,-,"35,25594","0,00000000","28,475805",ENEVB0
Juros,15/10/2029,830.0,126.0,-,"36,430645","0,00000000","28,321047",ENEVB0
Juros,15/04/2030,953.0,123.0,-,"35,549505","0,00000000","26,623798",ENEVB0
Juros,15/10/2030,1081.0,128.0,-,"37,018451","0,00000000","26,667968",ENEVB0
Juros,15/04/2031,1204.0,123.0,-,"35,549505","0,00000000","24,671709",ENEVB0
Juros,15/10/2031,1332.0,128.0,-,"37,018451","0,00000000","24,71264",ENEVB0
Juros,15/04/2032,1457.0,125.0,-,"36,136858","0,00000000","23,226394",ENEVB0
Juros,15/10/2032,1584.0,127.0,-,"36,724511","0,00000000","22,711948",ENEVB0
Juros,18/04/2033,1710.0,126.0,-,"36,430645","0,00000000","21,685227",ENEVB0
Juros,17/10/2033,1836.0,126.0,-,"36,430645","0,00000000","20,871934",ENEVB0
Juros,17/04/2034,1961.0,125.0,-,"36,136858","0,00000000","19,933186",ENEVB0
Juros,16/10/2034,2086.0,125.0,-,"36,136858","0,00000000","19,191424",ENEVB0
Juros,16/04/2035,2208.0,122.0,-,"35,25594","0,00000000","18,043254",ENEVB0
Juros,15/10/2035,2334.0,126.0,-,"36,430645","0,00000000","17,945195",ENEVB0
Juros,15/04/2036,2457.0,123.0,-,"35,549505","0,00000000","16,869759",ENEVB0
Juros,15/10/2036,2585.0,128.0,-,"37,018451","0,00000000","16,897746",ENEVB0
Juros|Amortização,15/04/2037,2709.0,124.0,-,"35,843144","369,895883","178,369082",ENEVB0
Juros,15/10/2037,2835.0,126.0,-,"24,287109","0,00000000","10,27655",ENEVB0
Juros|Amortização,15/04/2038,2959.0,124.0,-,"23,89544","369,896438","160,472467",ENEVB0
Juros,15/10/2038,3085.0,126.0,-,"12,143554","0,00000000","4,762975",ENEVB0
Juros|Amortização,15/04/2039,3210.0,125.0,-,"12,045624","369,896438","144,231623",ENEVB0
Juros,15/09/2026,60.0,126.0,-,"40,645039","0,00000000","39,857544",ENEV19
Juros,15/03/2027,182.0,122.0,-,"39,333773","0,00000000","37,067333",ENEV19
Juros,15/09/2027,310.0,128.0,-,"41,301196","0,00000000","37,330294",ENEV19
Juros,15/03/2028,435.0,125.0,-,"40,317094","0,00000000","34,985324",ENEV19
Juros,15/09/2028,562.0,127.0,-,"40,973074","0,00000000","34,112213",ENEV19
Juros,15/03/2029,683.0,121.0,-,"39,006173","0,00000000","31,218286",ENEV19
Juros,17/09/2029,811.0,128.0,-,"41,301196","0,00000000","31,703805",ENEV19
Juros,15/03/2030,932.0,121.0,-,"39,006173","0,00000000","28,78369",ENEV19
Juros|Amortização,16/09/2030,1060.0,128.0,-,"41,301196","399,366493","311,887082",ENEV19
Juros,17/03/2031,1184.0,124.0,-,"26,659502","0,00000000","18,120815",ENEV19
Juros|Amortização,15/09/2031,1310.0,126.0,-,"27,096706","399,367093","278,204498",ENEV19
Juros,15/03/2032,1435.0,125.0,-,"13,439037","0,00000000","8,416819",ENEV19
Juros|Amortização,15/09/2032,1563.0,128.0,-,"13,767071","399,367093","248,167001",ENEV19
Juros,15/09/2026,60.0,126.0,-,"41,224299","0,00000000","40,45889",ENEV29
Juros,15/03/2027,182.0,122.0,-,"39,894044","0,00000000","37,689364",ENEV29
Juros,15/09/2027,310.0,128.0,-,"41,889962","0,00000000","38,023916",ENEV29
Juros,15/03/2028,435.0,125.0,-,"40,891601","0,00000000","35,696373",ENEV29
Juros,15/09/2028,562.0,127.0,-,"41,557086","0,00000000","34,866379",ENEV29
Juros,15/03/2029,683.0,121.0,-,"39,561704","0,00000000","31,961155",ENEV29
Juros,17/09/2029,811.0,128.0,-,"41,889962","0,00000000","32,515735",ENEV29
Juros,15/03/2030,932.0,121.0,-,"39,561704","0,00000000","29,569523",ENEV29
Juros,16/09/2030,1060.0,128.0,-,"41,889962","0,00000000","30,082604",ENEV29
Juros,17/03/2031,1184.0,124.0,-,"40,558994","0,00000000","28,020211",ENEV29
Juros,15/09/2031,1310.0,126.0,-,"41,224299","0,00000000","27,380725",ENEV29
Juros,15/03/2032,1435.0,125.0,-,"40,891601","0,00000000","26,119742",ENEV29
Juros,15/09/2032,1563.0,128.0,-,"41,889962","0,00000000","25,708744",ENEV29
Juros,15/03/2033,1687.0,124.0,-,"40,558994","0,00000000","23,946212",ENEV29
Juros,15/09/2033,1815.0,128.0,-,"41,889962","0,00000000","23,762698",ENEV29
Juros,15/03/2034,1939.0,124.0,-,"40,558994","0,00000000","22,133582",ENEV29
Juros,15/09/2034,2066.0,127.0,-,"41,557086","0,00000000","21,796231",ENEV29
Juros,15/03/2035,2187.0,121.0,-,"39,561704","0,00000000","19,980071",ENEV29
Juros|Amortização,17/09/2035,2315.0,128.0,-,"41,889962","399,366493","214,116064",ENEV29
Juros,17/03/2036,2437.0,122.0,-,"26,596042","0,00000000","12,422964",ENEV29
Juros|Amortização,15/09/2036,2563.0,126.0,-,"27,482879","399,367093","191,686243",ENEV29
Juros,16/03/2037,2688.0,125.0,-,"13,630541","0,00000000","5,886699",ENEV29
Juros|Amortização,15/09/2037,2814.0,126.0,-,"13,741439","399,367093","171,526171",ENEV29
Juros,16/11/2026,102.0,127.0,-,"36,890254","0,00000000","35,68231",ENEV32
Juros|Amortização,17/05/2027,225.0,123.0,-,"35,714331","489,141747","487,692514",ENEV32
Juros,16/11/2027,351.0,126.0,-,"24,39747","0,00000000","21,756545",ENEV32
Juros|Amortização,15/05/2028,475.0,124.0,-,"24,005495","489,142481","439,451088",ENEV32
Juros,16/11/2028,603.0,128.0,-,"12,394798","0,00000000","10,18036",ENEV32
Juros|Amortização,15/05/2029,724.0,121.0,-,"11,70891","489,142481","395,440025",ENEV32
Juros,15/07/2026,17.0,123.0,-,"37,160174","0,00000000","36,954528",ENEV18
Juros,15/01/2027,143.0,126.0,-,"38,080921","0,00000000","36,344144",ENEV18
Juros,15/07/2027,267.0,124.0,-,"37,467013","0,00000000","34,339715",ENEV18
Juros,17/01/2028,395.0,128.0,-,"38,695136","0,00000000","34,013987",ENEV18
Juros,17/07/2028,519.0,124.0,-,"37,467013","0,00000000","31,627936",ENEV18
Juros,15/01/2029,642.0,123.0,-,"37,160174","0,00000000","30,134355",ENEV18
Juros,16/07/2029,767.0,125.0,-,"37,773928","0,00000000","29,407301",ENEV18
Juros,15/01/2030,891.0,124.0,-,"37,467013","0,00000000","28,011264",ENEV18
Juros|Amortização,15/07/2030,1015.0,124.0,-,"37,467013","395,299384","310,711834",ENEV18
Juros,15/01/2031,1143.0,128.0,-,"25,796771","0,00000000","17,763279",ENEV18
Juros|Amortização,15/07/2031,1266.0,123.0,-,"24,773462","395,299977","277,872402",ENEV18
Juros,15/01/2032,1395.0,129.0,-,"13,000792","0,00000000","8,245211",ENEV18
Juros|Amortização,15/07/2032,1520.0,125.0,-,"12,591314","395,299977","248,344902",ENEV18
Juros,15/07/2026,17.0,123.0,-,"36,453766","0,00000000","36,248925",EDVP17
Juros,15/01/2027,143.0,126.0,-,"37,35611","0,00000000","35,626719",EDVP17
Juros,15/07/2027,267.0,124.0,-,"36,754476","0,00000000","33,641379",EDVP17
Juros,17/01/2028,395.0,128.0,-,"37,958026","0,00000000","33,299731",EDVP17
Juros,17/07/2028,519.0,124.0,-,"36,754476","0,00000000","30,945443",EDVP17
Juros,15/01/2029,642.0,123.0,-,"36,453766","0,00000000","29,466069",EDVP17
Juros,16/07/2029,767.0,125.0,-,"37,055257","0,00000000","28,736577",EDVP17
Juros|Amortização,15/01/2030,891.0,124.0,-,"36,754476","414,423732","335,801555",EDVP17
Juros,15/07/2030,1015.0,124.0,-,"24,502996","0,00000000","17,502623",EDVP17
Juros|Amortização,15/01/2031,1143.0,128.0,-,"25,305363","414,424353","301,053248",EDVP17
Juros,15/07/2031,1266.0,123.0,-,"12,151261","0,00000000","7,986788",EDVP17
Juros|Amortização,15/01/2032,1395.0,129.0,-,"12,753036","414,424353","269,022542",EDVP17
Juros,15/09/2026,60.0,126.0,-,"36,227067","0,00000000","35,524507",ENGIB9
Juros,15/03/2027,182.0,122.0,-,"35,059508","0,00000000","33,037486",ENGIB9
Juros,15/09/2027,310.0,128.0,-,"36,811279","0,00000000","33,268856",ENGIB9
Juros,15/03/2028,435.0,125.0,-,"35,935068","0,00000000","31,178589",ENGIB9
Juros,15/09/2028,562.0,127.0,-,"36,519137","0,00000000","30,398771",ENGIB9
Juros,15/03/2029,683.0,121.0,-,"34,7678","0,00000000","27,820233",ENGIB9
Juros,17/09/2029,811.0,128.0,-,"36,811279","0,00000000","28,250116",ENGIB9
Juros,15/03/2030,932.0,121.0,-,"34,7678","0,00000000","25,648654",ENGIB9
Juros,16/09/2030,1060.0,128.0,-,"36,811279","0,00000000","26,044982",ENGIB9
Juros,17/03/2031,1184.0,124.0,-,"35,643142","0,00000000","24,218203",ENGIB9
Juros|Amortização,15/09/2031,1310.0,126.0,-,"36,227067","380,232179","271,56746",ENGIB9
Juros,15/03/2032,1435.0,125.0,-,"23,956723","0,00000000","14,99732",ENGIB9
Juros|Amortização,15/09/2032,1563.0,128.0,-,"24,540864","380,23275","243,026832",ENGIB9
Juros,15/03/2033,1687.0,124.0,-,"11,881053","0,00000000","6,85046",ENGIB9
Juros|Amortização,15/09/2033,1815.0,128.0,-,"12,270432","380,23275","217,051992",ENGIB9
Juros,15/10/2026,81.0,126.0,-,"38,332724","0,00000000","37,316285",ENGIA5
Juros,15/04/2027,204.0,123.0,-,"37,406816","0,00000000","34,958791",ENGIA5
Juros,15/10/2027,331.0,127.0,-,"38,641504","0,00000000","34,622648",ENGIA5
Juros,17/04/2028,457.0,126.0,-,"38,332724","0,00000000","32,939774",ENGIA5
Juros,16/10/2028,582.0,125.0,-,"38,024016","0,00000000","31,347123",ENGIA5
Juros,16/04/2029,704.0,122.0,-,"37,098325","0,00000000","29,37075",ENGIA5
Juros|Amortização,15/10/2029,830.0,126.0,-,"38,332724","426,111793","352,646245",ENGIA5
Juros,15/04/2030,953.0,123.0,-,"24,937889","0,00000000","18,17783",ENGIA5
Juros|Amortização,15/10/2030,1081.0,128.0,-,"25,966917","426,112433","315,830117",ENGIA5
Juros,15/04/2031,1204.0,123.0,-,"12,468944","0,00000000","8,36268",ENGIA5
Juros|Amortização,15/10/2031,1332.0,128.0,-,"12,983458","426,112433","282,248533",ENGIA5
Juros,15/10/2026,81.0,126.0,-,"35,002527","0,00000000","34,138955",ENGIC0
Juros,15/04/2027,204.0,123.0,-,"34,156446","0,00000000","32,073683",ENGIC0
Juros,15/10/2027,331.0,127.0,-,"35,284694","0,00000000","31,860464",ENGIC0
Juros,17/04/2028,457.0,126.0,-,"35,002527","0,00000000","30,401054",ENGIC0
Juros,16/10/2028,582.0,125.0,-,"34,72043","0,00000000","29,015616",ENGIC0
Juros,16/04/2029,704.0,122.0,-,"33,874558","0,00000000","27,263375",ENGIC0
Juros,15/10/2029,830.0,126.0,-,"35,002527","0,00000000","27,097479",ENGIC0
Juros,15/04/2030,953.0,123.0,-,"34,156446","0,00000000","25,458189",ENGIC0
Juros,15/10/2030,1081.0,128.0,-,"35,566928","0,00000000","25,483368",ENGIC0
Juros,15/04/2031,1204.0,123.0,-,"34,156446","0,00000000","23,5618",ENGIC0
Juros,15/10/2031,1332.0,128.0,-,"35,566928","0,00000000","23,585104",ENGIC0
Juros,15/04/2032,1457.0,125.0,-,"34,72043","0,00000000","22,153073",ENGIC0
Juros,15/10/2032,1584.0,127.0,-,"35,284694","0,00000000","21,648351",ENGIC0
Juros,18/04/2033,1710.0,126.0,-,"35,002527","0,00000000","20,656721",ENGIC0
Juros,17/10/2033,1836.0,126.0,-,"35,002527","0,00000000","19,869406",ENGIC0
Juros,17/04/2034,1961.0,125.0,-,"34,72043","0,00000000","18,963917",ENGIC0
Juros,16/10/2034,2086.0,125.0,-,"34,72043","0,00000000","18,246749",ENGIC0
Juros,16/04/2035,2208.0,122.0,-,"33,874558","0,00000000","17,144835",ENGIC0
Juros,15/10/2035,2334.0,126.0,-,"35,002527","0,00000000","17,04051",ENGIC0
Juros,15/04/2036,2457.0,123.0,-,"34,156446","0,00000000","16,009626",ENGIC0
Juros,15/10/2036,2585.0,128.0,-,"35,566928","0,00000000","16,02546",ENGIC0
Juros|Amortização,15/04/2037,2709.0,124.0,-,"34,438403","370,096336","175,433039",ENGIC0
Juros,15/10/2037,2835.0,126.0,-,"23,335029","0,00000000","9,733912",ENGIC0
Juros|Amortização,15/04/2038,2959.0,124.0,-,"22,958946","370,096891","157,806441",ENGIC0
Juros,15/10/2038,3085.0,126.0,-,"11,667514","0,00000000","4,505804",ENGIC0
Juros|Amortização,15/04/2039,3210.0,125.0,-,"11,573482","370,096891","141,820788",ENGIC0
Juros,15/10/2026,81.0,126.0,-,"36,404908","0,00000000","35,429022",ENGIA6
Juros|Amortização,15/04/2027,204.0,123.0,-,"35,525426","400,186579","406,891919",ENGIA6
Juros,15/10/2027,331.0,127.0,-,"24,465484","0,00000000","21,894292",ENGIA6
Juros|Amortização,17/04/2028,457.0,126.0,-,"24,269951","400,18718","364,128082",ENGIA6
Juros,16/10/2028,582.0,125.0,-,"12,037232","0,00000000","9,902295",ENGIA6
Juros|Amortização,16/04/2029,704.0,122.0,-,"11,74414","400,18718","325,28204",ENGIA6
Juros,15/07/2026,17.0,123.0,-,"35,939707","0,00000000","35,738684",SAELA1
Juros,15/01/2027,143.0,126.0,-,"36,829143","0,00000000","35,131833",SAELA1
Juros,15/07/2027,267.0,124.0,-,"36,236117","0,00000000","33,180475",SAELA1
Juros,17/01/2028,395.0,128.0,-,"37,422444","0,00000000","32,84972",SAELA1
Juros,17/07/2028,519.0,124.0,-,"36,236117","0,00000000","30,533243",SAELA1
Juros|Amortização,15/01/2029,642.0,123.0,-,"35,939707","621,63622","532,049733",SAELA1
Juros,16/07/2029,767.0,125.0,-,"18,266297","0,00000000","14,182255",SAELA1
Juros|Amortização,15/01/2030,891.0,124.0,-,"18,118058","621,63622","476,803827",SAELA1
Juros,15/10/2026,81.0,126.0,-,"38,332724","0,00000000","37,317212",ESULA6
Juros,15/04/2027,204.0,123.0,-,"37,406816","0,00000000","34,960978",ESULA6
Juros,15/10/2027,331.0,127.0,-,"38,641504","0,00000000","34,626162",ESULA6
Juros,17/04/2028,457.0,126.0,-,"38,332724","0,00000000","32,94439",ESULA6
Juros,16/10/2028,582.0,125.0,-,"38,024016","0,00000000","31,352717",ESULA6
Juros,16/04/2029,704.0,122.0,-,"37,098325","0,00000000","29,377091",ESULA6
Juros|Amortização,15/10/2029,830.0,126.0,-,"38,332724","426,111793","352,736",ESULA6
Juros,15/04/2030,953.0,123.0,-,"24,937889","0,00000000","18,183143",ESULA6
Juros|Amortização,15/10/2030,1081.0,128.0,-,"25,966917","426,112433","315,934815",ESULA6
Juros,15/04/2031,1204.0,123.0,-,"12,468944","0,00000000","8,365768",ESULA6
Juros|Amortização,15/10/2031,1332.0,128.0,-,"12,983458","426,112433","282,363827",ESULA6
Juros,15/10/2026,81.0,126.0,-,"31,276388","0,00000000","30,449649",ENMTB3
Juros,15/04/2027,204.0,123.0,-,"30,523729","0,00000000","28,532275",ENMTB3
Juros,15/10/2027,331.0,127.0,-,"31,52736","0,00000000","28,258232",ENMTB3
Juros,17/04/2028,457.0,126.0,-,"31,276388","0,00000000","26,889095",ENMTB3
Juros|Amortização,16/10/2028,582.0,125.0,-,"31,025458","471,160165","414,256866",ENMTB3
Juros,16/04/2029,704.0,122.0,-,"20,181963","0,00000000","15,989894",ENMTB3
Juros|Amortização,15/10/2029,830.0,126.0,-,"20,850935","471,160872","373,903832",ENMTB3
Juros,15/04/2030,953.0,123.0,-,"10,17458","0,00000000","7,423932",ENMTB3
Juros|Amortização,15/10/2030,1081.0,128.0,-,"10,592797","471,160872","336,943803",ENMTB3
Juros,15/12/2026,122.0,127.0,-,"43,930131","0,00000000","41,994126",ENAT14
Juros,15/06/2027,245.0,123.0,-,"42,520184","0,00000000","38,840677",ENAT14
Juros,15/12/2027,372.0,127.0,-,"43,930131","0,00000000","38,28935",ENAT14
Juros,16/06/2028,498.0,126.0,-,"43,577481","0,00000000","36,254498",ENAT14
Juros,15/12/2028,623.0,125.0,-,"43,224941","0,00000000","34,338309",ENAT14
Juros,15/06/2029,746.0,123.0,-,"42,520184","0,00000000","32,277898",ENAT14
Juros,17/12/2029,872.0,126.0,-,"43,577481","0,00000000","31,575956",ENAT14
Juros|Amortização,17/06/2030,996.0,124.0,-,"42,872508","1.103,23077","793,274173",ENAT14
,,,,,,,,ENAT11
,,,,,,,,ENAT11
,,,,,,,,ENAT11
,,,,,,,,ENAT11
,,,,,,,,ENAT11
,,,,,,,,ENAT33
,,,,,,,,ENAT33
,,,,,,,,ENAT33
,,,,,,,,ENAT33
,,,,,,,,ENAT33
,,,,,,,,ELTE12
,,,,,,,,ELTE12
,,,,,,,,ELTE12
,,,,,,,,ELTE12
,,,,,,,,ELTE12
,,,,,,,,ESAM14
,,,,,,,,ESAM14
,,,,,,,,ESAM14
,,,,,,,,ESAM14
,,,,,,,,ESAM14
Juros,15/10/2026,81.0,126.0,-,"36,259184","0,00000000","34,869786",ELPLA7
Juros,15/04/2027,204.0,123.0,-,"35,383258","0,00000000","32,067251",ELPLA7
Juros,15/10/2027,331.0,127.0,-,"36,551297","0,00000000","31,157413",ELPLA7
Juros,17/04/2028,457.0,126.0,-,"36,259184","0,00000000","29,085786",ELPLA7
Juros,16/10/2028,582.0,125.0,-,"35,967141","0,00000000","27,16329",ELPLA7
Juros,16/04/2029,704.0,122.0,-,"35,09142","0,00000000","24,987312",ELPLA7
Juros,15/10/2029,830.0,126.0,-,"36,259184","0,00000000","24,296337",ELPLA7
Juros|Amortização,15/04/2030,953.0,123.0,-,"35,383258","399,742646","274,770669",ELPLA7
Juros,15/10/2030,1081.0,128.0,-,"24,562331","0,00000000","14,581768",ELPLA7
Juros|Amortização,15/04/2031,1204.0,123.0,-,"23,58885","399,743246","236,83969",ELPLA7
Juros,15/10/2031,1332.0,128.0,-,"12,281165","0,00000000","6,459487",ELPLA7
Juros|Amortização,15/04/2032,1457.0,125.0,-,"11,989052","399,743246","203,885854",ELPLA7
Juros,15/07/2026,17.0,123.0,-,"37,706998","0,00000000","37,496132",EKTRC1
Juros,15/01/2027,143.0,126.0,-,"38,641506","0,00000000","36,861017",EKTRC1
Juros,15/07/2027,267.0,124.0,-,"38,018422","0,00000000","34,813096",EKTRC1
Juros,17/01/2028,395.0,128.0,-,"39,264908","0,00000000","34,467944",EKTRC1
Juros|Amortização,17/07/2028,519.0,124.0,-,"38,018422","592,94967","531,68388",EKTRC1
Juros,15/01/2029,642.0,123.0,-,"18,853498","0,00000000","15,255153",EKTRC1
Juros|Amortização,16/07/2029,767.0,125.0,-,"19,164961","592,94967","475,279889",EKTRC1
Juros,15/03/2027,182.0,243.0,-,"68,87038","0,00000000","64,918605",EKTRA8
Juros,15/03/2028,435.0,253.0,-,"71,80208","0,00000000","62,344611",EKTRA8
Juros,15/03/2029,683.0,248.0,-,"70,335246","0,00000000","56,346266",EKTRA8
Juros,15/03/2030,932.0,249.0,-,"70,628454","0,00000000","52,186846",EKTRA8
Juros|Amortização,17/03/2031,1184.0,252.0,-,"71,508555","1.020,10808","743,220543",EKTRA8
Juros|Amortização,16/11/2026,102.0,621.0,-,"39,843434","18,756466","56,690242",EKTT11
Juros|Amortização,17/05/2027,225.0,123.0,-,"37,990828","40,013415","72,506803",EKTT11
Juros|Amortização,16/11/2027,351.0,126.0,-,"37,667147","40,013602","69,310628",EKTT11
Juros|Amortização,15/05/2028,475.0,124.0,-,"35,815651","42,514225","67,130811",EKTT11
Juros|Amortização,16/11/2028,603.0,128.0,-,"35,623857","42,514194","64,2393",EKTT11
Juros|Amortização,15/05/2029,724.0,121.0,-,"32,356729","44,39056","60,664202",EKTT11
Juros|Amortização,16/11/2029,852.0,128.0,-,"32,832594","44,39028","58,554352",EKTT11
Juros|Amortização,15/05/2030,973.0,121.0,-,"29,663493","46,266424","55,355065",EKTT11
Juros|Amortização,18/11/2030,1104.0,131.0,-,"30,633501","46,265591","53,726213",EKTT11
Juros|Amortização,15/05/2031,1224.0,120.0,-,"26,631202","48,767102","50,66393",EKTT11
Juros|Amortização,17/11/2031,1355.0,131.0,-,"27,508478","48,766894","49,118174",EKTT11
Juros|Amortização,17/05/2032,1478.0,123.0,-,"24,298726","46,891364","44,048032",EKTT11
Juros|Amortização,16/11/2032,1604.0,126.0,-,"23,418462","46,891101","41,758728",EKTT11
Juros|Amortização,16/05/2033,1729.0,125.0,-,"21,759485","48,141387","39,864142",EKTT11
Juros|Amortização,16/11/2033,1856.0,127.0,-,"20,579161","48,14155","37,607313",EKTT11
Juros|Amortização,15/05/2034,1979.0,123.0,-,"18,436185","49,392115","35,665202",EKTT11
Juros|Amortização,16/11/2034,2107.0,128.0,-,"17,611128","49,392205","33,796672",EKTT11
Juros|Amortização,15/05/2035,2228.0,121.0,-,"15,135209","51,267797","32,203011",EKTT11
Juros|Amortização,16/11/2035,2356.0,128.0,-,"14,378065","51,267675","30,539299",EKTT11
Juros|Amortização,15/05/2036,2477.0,121.0,-,"12,024716","53,143236","29,148607",EKTT11
Juros|Amortização,17/11/2036,2608.0,131.0,-,"11,28712","53,143433","27,618251",EKTT11
Juros|Amortização,15/05/2037,2729.0,121.0,-,"8,800426","56,269641","26,817407",EKTT11
Juros|Amortização,16/11/2037,2856.0,127.0,-,"7,45073","60,946152","27,04934",EKTT11
Juros|Amortização,17/05/2038,2979.0,123.0,-,"5,332604","172,884746","67,720389",EKTT11
Juros|Amortização,15/07/2026,17.0,123.0,-,"29,733322","39,704427","69,049879",MGSP12
Juros|Amortização,15/01/2027,143.0,126.0,-,"29,59264","41,943405","68,243542",MGSP12
Juros|Amortização,15/07/2027,267.0,124.0,-,"28,209593","41,944277","64,245663",MGSP12
Juros|Amortização,17/01/2028,395.0,128.0,-,"28,191761","43,98014","63,36413",MGSP12
Juros|Amortização,17/07/2028,519.0,124.0,-,"26,348922","43,980287","59,274324",MGSP12
Juros|Amortização,15/01/2029,642.0,123.0,-,"25,189545","45,201806","56,970342",MGSP12
Juros|Amortização,16/07/2029,767.0,125.0,-,"24,616758","45,201767","54,226633",MGSP12
Juros|Amortização,15/01/2030,891.0,124.0,-,"23,438874","47,237661","52,695407",MGSP12
Juros|Amortização,15/07/2030,1015.0,124.0,-,"22,415955","47,237102","49,853224",MGSP12
Juros|Amortização,15/01/2031,1143.0,128.0,-,"22,090805","48,866235","48,689095",MGSP12
Juros|Amortização,15/07/2031,1266.0,123.0,-,"20,169122","48,866228","45,489",MGSP12
Juros|Amortização,15/01/2032,1395.0,129.0,-,"20,062656","50,087909","44,30024",MGSP12
Juros|Amortização,15/07/2032,1520.0,125.0,-,"18,340335","50,088131","41,469056",MGSP12
Juros|Amortização,17/01/2033,1648.0,128.0,-,"17,665366","52,123849","40,547007",MGSP12
Juros|Amortização,15/07/2033,1772.0,124.0,-,"15,978661","52,124041","37,983098",MGSP12
Juros|Amortização,16/01/2034,1899.0,127.0,-,"15,213157","53,753201","36,88838",MGSP12
Juros|Amortização,17/07/2034,2023.0,124.0,-,"13,685917","53,753337","34,627456",MGSP12
Juros|Amortização,15/01/2035,2146.0,123.0,-,"12,419842","55,382107","33,430945",MGSP12
Juros|Amortização,16/07/2035,2271.0,125.0,-,"11,414918","55,38188","31,606366",MGSP12
Juros|Amortização,15/01/2036,2395.0,124.0,-,"10,123336","56,603477","30,309227",MGSP12
Juros|Amortização,15/07/2036,2519.0,124.0,-,"8,897603","56,603485","28,561337",MGSP12
Juros|Amortização,15/01/2037,2648.0,129.0,-,"7,984679","58,232506","27,672015",MGSP12
Juros|Amortização,15/07/2037,2771.0,123.0,-,"6,358607","58,232498","25,920384",MGSP12
Juros|Amortização,15/01/2038,2897.0,126.0,-,"5,233819","58,232407","24,433221",MGSP12
Juros|Amortização,15/07/2038,3021.0,124.0,-,"3,888841","58,232405","22,957985",MGSP12
Juros|Amortização,17/01/2039,3149.0,128.0,-,"2,713543","60,675735","22,459111",MGSP12
Juros|Amortização,15/07/2039,3273.0,124.0,-,"1,313916","60,675735","21,083926",MGSP12
Juros,15/10/2026,81.0,126.0,-,"38,255124","0,00000000","37,183539",ERDVC3
Juros,15/04/2027,204.0,123.0,-,"37,329527","0,00000000","34,751756",ERDVC3
Juros,15/10/2027,331.0,127.0,-,"38,563818","0,00000000","34,336667",ERDVC3
Juros,17/04/2028,457.0,126.0,-,"38,255124","0,00000000","32,589215",ERDVC3
Juros,16/10/2028,582.0,125.0,-,"37,94651","0,00000000","30,939595",ERDVC3
Juros,16/04/2029,704.0,122.0,-,"37,021157","0,00000000","28,920665",ERDVC3
Juros,15/10/2029,830.0,126.0,-,"38,255124","0,00000000","28,592628",ERDVC3
Juros,15/04/2030,953.0,123.0,-,"37,329527","0,00000000","26,722687",ERDVC3
Juros,15/10/2030,1081.0,128.0,-,"38,872591","0,00000000","26,605574",ERDVC3
Juros,15/04/2031,1204.0,123.0,-,"37,329527","0,00000000","24,47061",ERDVC3
Juros|Amortização,15/10/2031,1332.0,128.0,-,"38,872591","379,755093","262,374587",ERDVC3
Juros,15/04/2032,1457.0,125.0,-,"25,297686","0,00000000","15,175154",ERDVC3
Juros|Amortização,15/10/2032,1584.0,127.0,-,"25,709224","379,755663","232,626625",ERDVC3
Juros,18/04/2033,1710.0,126.0,-,"12,751713","0,00000000","6,999723",ERDVC3
Juros|Amortização,17/10/2033,1836.0,126.0,-,"12,751713","379,755663","206,141929",ERDVC3
Juros,15/12/2026,122.0,127.0,-,"38,850532","0,00000000","37,245896",ERDVB4
Juros,15/06/2027,245.0,123.0,-,"37,606266","0,00000000","34,551984",ERDVB4
Juros,15/12/2027,372.0,127.0,-,"38,850532","0,00000000","34,161777",ERDVB4
Juros,16/06/2028,498.0,126.0,-,"38,539338","0,00000000","32,443566",ERDVB4
Juros,15/12/2028,623.0,125.0,-,"38,228228","0,00000000","30,820488",ERDVB4
Juros,15/06/2029,746.0,123.0,-,"37,606266","0,00000000","29,056739",ERDVB4
Juros,17/12/2029,872.0,126.0,-,"38,539338","0,00000000","28,508329",ERDVB4
Juros,17/06/2030,996.0,124.0,-,"37,917205","0,00000000","26,871072",ERDVB4
Juros,16/12/2030,1123.0,127.0,-,"38,850532","0,00000000","26,349741",ERDVB4
Juros,16/06/2031,1245.0,122.0,-,"37,295412","0,00000000","24,250252",ERDVB4
Juros,15/12/2031,1374.0,129.0,-,"39,473174","0,00000000","24,54671",ERDVB4
Juros|Amortização,15/06/2032,1498.0,124.0,-,"37,917205","367,588929","241,584933",ERDVB4
Juros,15/12/2032,1625.0,127.0,-,"25,900367","0,00000000","14,76757",ERDVB4
Juros|Amortização,15/06/2033,1751.0,126.0,-,"25,692904","367,58948","214,678462",ERDVB4
Juros,15/12/2033,1877.0,126.0,-,"12,846451","0,00000000","6,713484",ERDVB4
Juros|Amortização,15/06/2034,2001.0,124.0,-,"12,639074","367,58948","190,366589",ERDVB4
Juros,15/12/2026,122.0,127.0,-,"37,300385","0,00000000","35,723779",ERDVA4
Juros,15/06/2027,245.0,123.0,-,"36,106548","0,00000000","33,107043",ERDVA4
Juros,15/12/2027,372.0,127.0,-,"37,300385","0,00000000","32,698146",ERDVA4
Juros,16/06/2028,498.0,126.0,-,"37,001808","0,00000000","31,021436",ERDVA4
Juros,15/12/2028,623.0,125.0,-,"36,70331","0,00000000","29,439271",ERDVA4
Juros,15/06/2029,746.0,123.0,-,"36,106548","0,00000000","27,726697",ERDVA4
Juros,17/12/2029,872.0,126.0,-,"37,001808","0,00000000","27,174668",ERDVA4
Juros,17/06/2030,996.0,124.0,-,"36,40489","0,00000000","25,588076",ERDVA4
Juros,16/12/2030,1123.0,127.0,-,"37,300385","0,00000000","25,064937",ERDVA4
Juros|Amortização,16/06/2031,1245.0,122.0,-,"35,808282","1.102,76789","732,756177",ERDVA4
Juros,15/12/2026,122.0,127.0,-,"39,919485","0,00000000","38,329407",ERDVC4
Juros,15/06/2027,245.0,123.0,-,"38,640407","0,00000000","35,611588",ERDVC4
Juros,15/12/2027,372.0,127.0,-,"39,919485","0,00000000","35,266169",ERDVC4
Juros,16/06/2028,498.0,126.0,-,"39,599581","0,00000000","33,545351",ERDVC4
Juros,15/12/2028,623.0,125.0,-,"39,279767","0,00000000","31,917123",ERDVC4
Juros,15/06/2029,746.0,123.0,-,"38,640407","0,00000000","30,13693",ERDVC4
Juros,17/12/2029,872.0,126.0,-,"39,599581","0,00000000","29,615311",ERDVC4
Juros,17/06/2030,996.0,124.0,-,"38,960042","0,00000000","27,957795",ERDVC4
Juros,16/12/2030,1123.0,127.0,-,"39,919485","0,00000000","27,459469",ERDVC4
Juros,16/06/2031,1245.0,122.0,-,"38,320862","0,00000000","25,309854",ERDVC4
Juros,15/12/2031,1374.0,129.0,-,"40,55956","0,00000000","25,661493",ERDVC4
Juros,15/06/2032,1498.0,124.0,-,"38,960042","0,00000000","23,651892",ERDVC4
Juros,15/12/2032,1625.0,127.0,-,"39,919485","0,00000000","23,230315",ERDVC4
Juros,15/06/2033,1751.0,126.0,-,"39,599581","0,00000000","22,096788",ERDVC4
Juros,15/12/2033,1877.0,126.0,-,"39,599581","0,00000000","21,18837",ERDVC4
Juros,15/06/2034,2001.0,124.0,-,"38,960042","0,00000000","20,002495",ERDVC4
Juros,15/12/2034,2127.0,126.0,-,"39,599581","0,00000000","19,495022",ERDVC4
Juros,15/06/2035,2250.0,123.0,-,"38,640407","0,00000000","18,259014",ERDVC4
Juros,17/12/2035,2376.0,126.0,-,"39,599581","0,00000000","17,942981",ERDVC4
Juros,16/06/2036,2498.0,122.0,-,"38,320862","0,00000000","16,671952",ERDVC4
Juros,15/12/2036,2627.0,129.0,-,"40,55956","0,00000000","16,903582",ERDVC4
Juros|Amortização,15/06/2037,2749.0,122.0,-,"38,320862","367,588929","162,428494",ERDVC4
Juros,15/12/2037,2876.0,127.0,-,"26,613002","0,00000000","10,208225",ERDVC4
Juros|Amortização,15/06/2038,3000.0,124.0,-,"25,973374","367,58948","144,853261",ERDVC4
Juros,15/12/2038,3126.0,126.0,-,"13,199865","0,00000000","4,658563",ERDVC4
Juros|Amortização,15/06/2039,3251.0,125.0,-,"13,093261","367,58948","128,872083",ERDVC4
Juros,15/12/2026,122.0,127.0,-,"33,406173","0,00000000","32,02004",ECHP11
Juros|Amortização,15/06/2027,245.0,123.0,-,"32,336786","258,099509","266,741338",ECHP11
Juros,15/12/2027,372.0,127.0,-,"24,579593","0,00000000","21,60006",ECHP11
Juros|Amortização,16/06/2028,498.0,126.0,-,"24,382807","245,432573","226,954449",ECHP11
Juros,15/12/2028,623.0,125.0,-,"15,927061","0,00000000","12,827741",ECHP11
Juros|Amortização,15/06/2029,746.0,123.0,-,"15,668056","234,780331","193,27563",ECHP11
Juros,17/12/2029,872.0,126.0,-,"8,091794","0,00000000","5,977166",ECHP11
Juros|Amortização,17/06/2030,996.0,124.0,-,"7,961233","238,523218","174,394799",ECHP11
Juros,15/12/2026,122.0,127.0,-,"40,570067","0,00000000","38,945148",DESK17
Juros,15/06/2027,245.0,123.0,-,"39,269762","0,00000000","36,174958",DESK17
Juros,15/12/2027,372.0,127.0,-,"40,570067","0,00000000","35,815875",DESK17
Juros,16/06/2028,498.0,126.0,-,"40,244852","0,00000000","34,060089",DESK17
Juros,15/12/2028,623.0,125.0,-,"39,919729","0,00000000","32,399188",DESK17
Juros|Amortização,15/06/2029,746.0,123.0,-,"39,269762","367,164956","316,547931",DESK17
Juros,17/12/2029,872.0,126.0,-,"26,829914","0,00000000","20,032426",DESK17
Juros|Amortização,17/06/2030,996.0,124.0,-,"26,396479","367,165506","281,892833",DESK17
Juros,16/12/2030,1123.0,127.0,-,"13,523362","0,00000000","9,282728",DESK17
Juros|Amortização,16/06/2031,1245.0,122.0,-,"12,981645","367,165506","250,489978",DESK17
Juros,15/10/2026,81.0,126.0,-,"33,600248","0,00000000","32,792713",EEELB1
Juros,15/04/2027,204.0,123.0,-,"32,788523","0,00000000","30,83993",EEELB1
Juros,15/10/2027,331.0,127.0,-,"33,870954","0,00000000","30,665771",EEELB1
Juros,17/04/2028,457.0,126.0,-,"33,600248","0,00000000","29,291007",EEELB1
Juros,16/10/2028,582.0,125.0,-,"33,32961","0,00000000","27,984519",EEELB1
Juros,16/04/2029,704.0,122.0,-,"32,518075","0,00000000","26,320828",EEELB1
Juros,15/10/2029,830.0,126.0,-,"33,600248","0,00000000","26,186808",EEELB1
Juros,15/04/2030,953.0,123.0,-,"32,788523","0,00000000","24,627402",EEELB1
Juros,15/10/2030,1081.0,128.0,-,"34,141722","0,00000000","24,676676",EEELB1
Juros,15/04/2031,1204.0,123.0,-,"32,788523","0,00000000","22,839141",EEELB1
Juros,15/10/2031,1332.0,128.0,-,"34,141722","0,00000000","22,884837",EEELB1
Juros,15/04/2032,1457.0,125.0,-,"33,32961","0,00000000","21,517332",EEELB1
Juros,15/10/2032,1584.0,127.0,-,"33,870954","0,00000000","21,048471",EEELB1
Juros,18/04/2033,1710.0,126.0,-,"33,600248","0,00000000","20,104856",EEELB1
Juros,17/10/2033,1836.0,126.0,-,"33,600248","0,00000000","19,358261",EEELB1
Juros,17/04/2034,1961.0,125.0,-,"33,32961","0,00000000","18,49481",EEELB1
Juros,16/10/2034,2086.0,125.0,-,"33,32961","0,00000000","17,813353",EEELB1
Juros,16/04/2035,2208.0,122.0,-,"32,518075","0,00000000","16,754342",EEELB1
Juros,15/10/2035,2334.0,126.0,-,"33,600248","0,00000000","16,669032",EEELB1
Juros,15/04/2036,2457.0,123.0,-,"32,788523","0,00000000","15,676403",EEELB1
Juros,15/10/2036,2585.0,128.0,-,"34,141722","0,00000000","15,707768",EEELB1
Juros|Amortização,15/04/2037,2709.0,124.0,-,"33,059034","369,32046","178,357404",EEELB1
Juros,15/10/2037,2835.0,126.0,-,"22,400177","0,00000000","9,560313",EEELB1
Juros|Amortização,15/04/2038,2959.0,124.0,-,"22,039367","369,321014","160,925087",EEELB1
Juros,15/10/2038,3085.0,126.0,-,"11,200088","0,00000000","4,434388",EEELB1
Juros|Amortização,15/04/2039,3210.0,125.0,-,"11,109875","369,321014","145,072076",EEELB1
Juros,15/10/2026,81.0,126.0,-,"33,289431","0,00000000","32,450175",EEELA1
Juros,15/04/2027,204.0,123.0,-,"32,485318","0,00000000","30,462003",EEELA1
Juros,15/10/2027,331.0,127.0,-,"33,557594","0,00000000","30,232578",EEELA1
Juros,17/04/2028,457.0,126.0,-,"33,289431","0,00000000","28,8231",EEELA1
Juros,16/10/2028,582.0,125.0,-,"33,02133","0,00000000","27,486264",EEELA1
Juros,16/04/2029,704.0,122.0,-,"32,217406","0,00000000","25,805322",EEELA1
Juros,15/10/2029,830.0,126.0,-,"33,289431","0,00000000","25,625659",EEELA1
Juros,15/04/2030,953.0,123.0,-,"32,485318","0,00000000","24,055614",EEELA1
Juros,15/10/2030,1081.0,128.0,-,"33,82582","0,00000000","24,057682",EEELA1
Juros,15/04/2031,1204.0,123.0,-,"32,485318","0,00000000","22,225587",EEELA1
Juros,15/10/2031,1332.0,128.0,-,"33,82582","0,00000000","22,227498",EEELA1
Juros|Amortização,15/04/2032,1457.0,125.0,-,"33,02133","369,32046","254,169974",EEELA1
Juros,15/10/2032,1584.0,127.0,-,"22,37174","0,00000000","13,57819",EEELA1
Juros|Amortização,18/04/2033,1710.0,126.0,-,"22,192965","369,321014","228,370159",EEELA1
Juros,17/10/2033,1836.0,126.0,-,"11,096482","0,00000000","6,220529",EEELA1
Juros|Amortização,17/04/2034,1961.0,125.0,-,"11,007115","369,321014","204,968592",EEELA1
Juros,16/11/2026,102.0,127.0,-,"36,542367","0,00000000","35,360333",CPLD37
Juros,17/05/2027,225.0,123.0,-,"35,37452","0,00000000","32,89954",CPLD37
Juros,16/11/2027,351.0,126.0,-,"36,250301","0,00000000","32,372071",CPLD37
Juros,15/05/2028,475.0,124.0,-,"35,666378","0,00000000","30,60254",CPLD37
Juros,16/11/2028,603.0,128.0,-,"36,834502","0,00000000","30,327238",CPLD37
Juros,15/05/2029,724.0,121.0,-,"34,791016","0,00000000","27,548932",CPLD37
Juros,16/11/2029,852.0,128.0,-,"36,834502","0,00000000","27,988012",CPLD37
Juros|Amortização,15/05/2030,973.0,121.0,-,"34,791016","397,391903","315,823516",CPLD37
Juros,18/11/2030,1104.0,131.0,-,"25,142139","0,00000000","17,613216",CPLD37
Juros|Amortização,15/05/2031,1224.0,120.0,-,"23,000727","397,451518","283,369258",CPLD37
Juros,17/11/2031,1355.0,131.0,-,"12,571069","0,00000000","8,12209",CPLD37
Juros|Amortização,17/05/2032,1478.0,123.0,-,"11,792096","397,451518","254,13071",CPLD37
Juros,16/11/2026,102.0,127.0,-,"34,474016","0,00000000","33,386762",CPLD29
Juros,17/05/2027,225.0,123.0,-,"33,371996","0,00000000","31,094363",CPLD29
Juros,16/11/2027,351.0,126.0,-,"34,198411","0,00000000","30,627611",CPLD29
Juros,15/05/2028,475.0,124.0,-,"33,647401","0,00000000","28,982732",CPLD29
Juros,16/11/2028,603.0,128.0,-,"34,749688","0,00000000","28,752362",CPLD29
Juros,15/05/2029,724.0,121.0,-,"32,821385","0,00000000","26,143846",CPLD29
Juros,16/11/2029,852.0,128.0,-,"34,749688","0,00000000","26,588773",CPLD29
Juros|Amortização,15/05/2030,973.0,121.0,-,"32,821385","110,542278","105,603042",CPLD29
Juros,18/11/2030,1104.0,131.0,-,"32,019392","0,00000000","22,63476",CPLD29
Juros|Amortização,15/05/2031,1224.0,120.0,-,"29,291561","110,542167","95,192153",CPLD29
Juros,17/11/2031,1355.0,131.0,-,"28,461686","0,00000000","18,594106",CPLD29
Juros|Amortização,17/05/2032,1478.0,123.0,-,"26,697599","110,542291","86,260527",CPLD29
Juros,16/11/2032,1604.0,126.0,-,"23,93889","0,00000000","14,462503",CPLD29
Juros|Amortização,16/05/2033,1729.0,125.0,-,"23,746014","110,54218","78,004822",CPLD29
Juros,16/11/2033,1856.0,127.0,-,"20,684415","0,00000000","11,545111",CPLD29
Juros|Amortização,15/05/2034,1979.0,123.0,-,"20,023202","221,084399","129,474082",CPLD29
Juros,16/11/2034,2107.0,128.0,-,"13,899885","0,00000000","7,16998",CPLD29
Juros|Amortização,15/05/2035,2228.0,121.0,-,"13,128564","221,084731","116,307641",CPLD29
Juros,16/11/2035,2356.0,128.0,-,"6,949942","0,00000000","3,315222",CPLD29
Juros|Amortização,15/05/2036,2477.0,121.0,-,"6,564282","221,084731","104,541142",CPLD29
Juros,15/12/2026,122.0,127.0,-,"31,514724","0,00000000","30,287766",CPLD26
Juros,15/06/2027,245.0,123.0,-,"30,510796","0,00000000","28,172127",CPLD26
Juros,15/12/2027,372.0,127.0,-,"31,514724","0,00000000","27,920715",CPLD26
Juros,16/06/2028,498.0,126.0,-,"31,263672","0,00000000","26,585284",CPLD26
Juros,15/12/2028,623.0,125.0,-,"31,012666","0,00000000","25,320371",CPLD26
Juros|Amortização,15/06/2029,746.0,123.0,-,"30,510796","441,669898","370,383452",CPLD26
Juros,17/12/2029,872.0,126.0,-,"20,843489","0,00000000","15,692858",CPLD26
Juros|Amortização,17/06/2030,996.0,124.0,-,"20,508829","441,736155","334,252647",CPLD26
Juros,16/12/2030,1123.0,127.0,-,"10,505433","0,00000000","7,288925",CPLD26
Juros|Amortização,16/06/2031,1245.0,122.0,-,"10,087146","441,736155","301,281132",CPLD26
Juros,15/07/2026,17.0,115.0,-,"33,181985","0,00000000","33,009762",CPLDA1
Juros,15/01/2027,143.0,126.0,-,"36,41131","0,00000000","34,851868",CPLDA1
Juros,15/07/2027,267.0,124.0,-,"35,823431","0,00000000","33,012053",CPLDA1
Juros,17/01/2028,395.0,128.0,-,"36,999512","0,00000000","32,785756",CPLDA1
Juros,17/07/2028,519.0,124.0,-,"35,823431","0,00000000","30,561311",CPLDA1
Juros,15/01/2029,642.0,123.0,-,"35,529615","0,00000000","29,190655",CPLDA1
Juros,16/07/2029,767.0,125.0,-,"36,117331","0,00000000","28,559569",CPLDA1
Juros,15/01/2030,891.0,124.0,-,"35,823431","0,00000000","27,272113",CPLDA1
Juros,15/07/2030,1015.0,124.0,-,"35,823431","0,00000000","26,256352",CPLDA1
Juros,15/01/2031,1143.0,128.0,-,"36,999512","0,00000000","26,076365",CPLDA1
Juros,15/07/2031,1266.0,123.0,-,"35,529615","0,00000000","24,115157",CPLDA1
Juros|Amortização,15/01/2032,1395.0,129.0,-,"37,293734","82,524298","78,175862",CPLDA1
Juros,15/07/2032,1520.0,125.0,-,"33,227944","0,00000000","20,865876",CPLDA1
Juros|Amortização,17/01/2033,1648.0,128.0,-,"34,03955","82,524752","70,385398",CPLDA1
Juros,15/07/2033,1772.0,124.0,-,"30,091667","0,00000000","17,493586",CPLDA1
Juros|Amortização,16/01/2034,1899.0,127.0,-,"30,832495","82,524172","63,386454",CPLDA1
Juros,17/07/2034,2023.0,124.0,-,"27,225796","0,00000000","14,657016",CPLDA1
Juros|Amortização,15/01/2035,2146.0,123.0,-,"27,002496","82,524139","56,784953",CPLDA1
Juros,16/07/2035,2271.0,125.0,-,"24,559778","0,00000000","12,255206",CPLDA1
Juros|Amortização,15/01/2036,2395.0,124.0,-,"24,359927","233,818554","124,031454",CPLDA1
Juros,15/07/2036,2519.0,124.0,-,"16,239959","0,00000000","7,511251",CPLDA1
Juros|Amortização,15/01/2037,2648.0,129.0,-,"16,906497","233,818905","111,474783",CPLDA1
Juros,15/07/2037,2771.0,123.0,-,"8,053381","0,00000000","3,4483",CPLDA1
Juros|Amortização,15/01/2038,2897.0,126.0,-,"8,253232","233,818906","99,728977",CPLDA1
Juros,15/12/2026,122.0,127.0,-,"41,31445","0,00000000","39,618738",CRTA12
Juros,15/06/2027,245.0,123.0,-,"39,989461","0,00000000","36,761539",CRTA12
Juros,15/12/2027,372.0,127.0,-,"41,31445","0,00000000","36,358237",CRTA12
Juros,16/06/2028,498.0,126.0,-,"40,983057","0,00000000","34,538788",CRTA12
Juros,15/12/2028,623.0,125.0,-,"40,651759","0,00000000","32,819592",CRTA12
Juros,15/06/2029,746.0,123.0,-,"39,989461","0,00000000","30,94916",CRTA12
Juros,17/12/2029,872.0,126.0,-,"40,983057","0,00000000","30,37453",CRTA12
Juros|Amortização,17/06/2030,996.0,124.0,-,"40,320562","16,232259","40,16611",CRTA12
Juros|Amortização,16/12/2030,1123.0,127.0,-,"40,694734","16,231804","38,705526",CRTA12
Juros|Amortização,16/06/2031,1245.0,122.0,-,"38,46872","5,411133","28,610275",CRTA12
Juros|Amortização,15/12/2031,1374.0,129.0,-,"40,508321","5,41039","28,641838",CRTA12
Juros,15/06/2032,1498.0,124.0,-,"38,707755","0,00000000","23,137129",CRTA12
Juros,15/12/2032,1625.0,127.0,-,"39,661889","0,00000000","22,695387",CRTA12
Juros|Amortização,15/06/2033,1751.0,126.0,-,"39,34375","5,410408","24,524462",CRTA12
Juros|Amortização,15/12/2033,1877.0,126.0,-,"39,138848","5,411167","23,378457",CRTA12
Juros|Amortização,15/06/2034,2001.0,124.0,-,"38,304547","5,410591","21,983666",CRTA12
Juros|Amortização,15/12/2034,2127.0,126.0,-,"38,729008","5,410749","21,256909",CRTA12
Juros|Amortização,15/06/2035,2250.0,123.0,-,"37,590112","43,28585","37,336974",CRTA12
Juros|Amortização,17/12/2035,2376.0,126.0,-,"36,884777","43,285621","35,443418",CRTA12
Juros|Amortização,16/06/2036,2498.0,122.0,-,"34,106313","51,402625","36,25198",CRTA12
Juros|Amortização,15/12/2036,2627.0,129.0,-,"34,106769","51,402596","34,68073",CRTA12
Juros|Amortização,15/06/2037,2749.0,122.0,-,"30,338727","59,517944","34,948097",CRTA12
Juros|Amortização,15/12/2037,2876.0,127.0,-,"29,33328","59,518485","33,082017",CRTA12
Juros|Amortização,15/06/2038,3000.0,124.0,-,"26,409979","40,58073","23,90236",CRTA12
Juros|Amortização,15/12/2038,3126.0,126.0,-,"25,307046","40,580832","22,513013",CRTA12
Juros|Amortização,15/06/2039,3251.0,125.0,-,"23,578022","43,28633","21,886375",CRTA12
Juros|Amortização,15/12/2039,3378.0,127.0,-,"22,309794","43,285962","20,554534",CRTA12
Juros|Amortização,15/06/2040,3504.0,126.0,-,"20,491521","54,10751","22,38551",CRTA12
Juros|Amortização,17/12/2040,3630.0,126.0,-,"18,442368","54,107457","20,848369",CRTA12
Juros|Amortização,17/06/2041,3754.0,124.0,-,"16,128221","59,51827","20,831703",CRTA12
Juros|Amortização,16/12/2041,3881.0,127.0,-,"14,253481","59,518161","19,448143",CRTA12
Juros|Amortização,16/06/2042,4003.0,122.0,-,"11,500953","73,045293","21,373798",CRTA12
Juros|Amortização,15/12/2042,4132.0,129.0,-,"9,339997","73,04519","19,924656",CRTA12
Juros|Amortização,15/06/2043,4254.0,122.0,-,"6,147056","83,866615","20,876074",CRTA12
Juros|Amortização,15/12/2043,4381.0,127.0,-,"3,201867","83,866616","19,330988",CRTA12
Juros|Amortização,15/07/2026,17.0,123.0,-,"38,351376","4,029269","42,144883",CBAN12
Juros|Amortização,15/01/2027,143.0,126.0,-,"39,19873","4,02859","41,245741",CBAN12
Juros|Amortização,15/07/2027,267.0,124.0,-,"38,471141","4,029449","38,935367",CBAN12
Juros|Amortização,17/01/2028,395.0,128.0,-,"39,626481","96,688093","119,742988",CBAN12
Juros|Amortização,17/07/2028,519.0,124.0,-,"36,023868","96,688337","111,930177",CBAN12
Juros|Amortização,15/01/2029,642.0,123.0,-,"33,399685","104,745823","111,903619",CBAN12
Juros|Amortização,16/07/2029,767.0,125.0,-,"31,383442","104,746408","105,839247",CBAN12
Juros|Amortização,15/01/2030,891.0,124.0,-,"28,584181","108,775414","102,53707",CBAN12
Juros|Amortização,15/07/2030,1015.0,124.0,-,"25,941115","108,775317","96,554162",CBAN12
Juros|Amortização,15/01/2031,1143.0,128.0,-,"24,058955","108,774707","91,288706",CBAN12
Juros|Amortização,15/07/2031,1266.0,123.0,-,"20,486442","108,775045","85,319655",CBAN12
Juros|Amortização,15/01/2032,1395.0,129.0,-,"18,747348","108,775031","80,683051",CBAN12
Juros|Amortização,15/07/2032,1520.0,125.0,-,"15,494343","108,775447","75,465331",CBAN12
Juros|Amortização,17/01/2033,1648.0,128.0,-,"13,141447","112,80399","73,336948",CBAN12
Juros|Amortização,15/07/2033,1772.0,124.0,-,"9,984876","112,803814","68,647905",CBAN12
Juros|Amortização,16/01/2034,1899.0,127.0,-,"7,421348","149,062037","83,914719",CBAN12
Juros|Amortização,17/07/2034,2023.0,124.0,-,"3,621963","149,062037","78,612565",CBAN12
Juros|Amortização,15/07/2026,17.0,123.0,-,"40,024735","4,045335","43,823729",CBAN32
Juros|Amortização,15/01/2027,143.0,126.0,-,"40,909527","4,044654","42,883718",CBAN32
Juros|Amortização,15/07/2027,267.0,124.0,-,"40,149878","4,045516","40,470867",CBAN32
Juros|Amortização,17/01/2028,395.0,128.0,-,"41,356265","97,073637","121,52504",CBAN32
Juros|Amortização,17/07/2028,519.0,124.0,-,"37,595816","97,073882","113,487729",CBAN32
Juros|Amortização,15/01/2029,642.0,123.0,-,"34,856991","105,163498","113,307059",CBAN32
Juros|Amortização,16/07/2029,767.0,125.0,-,"32,753022","105,164085","107,098521",CBAN32
Juros|Amortização,15/01/2030,891.0,124.0,-,"29,831489","109,209158","103,645457",CBAN32
Juros|Amortização,15/07/2030,1015.0,124.0,-,"27,07309","109,20906","97,519311",CBAN32
Juros|Amortização,15/01/2031,1143.0,128.0,-,"25,109183","109,208448","92,141447",CBAN32
Juros|Amortização,15/07/2031,1266.0,123.0,-,"21,380312","109,208786","86,023138",CBAN32
Juros|Amortização,15/01/2032,1395.0,129.0,-,"19,565784","109,208772","81,295326",CBAN32
Juros|Amortização,15/07/2032,1520.0,125.0,-,"16,170519","109,20919","75,956113",CBAN32
Juros|Amortização,17/01/2033,1648.0,128.0,-,"13,715101","113,253797","73,740008",CBAN32
Juros|Amortização,15/07/2033,1772.0,124.0,-,"10,420579","113,253621","68,94902",CBAN32
Juros|Amortização,16/01/2034,1899.0,127.0,-,"7,745276","149,656423","84,153456",CBAN32
Juros|Amortização,17/07/2034,2023.0,124.0,-,"3,780012","149,656423","78,747033",CBAN32
Juros|Amortização,15/07/2026,17.0,123.0,-,"40,024735","4,045335","43,825435",CBAN72
Juros|Amortização,15/01/2027,143.0,126.0,-,"40,909527","4,044654","42,897766",CBAN72
Juros|Amortização,15/07/2027,267.0,124.0,-,"40,149878","4,045516","40,495624",CBAN72
Juros|Amortização,17/01/2028,395.0,128.0,-,"41,356265","97,073637","121,635033",CBAN72
Juros|Amortização,17/07/2028,519.0,124.0,-,"37,595816","97,073882","113,622712",CBAN72
Juros|Amortização,15/01/2029,642.0,123.0,-,"34,856991","105,163498","113,47379",CBAN72
Juros|Amortização,16/07/2029,767.0,125.0,-,"32,753022","105,164085","107,286827",CBAN72
Juros|Amortização,15/01/2030,891.0,124.0,-,"29,831489","109,209158","103,857184",CBAN72
Juros|Amortização,15/07/2030,1015.0,124.0,-,"27,07309","109,20906","97,74628",CBAN72
Juros|Amortização,15/01/2031,1143.0,128.0,-,"25,109183","109,208448","92,382979",CBAN72
Juros|Amortização,15/07/2031,1266.0,123.0,-,"21,380312","109,208786","86,272934",CBAN72
Juros|Amortização,15/01/2032,1395.0,129.0,-,"19,565784","109,208772","81,555485",CBAN72
Juros|Amortização,15/07/2032,1520.0,125.0,-,"16,170519","109,20919","76,221004",CBAN72
Juros|Amortização,17/01/2033,1648.0,128.0,-,"13,715101","113,253797","74,018868",CBAN72
Juros|Amortização,15/07/2033,1772.0,124.0,-,"10,420579","113,253621","69,22942",CBAN72
Juros|Amortização,16/01/2034,1899.0,127.0,-,"7,745276","149,656423","84,520272",CBAN72
Juros|Amortização,17/07/2034,2023.0,124.0,-,"3,780012","149,656423","79,112747",CBAN72
Juros|Amortização,15/07/2026,17.0,123.0,-,"40,024735","4,045335","43,823435",CBAN52
Juros|Amortização,15/01/2027,143.0,126.0,-,"40,909527","4,044654","42,8813",CBAN52
Juros|Amortização,15/07/2027,267.0,124.0,-,"40,149878","4,045516","40,466606",CBAN52
Juros|Amortização,17/01/2028,395.0,128.0,-,"41,356265","97,073637","121,50611",CBAN52
Juros|Amortização,17/07/2028,519.0,124.0,-,"37,595816","97,073882","113,464502",CBAN52
Juros|Amortização,15/01/2029,642.0,123.0,-,"34,856991","105,163498","113,278374",CBAN52
Juros|Amortização,16/07/2029,767.0,125.0,-,"32,753022","105,164085","107,066129",CBAN52
Juros|Amortização,15/01/2030,891.0,124.0,-,"29,831489","109,209158","103,609043",CBAN52
Juros|Amortização,15/07/2030,1015.0,124.0,-,"27,07309","109,20906","97,480282",CBAN52
Juros|Amortização,15/01/2031,1143.0,128.0,-,"25,109183","109,208448","92,099921",CBAN52
Juros|Amortização,15/07/2031,1266.0,123.0,-,"21,380312","109,208786","85,980199",CBAN52
Juros|Amortização,15/01/2032,1395.0,129.0,-,"19,565784","109,208772","81,250613",CBAN52
Juros|Amortização,15/07/2032,1520.0,125.0,-,"16,170519","109,20919","75,910594",CBAN52
Juros|Amortização,17/01/2033,1648.0,128.0,-,"13,715101","113,253797","73,692097",CBAN52
Juros|Amortização,15/07/2033,1772.0,124.0,-,"10,420579","113,253621","68,900852",CBAN52
Juros|Amortização,16/01/2034,1899.0,127.0,-,"7,745276","149,656423","84,090455",CBAN52
Juros|Amortização,17/07/2034,2023.0,124.0,-,"3,780012","149,656423","78,684231",CBAN52
Juros|Amortização,15/03/2029,683.0,1007.0,-,"393,592316","1.066,59444","1.156,609383",CERT11
Juros,15/07/2026,17.0,123.0,-,"38,733306","0,00000000","38,497333",CLTM14
Juros,15/01/2027,143.0,126.0,-,"39,694649","0,00000000","37,705775",CLTM14
Juros|Amortização,15/07/2027,267.0,124.0,-,"39,053665","37,150459","69,230336",CLTM14
Juros|Amortização,17/01/2028,395.0,128.0,-,"38,991471","37,151103","66,063735",CLTM14
Juros|Amortização,17/07/2028,519.0,124.0,-,"36,45009","37,150536","61,074389",CLTM14
Juros|Amortização,15/01/2029,642.0,123.0,-,"34,859988","37,150808","57,170686",CLTM14
Juros|Amortização,16/07/2029,767.0,125.0,-,"34,124245","37,151291","54,100618",CLTM14
Juros|Amortização,15/01/2030,891.0,124.0,-,"32,544719","37,150828","50,595142",CLTM14
Juros|Amortização,15/07/2030,1015.0,124.0,-,"31,242929","37,151125","47,485847",CLTM14
Juros|Amortização,15/01/2031,1143.0,128.0,-,"30,924248","37,150592","45,138806",CLTM14
Juros|Amortização,15/07/2031,1266.0,123.0,-,"28,404421","37,151196","41,588333",CLTM14
Juros|Amortização,15/01/2032,1395.0,129.0,-,"28,45974","37,150771","39,737132",CLTM14
Juros|Amortização,15/07/2032,1520.0,125.0,-,"26,249394","37,15081","36,711294",CLTM14
Juros|Amortização,17/01/2033,1648.0,128.0,-,"25,546113","37,151106","34,671683",CLTM14
Juros|Amortização,15/07/2033,1772.0,124.0,-,"23,432175","37,151089","32,042129",CLTM14
Juros|Amortização,16/01/2034,1899.0,127.0,-,"22,67529","37,151073","30,229782",CLTM14
Juros|Amortização,17/07/2034,2023.0,124.0,-,"20,82858","37,150757","28,019328",CLTM14
Juros|Amortização,15/01/2035,2146.0,123.0,-,"19,366614","37,150942","26,1316",CLTM14
Juros|Amortização,16/07/2035,2271.0,125.0,-,"18,374543","37,150967","24,544892",CLTM14
Juros|Amortização,15/01/2036,2395.0,124.0,-,"16,923207","37,150689","22,861161",CLTM14
Juros|Amortização,15/07/2036,2519.0,124.0,-,"15,621423","37,150581","21,338126",CLTM14
Juros|Amortização,15/01/2037,2648.0,129.0,-,"14,907457","37,150706","20,095694",CLTM14
Juros|Amortização,15/07/2037,2771.0,123.0,-,"12,911072","37,150747","18,489236",CLTM14
Juros|Amortização,15/01/2038,2897.0,126.0,-,"11,908367","37,150709","17,316556",CLTM14
Juros|Amortização,15/07/2038,3021.0,124.0,-,"10,414288","37,150752","16,057284",CLTM14
Juros|Amortização,17/01/2039,3149.0,128.0,-,"9,411711","37,150715","15,011961",CLTM14
Juros|Amortização,15/07/2039,3273.0,124.0,-,"7,810717","37,150832","13,863891",CLTM14
Juros|Amortização,16/01/2040,3400.0,127.0,-,"6,669196","37,150744","12,908904",CLTM14
Juros|Amortização,16/07/2040,3525.0,125.0,-,"5,249869","37,150744","11,941961",CLTM14
Juros|Amortização,15/01/2041,3649.0,124.0,-,"3,905356","37,150706","11,059179",CLTM14
Juros|Amortização,15/07/2041,3773.0,124.0,-,"2,603572","37,150763","10,241702",CLTM14
Juros|Amortização,15/01/2042,3901.0,128.0,-,"1,34453","37,150763","9,471371",CLTM14
Juros|Amortização,15/12/2026,122.0,127.0,-,"398,488161","384,697211","750,594207",CART13
Juros|Amortização,15/06/2027,245.0,123.0,-,"373,15599","384,695038","695,847097",CART13
Juros|Amortização,15/12/2027,372.0,127.0,-,"372,499633","384,696522","665,154427",CART13
Juros|Amortização,16/06/2028,498.0,126.0,-,"356,627706","641,155943","838,853044",CART13
Juros|Amortização,15/12/2028,623.0,125.0,-,"332,440499","641,159892","783,640664",CART13
Juros|Amortização,15/06/2029,746.0,123.0,-,"306,071481","705,266398","779,869316",CART13
Juros|Amortização,17/12/2029,872.0,126.0,-,"290,028556","705,266946","734,535884",CART13
Juros|Amortização,17/06/2030,996.0,124.0,-,"262,099273","705,274047","683,743341",CART13
Juros|Amortização,16/12/2030,1123.0,127.0,-,"244,723567","705,270272","642,39759",CART13
Juros|Amortização,16/06/2031,1245.0,122.0,-,"212,064585","833,502617","677,603604",CART13
Juros|Amortização,15/12/2031,1374.0,129.0,-,"195,833794","833,500099","637,76624",CART13
Juros|Amortização,15/06/2032,1498.0,124.0,-,"160,641532","705,272434","513,828307",CART13
Juros|Amortização,15/12/2032,1625.0,127.0,-,"140,770254","705,272497","480,307867",CART13
Juros|Amortização,15/06/2033,1751.0,126.0,-,"116,011458","641,155122","411,390487",CART13
Juros|Amortização,15/12/2033,1877.0,126.0,-,"94,527877","641,156678","382,551459",CART13
Juros|Amortização,15/06/2034,2001.0,124.0,-,"71,865905","641,156452","355,090783",CART13
Juros|Amortização,15/12/2034,2127.0,126.0,-,"51,560616","641,155875","330,162083",CART13
Juros|Amortização,15/06/2035,2250.0,123.0,-,"29,349308","448,808497","218,33947",CART13
Juros|Amortização,17/12/2035,2376.0,126.0,-,"15,038504","448,808497","202,708133",CART13
-,15/09/2026,60.0,238.0,-,"0,00000000","0,00000000","0,00000000",MGPRA0
Juros,15/03/2027,182.0,122.0,-,"41,867639","0,00000000","39,381944",MGPRA0
Juros,15/09/2027,310.0,128.0,-,"43,966668","0,00000000","39,613908",MGPRA0
Juros|Amortização,15/03/2028,435.0,125.0,-,"42,916679","1,398015","38,28384",MGPRA0
Juros|Amortização,15/09/2028,562.0,127.0,-,"43,562045","1,398501","37,21781",MGPRA0
Juros|Amortização,15/03/2029,683.0,121.0,-,"41,414356","7,874015","39,173422",MGPRA0
Juros|Amortização,17/09/2029,811.0,128.0,-,"43,547192","7,874936","39,147366",MGPRA0
Juros|Amortização,15/03/2030,932.0,121.0,-,"40,829717","12,3845","38,896273",MGPRA0
Juros|Amortização,16/09/2030,1060.0,128.0,-,"42,750759","12,384248","38,602301",MGPRA0
Juros|Amortização,17/03/2031,1184.0,124.0,-,"40,91835","16,56511","38,602757",MGPRA0
Juros|Amortização,15/09/2031,1310.0,126.0,-,"40,950096","16,564982","37,021558",MGPRA0
Juros|Amortização,15/03/2032,1435.0,125.0,-,"39,983292","19,468129","36,692628",MGPRA0
Juros|Amortização,15/09/2032,1563.0,128.0,-,"40,196189","19,468396","35,272696",MGPRA0
Juros|Amortização,15/03/2033,1687.0,124.0,-,"38,175486","22,743737","34,543476",MGPRA0
Juros|Amortização,15/09/2033,1815.0,128.0,-,"38,536759","22,743654","33,284253",MGPRA0
Juros|Amortização,15/03/2034,1939.0,124.0,-,"36,444231","26,901242","33,000641",MGPRA0
Juros|Amortização,15/09/2034,2066.0,127.0,-,"36,293811","26,90116","31,545747",MGPRA0
Juros|Amortização,15/03/2035,2187.0,121.0,-,"33,549076","28,707353","29,838041",MGPRA0
Juros|Amortização,17/09/2035,2315.0,128.0,-,"34,39907","28,708125","28,971463",MGPRA0
Juros|Amortização,17/03/2036,2437.0,122.0,-,"31,682126","29,27019","26,857373",MGPRA0
Juros|Amortização,15/09/2036,2563.0,126.0,-,"31,608388","29,270213","25,71198",MGPRA0
Juros|Amortização,16/03/2037,2688.0,125.0,-,"30,229594","32,431564","25,375399",MGPRA0
Juros|Amortização,15/09/2037,2814.0,126.0,-,"29,221412","32,431132","23,93112",MGPRA0
Juros|Amortização,15/03/2038,2936.0,122.0,-,"27,062544","35,262741","23,219778",MGPRA0
Juros|Amortização,15/09/2038,3064.0,128.0,-,"27,033084","35,262533","22,230884",MGPRA0
Juros|Amortização,15/03/2039,3188.0,124.0,-,"24,830331","38,100031","21,54017",MGPRA0
Juros|Amortização,15/09/2039,3316.0,128.0,-,"24,149078","38,099975","20,409252",MGPRA0
Juros|Amortização,15/03/2040,3441.0,125.0,-,"22,110358","41,537522","20,008839",MGPRA0
Juros|Amortização,17/09/2040,3569.0,128.0,-,"21,018394","41,537221","18,836911",MGPRA0
Juros|Amortização,15/03/2041,3690.0,121.0,-,"18,30592","43,977699","18,007152",MGPRA0
Juros|Amortização,16/09/2041,3818.0,128.0,-,"17,656659","43,978066","17,068766",MGPRA0
Juros|Amortização,17/03/2042,3942.0,124.0,-,"15,420711","405,167281","111,718009",MGPRA0
Juros,16/11/2026,102.0,127.0,-,"37,567999","0,00000000","36,185266",IVIAA0
Juros,17/05/2027,225.0,123.0,-,"36,365475","0,00000000","33,478317",IVIAA0
Juros,16/11/2027,351.0,126.0,-,"37,26725","0,00000000","32,755433",IVIAA0
Juros|Amortização,15/05/2028,475.0,124.0,-,"36,665988","33,110815","58,596011",IVIAA0
Juros|Amortização,16/11/2028,603.0,128.0,-,"36,732763","33,110991","55,956026",IVIAA0
Juros|Amortização,15/05/2029,724.0,121.0,-,"33,618802","33,110918","51,135038",IVIAA0
Juros|Amortização,16/11/2029,852.0,128.0,-,"34,460623","33,110772","49,399717",IVIAA0
Juros|Amortização,15/05/2030,973.0,121.0,-,"31,472919","38,629539","49,02017",IVIAA0
Juros|Amortização,18/11/2030,1104.0,131.0,-,"32,762146","38,629153","47,574053",IVIAA0
Juros|Amortização,15/05/2031,1224.0,120.0,-,"28,726165","38,629378","42,947498",IVIAA0
Juros|Amortização,17/11/2031,1355.0,131.0,-,"30,048121","38,629015","41,731116",IVIAA0
Juros|Amortização,17/05/2032,1478.0,123.0,-,"26,910445","44,147698","41,268846",IVIAA0
Juros|Amortização,16/11/2032,1604.0,126.0,-,"26,087069","44,147856","38,94424",IVIAA0
Juros|Amortização,16/05/2033,1729.0,125.0,-,"24,397933","46,907016","37,761662",IVIAA0
Juros|Amortização,16/11/2033,1856.0,127.0,-,"23,19823","46,90703","35,43268",IVIAA0
Juros|Amortização,15/05/2034,1979.0,123.0,-,"20,910137","49,666281","34,093663",IVIAA0
Juros|Amortização,16/11/2034,2107.0,128.0,-,"20,070466","49,66639","32,13947",IVIAA0
Juros|Amortização,15/05/2035,2228.0,121.0,-,"17,345856","60,703067","34,405134",IVIAA0
Juros|Amortização,16/11/2035,2356.0,128.0,-,"16,283581","60,703115","32,37683",IVIAA0
Juros|Amortização,15/05/2036,2477.0,121.0,-,"13,411745","66,221567","32,03269",IVIAA0
Juros|Amortização,17/11/2036,2608.0,131.0,-,"12,213101","66,221501","30,066968",IVIAA0
Juros|Amortização,15/05/2037,2729.0,121.0,-,"9,119988","68,980804","28,63633",IVIAA0
Juros|Amortização,16/11/2037,2856.0,127.0,-,"7,231834","68,98075","26,669236",IVIAA0
Juros|Amortização,17/05/2038,2979.0,123.0,-,"4,72751","143,480176","49,569584",IVIAA0
Juros,15/09/2026,60.0,126.0,-,"39,927877","0,00000000","39,055702",RSAN26
Juros,15/03/2027,182.0,122.0,-,"38,638233","0,00000000","36,134516",RSAN26
Juros,15/09/2027,310.0,128.0,-,"40,573248","0,00000000","36,197813",RSAN26
Juros,15/03/2028,435.0,125.0,-,"39,605328","0,00000000","33,745303",RSAN26
Juros,15/09/2028,562.0,127.0,-,"40,250516","0,00000000","32,728688",RSAN26
Juros,15/03/2029,683.0,121.0,-,"38,316052","0,00000000","29,798508",RSAN26
Juros,17/09/2029,811.0,128.0,-,"40,573248","0,00000000","30,101706",RSAN26
Juros,15/03/2030,932.0,121.0,-,"38,316052","0,00000000","27,188716",RSAN26
Juros,16/09/2030,1060.0,128.0,-,"40,573248","0,00000000","27,46536",RSAN26
Juros,17/03/2031,1184.0,124.0,-,"39,282871","0,00000000","25,405384",RSAN26
Juros,15/09/2031,1310.0,126.0,-,"39,927877","0,00000000","24,652221",RSAN26
Juros,15/03/2032,1435.0,125.0,-,"39,605328","0,00000000","23,353427",RSAN26
Juros,15/09/2032,1563.0,128.0,-,"40,573248","0,00000000","22,823085",RSAN26
Juros,15/03/2033,1687.0,124.0,-,"39,282871","0,00000000","21,111292",RSAN26
Juros,15/09/2033,1815.0,128.0,-,"40,573248","0,00000000","20,801227",RSAN26
Juros,15/03/2034,1939.0,124.0,-,"39,282871","0,00000000","19,241079",RSAN26
Juros,15/09/2034,2066.0,127.0,-,"40,250516","0,00000000","18,814604",RSAN26
Juros,15/03/2035,2187.0,121.0,-,"38,316052","0,00000000","17,130143",RSAN26
Juros,17/09/2035,2315.0,128.0,-,"40,573248","0,00000000","17,304442",RSAN26
Juros,17/03/2036,2437.0,122.0,-,"38,638233","0,00000000","15,755486",RSAN26
Juros,15/09/2036,2563.0,126.0,-,"39,927877","0,00000000","15,543474",RSAN26
Juros,16/03/2037,2688.0,125.0,-,"39,605328","0,00000000","14,72457",RSAN26
Juros|Amortização,15/09/2037,2814.0,126.0,-,"39,927877","365,160211","143,779114",RSAN26
Juros,15/03/2038,2936.0,122.0,-,"25,758835","0,00000000","8,741164",RSAN26
Juros|Amortização,15/09/2038,3064.0,128.0,-,"27,048845","365,160759","126,969344",RSAN26
Juros,15/03/2039,3188.0,124.0,-,"13,094296","0,00000000","4,049858",RSAN26
Juros|Amortização,15/09/2039,3316.0,128.0,-,"13,524421","365,160759","111,730967",RSAN26
Juros,15/10/2026,81.0,126.0,-,"34,649383","0,00000000","33,769597",CPFPA5
Juros,15/04/2027,204.0,123.0,-,"33,812273","0,00000000","31,691548",CPFPA5
Juros,15/10/2027,331.0,127.0,-,"34,928553","0,00000000","31,443929",CPFPA5
Juros,17/04/2028,457.0,126.0,-,"34,649383","0,00000000","29,96931",CPFPA5
Juros,16/10/2028,582.0,125.0,-,"34,37028","0,00000000","28,571118",CPFPA5
Juros,16/04/2029,704.0,122.0,-,"33,533369","0,00000000","26,816245",CPFPA5
Juros,15/10/2029,830.0,126.0,-,"34,649383","0,00000000","26,622039",CPFPA5
Juros,15/04/2030,953.0,123.0,-,"33,812273","0,00000000","24,983823",CPFPA5
Juros,15/10/2030,1081.0,128.0,-,"35,207791","0,00000000","24,978855",CPFPA5
Juros,15/04/2031,1204.0,123.0,-,"33,812273","0,00000000","23,06996",CPFPA5
Juros|Amortização,15/10/2031,1332.0,128.0,-,"35,207791","379,62508","271,765846",CPFPA5
Juros,15/04/2032,1457.0,125.0,-,"22,913532","0,00000000","14,427021",CPFPA5
Juros|Amortização,15/10/2032,1584.0,127.0,-,"23,285714","379,625649","243,658341",CPFPA5
Juros,18/04/2033,1710.0,126.0,-,"11,549799","0,00000000","6,710752",CPFPA5
Juros|Amortização,17/10/2033,1836.0,126.0,-,"11,549799","379,625649","218,37022",CPFPA5
Juros,15/10/2026,81.0,126.0,-,"34,637779","0,00000000","33,772332",PALFB3
Juros,15/04/2027,204.0,123.0,-,"33,800953","0,00000000","31,714144",PALFB3
Juros,15/10/2027,331.0,127.0,-,"34,916855","0,00000000","31,486874",PALFB3
Juros,17/04/2028,457.0,126.0,-,"34,637779","0,00000000","30,029666",PALFB3
Juros,16/10/2028,582.0,125.0,-,"34,358771","0,00000000","28,647042",PALFB3
Juros,16/04/2029,704.0,122.0,-,"33,522144","0,00000000","26,90436",PALFB3
Juros,15/10/2029,830.0,126.0,-,"34,637779","0,00000000","26,726799",PALFB3
Juros,15/04/2030,953.0,123.0,-,"33,800953","0,00000000","25,097987",PALFB3
Juros,15/10/2030,1081.0,128.0,-,"35,195995","0,00000000","25,10949",PALFB3
Juros,15/04/2031,1204.0,123.0,-,"33,800953","0,00000000","23,20527",PALFB3
Juros,15/10/2031,1332.0,128.0,-,"35,195995","0,00000000","23,215906",PALFB3
Juros,15/04/2032,1457.0,125.0,-,"34,358771","0,00000000","21,795745",PALFB3
Juros,15/10/2032,1584.0,127.0,-,"34,916855","0,00000000","21,288232",PALFB3
Juros,18/04/2033,1710.0,126.0,-,"34,637779","0,00000000","20,303015",PALFB3
Juros|Amortização,17/10/2033,1836.0,126.0,-,"34,637779","379,62508","233,449288",PALFB3
Juros,17/04/2034,1961.0,125.0,-,"22,905858","0,00000000","12,413802",PALFB3
Juros|Amortização,16/10/2034,2086.0,125.0,-,"22,905858","379,625649","209,797275",PALFB3
Juros,16/04/2035,2208.0,122.0,-,"11,174052","0,00000000","5,60608",PALFB3
Juros|Amortização,15/10/2035,2334.0,126.0,-,"11,545932","379,625649","188,67832",PALFB3
Juros,15/12/2026,122.0,127.0,-,"37,024712","0,00000000","35,607382",CHSF13
Juros,15/06/2027,245.0,123.0,-,"35,839849","0,00000000","33,13782",CHSF13
Juros,15/12/2027,372.0,127.0,-,"37,024712","0,00000000","32,870256",CHSF13
Juros,16/06/2028,498.0,126.0,-,"36,728381","0,00000000","31,318846",CHSF13
Juros,15/12/2028,623.0,125.0,-,"36,432127","0,00000000","29,848328",CHSF13
Juros,15/06/2029,746.0,123.0,-,"35,839849","0,00000000","28,230012",CHSF13
Juros,17/12/2029,872.0,126.0,-,"36,728381","0,00000000","27,786846",CHSF13
Juros,17/06/2030,996.0,124.0,-,"36,135949","0,00000000","26,275283",CHSF13
Juros,16/12/2030,1123.0,127.0,-,"37,024712","0,00000000","25,849565",CHSF13
Juros|Amortização,16/06/2031,1245.0,122.0,-,"35,543825","1.103,57806","764,856776",CHSF13
Juros,15/12/2026,122.0,127.0,-,"42,01502","0,00000000","40,351155",CEED12
Juros,15/06/2027,245.0,123.0,-,"40,66929","0,00000000","37,499506",CEED12
Juros,15/12/2027,372.0,127.0,-,"42,01502","0,00000000","37,144604",CEED12
Juros,16/06/2028,498.0,126.0,-,"41,678449","0,00000000","35,340993",CEED12
Juros,15/12/2028,623.0,125.0,-,"41,34197","0,00000000","33,633978",CEED12
Juros,15/06/2029,746.0,123.0,-,"40,66929","0,00000000","31,765905",CEED12
Juros|Amortização,17/12/2029,872.0,126.0,-,"41,678449","1.186,34286","919,976183",CEED12
Juros,15/03/2027,182.0,243.0,-,"68,87038","0,00000000","64,869011",CSRNA4
Juros,15/03/2028,435.0,253.0,-,"71,80208","0,00000000","62,230836",CSRNA4
Juros,15/03/2029,683.0,248.0,-,"70,335246","0,00000000","56,184897",CSRNA4
Juros,15/03/2030,932.0,249.0,-,"70,628454","0,00000000","51,983009",CSRNA4
Juros|Amortização,17/03/2031,1184.0,252.0,-,"71,508555","1.020,10808","739,534621",CSRNA4
Juros,16/11/2026,102.0,127.0,-,"36,872764","0,00000000","35,535425",COCE18
Juros,17/05/2027,225.0,123.0,-,"35,694251","0,00000000","32,900819",COCE18
Juros,16/11/2027,351.0,126.0,-,"36,578029","0,00000000","32,21139",COCE18
Juros,15/05/2028,475.0,124.0,-,"35,988772","0,00000000","30,30062",COCE18
Juros,16/11/2028,603.0,128.0,-,"37,167569","0,00000000","29,875472",COCE18
Juros,15/05/2029,724.0,121.0,-,"35,105416","0,00000000","27,00797",COCE18
Juros,16/11/2029,852.0,128.0,-,"37,167569","0,00000000","27,299086",COCE18
Juros|Amortização,15/05/2030,973.0,121.0,-,"35,105416","398,449048","304,785872",COCE18
Juros,18/11/2030,1104.0,131.0,-,"25,368282","0,00000000","17,007343",COCE18
Juros|Amortização,15/05/2031,1224.0,120.0,-,"23,207414","398,449645","270,663252",COCE18
Juros,17/11/2031,1355.0,131.0,-,"12,684141","0,00000000","7,764709",COCE18
Juros|Amortização,17/05/2032,1478.0,123.0,-,"11,898088","398,449645","240,253001",COCE18
Juros,15/12/2026,122.0,127.0,-,"44,595229","0,00000000","42,908989",CAEC12
Juros,15/06/2027,245.0,123.0,-,"43,163507","0,00000000","39,948391",CAEC12
Juros,15/12/2027,372.0,127.0,-,"44,595229","0,00000000","39,650146",CAEC12
Juros,16/06/2028,498.0,126.0,-,"44,23713","0,00000000","37,796742",CAEC12
Juros,15/12/2028,623.0,125.0,-,"43,879144","0,00000000","36,039091",CAEC12
Juros,15/06/2029,746.0,123.0,-,"43,163507","0,00000000","34,100055",CAEC12
Juros,17/12/2029,872.0,126.0,-,"44,23713","0,00000000","33,584303",CAEC12
Juros,17/06/2030,996.0,124.0,-,"43,521269","0,00000000","31,771404",CAEC12
Juros,16/12/2030,1123.0,127.0,-,"44,595229","0,00000000","31,274983",CAEC12
Juros,16/06/2031,1245.0,122.0,-,"42,805855","0,00000000","28,884958",CAEC12
Juros,15/12/2031,1374.0,129.0,-,"45,31176","0,00000000","29,354785",CAEC12
Juros,15/06/2032,1498.0,124.0,-,"43,521269","0,00000000","27,111589",CAEC12
Juros,15/12/2032,1625.0,127.0,-,"44,595229","0,00000000","26,687977",CAEC12
Juros,15/06/2033,1751.0,126.0,-,"44,23713","0,00000000","25,440476",CAEC12
Juros,15/12/2033,1877.0,126.0,-,"44,23713","0,00000000","24,447602",CAEC12
Juros|Amortização,15/06/2034,2001.0,124.0,-,"43,521269","220,414784","140,259897",CAEC12
Juros|Amortização,15/12/2034,2127.0,126.0,-,"35,389704","220,414784","130,633329",CAEC12
Juros|Amortização,15/06/2035,2250.0,123.0,-,"25,898104","220,414563","120,991611",CAEC12
Juros|Amortização,17/12/2035,2376.0,126.0,-,"17,69486","220,414894","112,397522",CAEC12
Juros|Amortização,16/06/2036,2498.0,122.0,-,"8,561174","220,414894","103,999089",CAEC12
Juros|Amortização,16/11/2026,102.0,127.0,-,"42,066045","17,057157","56,965941",COMR14
Juros|Amortização,17/05/2027,225.0,123.0,-,"40,070055","22,742502","57,867891",COMR14
Juros|Amortização,16/11/2027,351.0,126.0,-,"40,182985","22,742886","55,370632",COMR14
Juros|Amortização,15/05/2028,475.0,124.0,-,"38,664271","28,428751","56,429108",COMR14
Juros|Amortização,16/11/2028,603.0,128.0,-,"38,814004","28,428895","53,977752",COMR14
Juros|Amortização,15/05/2029,724.0,121.0,-,"35,592987","34,114078","53,542117",COMR14
Juros|Amortização,16/11/2029,852.0,128.0,-,"36,346062","34,114327","51,65428",COMR14
Juros|Amortização,15/05/2030,973.0,121.0,-,"33,050641","36,957522","49,108914",COMR14
Juros|Amortização,18/11/2030,1104.0,131.0,-,"34,343377","36,956992","47,683836",COMR14
Juros|Amortização,15/05/2031,1224.0,120.0,-,"30,041467","38,37882","43,799881",COMR14
Juros|Amortização,17/11/2031,1355.0,131.0,-,"31,299567","38,378427","42,525696",COMR14
Juros|Amortização,17/05/2032,1478.0,123.0,-,"27,898248","42,642912","41,16539",COMR14
Juros|Amortização,16/11/2032,1604.0,126.0,-,"26,935848","42,642673","38,781437",COMR14
Juros|Amortização,16/05/2033,1729.0,125.0,-,"25,075517","45,485843","37,57794",COMR14
Juros|Amortização,16/11/2033,1856.0,127.0,-,"23,703903","45,485616","35,180916",COMR14
Juros|Amortização,15/05/2034,1979.0,123.0,-,"21,219921","48,328492","33,813326",COMR14
Juros|Amortização,16/11/2034,2107.0,128.0,-,"20,192285","48,328519","31,7955",COMR14
Juros|Amortização,15/05/2035,2228.0,121.0,-,"17,266873","52,593105","31,018588",COMR14
Juros|Amortização,16/11/2035,2356.0,128.0,-,"16,209924","52,593201","29,157097",COMR14
Juros|Amortização,15/05/2036,2477.0,121.0,-,"13,347393","55,435953","27,891366",COMR14
Juros|Amortização,17/11/2036,2608.0,131.0,-,"12,232693","55,436037","26,160273",COMR14
Juros|Amortização,15/05/2037,2729.0,121.0,-,"9,216052","60,268718","25,703617",COMR14
Juros|Amortização,16/11/2037,2856.0,127.0,-,"7,322617","60,268686","23,872408",COMR14
Juros|Amortização,17/05/2038,2979.0,123.0,-,"4,804107","63,395966","23,0316",COMR14
Juros|Amortização,16/11/2038,3105.0,126.0,-,"2,461763","63,395966","21,242473",COMR14
Juros,17/08/2026,40.0,124.0,-,"44,083965","0,00000000","43,503394",CLIS13
Juros,15/02/2027,162.0,122.0,-,"43,358715","0,00000000","41,092115",CLIS13
Juros,16/08/2027,289.0,127.0,-,"45,172725","0,00000000","41,046705",CLIS13
Juros,15/02/2028,416.0,127.0,-,"45,172725","0,00000000","39,354846",CLIS13
Juros,15/08/2028,540.0,124.0,-,"44,083965","0,00000000","36,859913",CLIS13
Juros,15/02/2029,663.0,123.0,-,"43,721279","0,00000000","35,096368",CLIS13
Juros|Amortização,15/08/2029,789.0,126.0,-,"44,809687","106,968387","116,853632",CLIS13
Juros,15/02/2030,914.0,125.0,-,"40,002089","0,00000000","29,547697",CLIS13
Juros|Amortização,15/08/2030,1038.0,124.0,-,"39,675568","106,96828","103,957672",CLIS13
Juros,17/02/2031,1166.0,128.0,-,"36,428709","0,00000000","24,752123",CLIS13
Juros|Amortização,15/08/2031,1289.0,123.0,-,"34,977028","133,710499","110,039173",CLIS13
Juros,16/02/2032,1415.0,126.0,-,"30,246542","0,00000000","18,923607",CLIS13
Juros|Amortização,16/08/2032,1542.0,127.0,-,"30,491593","155,104314","111,331102",CLIS13
Juros,15/02/2033,1669.0,127.0,-,"23,941541","0,00000000","13,769562",CLIS13
Juros|Amortização,15/08/2033,1793.0,124.0,-,"23,364498","165,801077","104,414753",CLIS13
Juros,15/02/2034,1921.0,128.0,-,"17,075949","0,00000000","9,03401",CLIS13
Juros|Amortização,15/08/2034,2044.0,123.0,-,"16,395473","187,194744","103,406612",CLIS13
Juros,15/02/2035,2167.0,123.0,-,"8,744247","0,00000000","4,263924",CLIS13
Juros|Amortização,15/08/2035,2293.0,126.0,-,"8,961928","213,936566","104,245679",CLIS13
Juros,15/09/2026,60.0,126.0,-,"31,685965","0,00000000","31,093925",BCPSA5
Juros,15/03/2027,182.0,122.0,-,"30,666345","0,00000000","28,961083",BCPSA5
Juros,15/09/2027,310.0,128.0,-,"32,196115","0,00000000","29,206619",BCPSA5
Juros,15/03/2028,435.0,125.0,-,"31,430974","0,00000000","27,413865",BCPSA5
Juros,15/09/2028,562.0,127.0,-,"31,941012","0,00000000","26,768415",BCPSA5
Juros|Amortização,15/03/2029,683.0,121.0,-,"30,411581","1.114,16872","923,423577",BCPSA5
Juros,15/07/2026,17.0,116.0,-,"32,740612","0,00000000","32,574329",BCPSA7
Juros,15/01/2027,143.0,126.0,-,"35,611261","0,00000000","34,118214",BCPSA7
Juros,15/07/2027,267.0,124.0,-,"35,036512","0,00000000","32,343739",BCPSA7
Juros,17/01/2028,395.0,128.0,-,"36,186319","0,00000000","32,148734",BCPSA7
Juros,17/07/2028,519.0,124.0,-,"35,036512","0,00000000","29,992367",BCPSA7
Juros,15/01/2029,642.0,123.0,-,"34,749255","0,00000000","28,67054",BCPSA7
Juros,16/07/2029,767.0,125.0,-,"35,323848","0,00000000","28,07364",BCPSA7
Juros,15/01/2030,891.0,124.0,-,"35,036512","0,00000000","26,830082",BCPSA7
Juros,15/07/2030,1015.0,124.0,-,"35,036512","0,00000000","25,851897",BCPSA7
Juros,15/01/2031,1143.0,128.0,-,"36,186319","0,00000000","25,696032",BCPSA7
Juros,15/07/2031,1266.0,123.0,-,"34,749255","0,00000000","23,783055",BCPSA7
Juros,15/01/2032,1395.0,129.0,-,"36,473965","0,00000000","24,017354",BCPSA7
Juros,15/07/2032,1520.0,125.0,-,"35,323848","0,00000000","22,405287",BCPSA7
Juros,17/01/2033,1648.0,128.0,-,"36,186319","0,00000000","22,089049",BCPSA7
Juros,15/07/2033,1772.0,124.0,-,"35,036512","0,00000000","20,607433",BCPSA7
Juros|Amortização,16/01/2034,1899.0,127.0,-,"35,898751","343,902396","215,050027",BCPSA7
Juros,17/07/2034,2023.0,124.0,-,"23,357686","0,00000000","12,743345",BCPSA7
Juros|Amortização,15/01/2035,2146.0,123.0,-,"23,166181","343,902911","193,019843",BCPSA7
Juros,16/07/2035,2271.0,125.0,-,"11,774621","0,00000000","5,964051",BCPSA7
Juros|Amortização,15/01/2036,2395.0,124.0,-,"11,678843","343,902911","173,541906",BCPSA7
Juros,15/12/2026,122.0,249.0,-,"65,831249","0,00000000","63,339879",SBSPE9
Juros,15/12/2027,372.0,250.0,-,"66,10247","0,00000000","58,7664",SBSPE9
Juros,15/12/2028,623.0,251.0,-,"66,373744","0,00000000","54,505037",SBSPE9
Juros|Amortização,17/12/2029,872.0,249.0,-,"65,831249","418,692824","367,755595",SBSPE9
Juros|Amortização,16/12/2030,1123.0,251.0,-,"44,249185","418,693452","324,56377",SBSPE9
Juros|Amortização,15/12/2031,1374.0,251.0,-,"22,124592","418,693452","285,470444",SBSPE9
Juros,17/08/2026,40.0,115.0,-,"28,960603","0,00000000","28,61733",SBSPI8
Juros,15/02/2027,162.0,122.0,-,"30,749592","0,00000000","29,299926",SBSPI8
Juros,16/08/2027,289.0,127.0,-,"32,029296","0,00000000","29,385487",SBSPI8
Juros,15/02/2028,416.0,127.0,-,"32,029296","0,00000000","28,293797",SBSPI8
Juros,15/08/2028,540.0,124.0,-,"31,261288","0,00000000","26,61322",SBSPI8
Juros,15/02/2029,663.0,123.0,-,"31,005409","0,00000000","25,445103",SBSPI8
Juros,15/08/2029,789.0,126.0,-,"31,773233","0,00000000","25,114004",SBSPI8
Juros,15/02/2030,914.0,125.0,-,"31,517227","0,00000000","24,000473",SBSPI8
Juros,15/08/2030,1038.0,124.0,-,"31,261288","0,00000000","22,941689",SBSPI8
Juros,17/02/2031,1166.0,128.0,-,"32,285424","0,00000000","22,806251",SBSPI8
Juros,15/08/2031,1289.0,123.0,-,"31,005409","0,00000000","21,11354",SBSPI8
Juros,16/02/2032,1415.0,126.0,-,"31,773233","0,00000000","20,838804",SBSPI8
Juros,16/08/2032,1542.0,127.0,-,"32,029296","0,00000000","20,226331",SBSPI8
Juros,15/02/2033,1669.0,127.0,-,"32,029296","0,00000000","19,47491",SBSPI8
Juros,15/08/2033,1793.0,124.0,-,"31,261288","0,00000000","18,318152",SBSPI8
Juros,15/02/2034,1921.0,128.0,-,"32,285424","0,00000000","18,210009",SBSPI8
Juros,15/08/2034,2044.0,123.0,-,"31,005409","0,00000000","16,858437",SBSPI8
Juros,15/02/2035,2167.0,123.0,-,"31,005409","0,00000000","16,251502",SBSPI8
Juros,15/08/2035,2293.0,126.0,-,"31,773233","0,00000000","16,040032",SBSPI8
Juros|Amortização,15/02/2036,2418.0,125.0,-,"31,517227","1.025,80958","514,245319",SBSPI8
Juros,15/01/2027,143.0,249.0,-,"80,198129","0,00000000","76,840737",SBSPE3
Juros,17/01/2028,395.0,252.0,-,"81,199961","0,00000000","72,152863",SBSPE3
Juros,15/01/2029,642.0,247.0,-,"79,530723","0,00000000","65,637577",SBSPE3
Juros,15/01/2030,891.0,249.0,-,"80,198129","0,00000000","61,43869",SBSPE3
Juros,15/01/2031,1143.0,252.0,-,"81,199961","0,00000000","57,690459",SBSPE3
Juros,15/01/2032,1395.0,252.0,-,"81,199961","0,00000000","53,502547",SBSPE3
Juros,17/01/2033,1648.0,253.0,-,"81,534098","0,00000000","49,80793",SBSPE3
Juros,16/01/2034,1899.0,251.0,-,"80,86592","0,00000000","45,827387",SBSPE3
Juros|Amortização,15/01/2035,2146.0,247.0,-,"79,530723","1.075,70989","608,067616",SBSPE3
Juros,15/07/2026,17.0,62.0,-,"19,186478","0,00000000","19,064781",CSMGB9
Juros,15/10/2026,81.0,64.0,-,"19,810932","0,00000000","19,219319",CSMGB9
Juros,15/01/2027,143.0,62.0,-,"19,186478","0,00000000","18,186535",CSMGB9
Juros,15/04/2027,204.0,61.0,-,"18,874382","0,00000000","17,486852",CSMGB9
Juros|Amortização,15/07/2027,267.0,63.0,-,"19,498662","37,970359","52,003404",CSMGB9
Juros|Amortização,15/10/2027,331.0,64.0,-,"19,127791","37,96978","50,444303",CSMGB9
Juros|Amortização,17/01/2028,395.0,64.0,-,"18,444661","37,970056","48,661268",CSMGB9
Juros|Amortização,17/04/2028,457.0,62.0,-,"17,201671","37,970552","46,497877",CSMGB9
Juros|Amortização,17/07/2028,519.0,62.0,-,"16,54006","37,970078","44,886066",CSMGB9
Juros|Amortização,16/10/2028,582.0,63.0,-,"16,136817","37,970381","43,515941",CSMGB9
Juros|Amortização,15/01/2029,642.0,60.0,-,"14,721871","37,969837","41,436432",CSMGB9
Juros|Amortização,16/04/2029,704.0,62.0,-,"14,555252","37,970455","40,358369",CSMGB9
Juros|Amortização,16/07/2029,767.0,63.0,-,"14,119707","37,970019","39,090646",CSMGB9
Juros|Amortização,15/10/2029,830.0,63.0,-,"13,447341","37,970058","37,68686",CSMGB9
Juros|Amortização,15/01/2030,891.0,61.0,-,"12,365963","37,970362","36,061645",CSMGB9
Juros|Amortização,15/04/2030,953.0,62.0,-,"11,908832","37,970346","34,914429",CSMGB9
Juros|Amortização,15/07/2030,1015.0,62.0,-,"11,247225","37,970328","33,661023",CSMGB9
Juros|Amortização,15/10/2030,1081.0,66.0,-,"11,274861","37,970006","32,85789",CSMGB9
Juros|Amortização,15/01/2031,1143.0,62.0,-,"9,924016","37,970195","31,223627",CSMGB9
Juros|Amortização,15/04/2031,1204.0,61.0,-,"9,111746","37,970219","30,001232",CSMGB9
Juros|Amortização,15/07/2031,1266.0,62.0,-,"8,600807","37,969936","28,994746",CSMGB9
Juros|Amortização,15/10/2031,1332.0,66.0,-,"8,456139","37,969826","28,19931",CSMGB9
Juros|Amortização,15/01/2032,1395.0,63.0,-,"7,396024","37,969954","26,913296",CSMGB9
Juros|Amortização,15/04/2032,1457.0,62.0,-,"6,616009","37,969996","25,843826",CSMGB9
Juros|Amortização,15/07/2032,1520.0,63.0,-,"6,051292","37,969957","24,921816",CSMGB9
Juros|Amortização,15/10/2032,1584.0,64.0,-,"5,465071","37,97","24,007911",CSMGB9
Juros|Amortização,17/01/2033,1648.0,64.0,-,"4,781937","37,969962","23,070965",CSMGB9
Juros|Amortização,18/04/2033,1710.0,62.0,-,"3,969606","37,970083","22,113485",CSMGB9
Juros|Amortização,15/07/2033,1772.0,62.0,-,"3,308004","37,969991","21,265334",CSMGB9
Juros|Amortização,17/10/2033,1836.0,64.0,-,"2,732534","37,969991","20,472528",CSMGB9
Juros|Amortização,16/01/2034,1899.0,63.0,-,"2,017096","37,969954","19,643939",CSMGB9
Juros|Amortização,17/04/2034,1961.0,62.0,-,"1,323202","37,970011","18,86029",CSMGB9
Juros|Amortização,17/07/2034,2023.0,62.0,-,"0,661601","37,970012","18,117376",CSMGB9
Juros,15/10/2026,81.0,126.0,-,"36,688455","0,00000000","35,728856",CEEBC3
Juros,15/04/2027,204.0,123.0,-,"35,802801","0,00000000","33,490998",CEEBC3
Juros,15/10/2027,331.0,127.0,-,"36,983804","0,00000000","33,187585",CEEBC3
Juros,17/04/2028,457.0,126.0,-,"36,688455","0,00000000","31,592833",CEEBC3
Juros,16/10/2028,582.0,125.0,-,"36,39317","0,00000000","30,082659",CEEBC3
Juros,16/04/2029,704.0,122.0,-,"35,507714","0,00000000","28,202171",CEEBC3
Juros|Amortização,15/10/2029,830.0,126.0,-,"36,688455","426,111793","352,734963",CEEBC3
Juros,15/04/2030,953.0,123.0,-,"23,868546","0,00000000","17,4744",CEEBC3
Juros|Amortização,15/10/2030,1081.0,128.0,-,"24,852826","426,112433","316,614124",CEEBC3
Juros,15/04/2031,1204.0,123.0,-,"11,934272","0,00000000","8,048306",CEEBC3
Juros|Amortização,15/10/2031,1332.0,128.0,-,"12,426412","426,112433","283,613918",CEEBC3
Juros,15/09/2026,60.0,126.0,-,"35,563203","0,00000000","34,881974",ELET14
Juros,15/03/2027,182.0,122.0,-,"34,417392","0,00000000","32,456264",ELET14
Juros,15/09/2027,310.0,128.0,-,"36,136526","0,00000000","32,699971",ELET14
Juros,15/03/2028,435.0,125.0,-,"35,276647","0,00000000","30,661165",ELET14
Juros,15/09/2028,562.0,127.0,-,"35,849831","0,00000000","29,90948",ELET14
Juros,15/03/2029,683.0,121.0,-,"34,131113","0,00000000","27,386251",ELET14
Juros|Amortização,17/09/2029,811.0,128.0,-,"36,136526","381,115767","321,263417",ELET14
Juros,15/03/2030,932.0,121.0,-,"22,755213","0,00000000","16,850152",ELET14
Juros|Amortização,16/09/2030,1060.0,128.0,-,"24,092222","381,172941","287,966916",ELET14
Juros,17/03/2031,1184.0,124.0,-,"11,663969","0,00000000","7,963244",ELET14
Juros|Amortização,15/09/2031,1310.0,126.0,-,"11,854994","381,172941","257,648445",ELET14
Juros,17/08/2026,40.0,124.0,-,"33,210655","0,00000000","32,795906",CMGDB0
Juros,15/02/2027,162.0,122.0,-,"32,66723","0,00000000","31,046182",CMGDB0
Juros,16/08/2027,289.0,127.0,-,"34,02628","0,00000000","31,072902",CMGDB0
Juros,15/02/2028,416.0,127.0,-,"34,02628","0,00000000","29,85749",CMGDB0
Juros,15/08/2028,540.0,124.0,-,"33,210655","0,00000000","28,02832",CMGDB0
Juros,15/02/2029,663.0,123.0,-,"32,938911","0,00000000","26,745216",CMGDB0
Juros,15/08/2029,789.0,126.0,-,"33,754342","0,00000000","26,343558",CMGDB0
Juros,15/02/2030,914.0,125.0,-,"33,482467","0,00000000","25,12503",CMGDB0
Juros,15/08/2030,1038.0,124.0,-,"33,210655","0,00000000","23,968861",CMGDB0
Juros,17/02/2031,1166.0,128.0,-,"34,298283","0,00000000","23,778111",CMGDB0
Juros,15/08/2031,1289.0,123.0,-,"32,938911","0,00000000","21,970071",CMGDB0
Juros|Amortização,16/02/2032,1415.0,126.0,-,"33,754342","371,626711","259,892405",CMGDB0
Juros,16/08/2032,1542.0,127.0,-,"22,684197","0,00000000","13,974137",CMGDB0
Juros|Amortização,15/02/2033,1669.0,127.0,-,"22,684197","371,627269","233,406252",CMGDB0
Juros,15/08/2033,1793.0,124.0,-,"11,070223","0,00000000","6,302462",CMGDB0
Juros|Amortização,15/02/2034,1921.0,128.0,-,"11,432766","371,627269","209,48636",CMGDB0
Juros,15/10/2026,81.0,126.0,-,"34,652464","0,00000000","33,831077",CMGDA4
Juros,15/04/2027,204.0,123.0,-,"33,814114","0,00000000","31,831665",CMGDA4
Juros,15/10/2027,331.0,127.0,-,"34,932062","0,00000000","31,670194",CMGDA4
Juros,17/04/2028,457.0,126.0,-,"34,652464","0,00000000","30,265957",CMGDA4
Juros,16/10/2028,582.0,125.0,-,"34,372942","0,00000000","28,93073",CMGDA4
Juros,16/04/2029,704.0,122.0,-,"33,534809","0,00000000","27,223677",CMGDA4
Juros,15/10/2029,830.0,126.0,-,"34,652464","0,00000000","27,100596",CMGDA4
Juros,15/04/2030,953.0,123.0,-,"33,814114","0,00000000","25,498955",CMGDA4
Juros,15/10/2030,1081.0,128.0,-,"35,211729","0,00000000","25,565145",CMGDA4
Juros,15/04/2031,1204.0,123.0,-,"33,814114","0,00000000","23,672197",CMGDA4
Juros,15/10/2031,1332.0,128.0,-,"35,211729","0,00000000","23,733645",CMGDA4
Juros,15/04/2032,1457.0,125.0,-,"34,372942","0,00000000","22,326271",CMGDA4
Juros,15/10/2032,1584.0,127.0,-,"34,932062","0,00000000","21,851883",CMGDA4
Juros,18/04/2033,1710.0,126.0,-,"34,652464","0,00000000","20,882983",CMGDA4
Juros,17/10/2033,1836.0,126.0,-,"34,652464","0,00000000","20,11807",CMGDA4
Juros,17/04/2034,1961.0,125.0,-,"34,372942","0,00000000","19,230532",CMGDA4
Juros,16/10/2034,2086.0,125.0,-,"34,372942","0,00000000","18,531633",CMGDA4
Juros,16/04/2035,2208.0,122.0,-,"33,534809","0,00000000","17,438177",CMGDA4
Juros|Amortização,15/10/2035,2334.0,126.0,-,"34,652464","346,020917","190,700379",CMGDA4
Juros,15/04/2036,2457.0,123.0,-,"22,542753","0,00000000","10,88894",CMGDA4
Juros|Amortização,15/10/2036,2585.0,128.0,-,"23,474498","346,021436","171,840247",CMGDA4
Juros,15/04/2037,2709.0,124.0,-,"11,364502","0,00000000","5,094677",CMGDA4
Juros|Amortização,15/10/2037,2835.0,126.0,-,"11,550827","346,021436","154,427218",CMGDA4
Juros,15/10/2026,81.0,126.0,-,"33,96213","0,00000000","33,156909",CMGDB4
Juros,15/04/2027,204.0,123.0,-,"33,140737","0,00000000","31,197298",CMGDB4
Juros,15/10/2027,331.0,127.0,-,"34,236068","0,00000000","31,038434",CMGDB4
Juros,17/04/2028,457.0,126.0,-,"33,96213","0,00000000","29,662011",CMGDB4
Juros,16/10/2028,582.0,125.0,-,"33,688263","0,00000000","28,35324",CMGDB4
Juros,16/04/2029,704.0,122.0,-,"32,86708","0,00000000","26,680229",CMGDB4
Juros,15/10/2029,830.0,126.0,-,"33,96213","0,00000000","26,559084",CMGDB4
Juros,15/04/2030,953.0,123.0,-,"33,140737","0,00000000","24,989412",CMGDB4
Juros,15/10/2030,1081.0,128.0,-,"34,510076","0,00000000","25,053721",CMGDB4
Juros,15/04/2031,1204.0,123.0,-,"33,140737","0,00000000","23,198729",CMGDB4
Juros,15/10/2031,1332.0,128.0,-,"34,510076","0,00000000","23,25843",CMGDB4
Juros,15/04/2032,1457.0,125.0,-,"33,688263","0,00000000","21,879203",CMGDB4
Juros,15/10/2032,1584.0,127.0,-,"34,236068","0,00000000","21,414003",CMGDB4
Juros,18/04/2033,1710.0,126.0,-,"33,96213","0,00000000","20,464382",CMGDB4
Juros,17/10/2033,1836.0,126.0,-,"33,96213","0,00000000","19,714619",CMGDB4
Juros,17/04/2034,1961.0,125.0,-,"33,688263","0,00000000","18,844755",CMGDB4
Juros,16/10/2034,2086.0,125.0,-,"33,688263","0,00000000","18,159709",CMGDB4
Juros,16/04/2035,2208.0,122.0,-,"32,86708","0,00000000","17,088178",CMGDB4
Juros,15/10/2035,2334.0,126.0,-,"33,96213","0,00000000","17,010587",CMGDB4
Juros,15/04/2036,2457.0,123.0,-,"33,140737","0,00000000","16,005242",CMGDB4
Juros,15/10/2036,2585.0,128.0,-,"34,510076","0,00000000","16,04643",CMGDB4
Juros,15/04/2037,2709.0,124.0,-,"33,414465","0,00000000","14,97663",CMGDB4
Juros,15/10/2037,2835.0,126.0,-,"33,96213","0,00000000","14,664398",CMGDB4
Juros,15/04/2038,2959.0,124.0,-,"33,414465","0,00000000","13,907558",CMGDB4
Juros|Amortização,15/10/2038,3085.0,126.0,-,"33,96213","346,020917","152,359788",CMGDB4
Juros,15/04/2039,3210.0,125.0,-,"22,458852","0,00000000","8,677849",CMGDB4
Juros|Amortização,17/10/2039,3337.0,127.0,-,"22,824055","346,021436","137,255613",CMGDB4
Juros,16/04/2040,3462.0,125.0,-,"11,229426","0,00000000","4,026814",CMGDB4
Juros|Amortização,15/10/2040,3588.0,126.0,-,"11,320715","346,021436","123,446287",CMGDB4
Juros,15/09/2026,60.0,126.0,-,"42,044778","0,00000000","41,233174",CESE32
Juros,15/03/2027,182.0,122.0,-,"40,686544","0,00000000","38,350653",CESE32
Juros,15/09/2027,310.0,128.0,-,"42,72448","0,00000000","38,631313",CESE32
Juros,15/03/2028,435.0,125.0,-,"41,705074","0,00000000","36,208919",CESE32
Juros,15/09/2028,562.0,127.0,-,"42,38458","0,00000000","35,311516",CESE32
Juros,15/03/2029,683.0,121.0,-,"40,347228","0,00000000","32,318449",CESE32
Juros|Amortização,17/09/2029,811.0,128.0,-,"42,72448","571,359725","471,851637",CESE32
Juros,15/03/2030,932.0,121.0,-,"20,173613","0,00000000","14,903544",CESE32
Juros|Amortização,16/09/2030,1060.0,128.0,-,"21,36224","571,359725","420,046742",CESE32
Juros,15/07/2026,17.0,123.0,-,"36,668276","0,00000000","36,474963",CLCD27
Juros,15/01/2027,143.0,126.0,-,"37,577741","0,00000000","35,9435",CLCD27
Juros,15/07/2027,267.0,124.0,-,"36,971349","0,00000000","34,025961",CLCD27
Juros,17/01/2028,395.0,128.0,-,"38,184456","0,00000000","33,771237",CLCD27
Juros,17/07/2028,519.0,124.0,-,"36,971349","0,00000000","31,461619",CLCD27
Juros,15/01/2029,642.0,123.0,-,"36,668276","0,00000000","30,032861",CLCD27
Juros,16/07/2029,767.0,125.0,-,"37,274505","0,00000000","29,365572",CLCD27
Juros,15/01/2030,891.0,124.0,-,"36,971349","0,00000000","28,025107",CLCD27
Juros,15/07/2030,1015.0,124.0,-,"36,971349","0,00000000","26,965141",CLCD27
Juros,15/01/2031,1143.0,128.0,-,"38,184456","0,00000000","26,763275",CLCD27
Juros,15/07/2031,1266.0,123.0,-,"36,668276","0,00000000","24,736234",CLCD27
Juros|Amortização,15/01/2032,1395.0,129.0,-,"38,487934","183,220073","143,682773",CLCD27
Juros|Amortização,15/07/2032,1520.0,125.0,-,"31,062074","183,219633","133,57611",CLCD27
Juros|Amortização,17/01/2033,1648.0,128.0,-,"25,456293","183,219633","125,006127",CLCD27
Juros|Amortização,15/07/2033,1772.0,124.0,-,"18,485667","183,219449","116,260255",CLCD27
Juros|Amortização,16/01/2034,1899.0,127.0,-,"12,627019","183,219724","108,512809",CLCD27
Juros|Amortização,17/07/2034,2023.0,124.0,-,"6,161892","183,219725","100,961985",CLCD27
Juros,15/09/2026,60.0,126.0,-,"38,82199","0,00000000","37,930788",BRKP28
Juros,15/03/2027,182.0,122.0,-,"37,573402","0,00000000","35,017614",BRKP28
Juros,15/09/2027,310.0,128.0,-,"39,446684","0,00000000","34,986452",BRKP28
Juros,15/03/2028,435.0,125.0,-,"38,509744","0,00000000","32,542259",BRKP28
Juros,15/09/2028,562.0,127.0,-,"39,134304","0,00000000","31,483727",BRKP28
Juros,15/03/2029,683.0,121.0,-,"37,261422","0,00000000","28,605399",BRKP28
Juros,17/09/2029,811.0,128.0,-,"39,446684","0,00000000","28,819235",BRKP28
Juros,15/03/2030,932.0,121.0,-,"37,261422","0,00000000","25,977146",BRKP28
Juros,16/09/2030,1060.0,128.0,-,"39,446684","0,00000000","26,171335",BRKP28
Juros,17/03/2031,1184.0,124.0,-,"38,197561","0,00000000","24,154985",BRKP28
Juros|Amortização,15/09/2031,1310.0,126.0,-,"38,82199","355,387855","237,420477",BRKP28
Juros,15/03/2032,1435.0,125.0,-,"28,882307","0,00000000","16,573348",BRKP28
Juros|Amortização,15/09/2032,1563.0,128.0,-,"29,585013","533,081782","307,264951",BRKP28
Juros,15/03/2033,1687.0,124.0,-,"14,324085","0,00000000","7,45563",BRKP28
Juros|Amortização,15/09/2033,1815.0,128.0,-,"14,792506","399,811336","205,368668",BRKP28
Juros,15/03/2034,1939.0,124.0,-,"3,58102","0,00000000","1,690687",BRKP28
Juros|Amortização,15/09/2034,2066.0,127.0,-,"3,66884","133,270445","61,551146",BRKP28
Juros|Amortização,15/12/2026,122.0,127.0,-,"52,262607","3,492562","53,233011",RMSA12
Juros|Amortização,15/06/2027,245.0,123.0,-,"50,459454","3,492616","49,162631",RMSA12
Juros|Amortização,15/12/2027,372.0,127.0,-,"51,999316","3,492487","48,186768",RMSA12
Juros|Amortização,16/06/2028,498.0,126.0,-,"51,451726","3,49259","45,483982",RMSA12
Juros|Amortização,15/12/2028,623.0,125.0,-,"50,906365","3,49251","42,946439",RMSA12
Juros|Amortização,15/06/2029,746.0,123.0,-,"49,949762","3,492522","40,267379",RMSA12
Juros|Amortização,17/12/2029,872.0,126.0,-,"51,059963","3,492489","39,184957",RMSA12
Juros|Amortização,17/06/2030,996.0,124.0,-,"50,106286","18,510461","47,022049",RMSA12
Juros|Amortização,16/12/2030,1123.0,127.0,-,"50,643393","18,510563","45,160674",RMSA12
Juros|Amortização,16/06/2031,1245.0,122.0,-,"47,944169","31,433005","49,49199",RMSA12
Juros|Amortização,15/12/2031,1374.0,129.0,-,"49,543291","31,433015","48,077251",RMSA12
Juros|Amortização,15/06/2032,1498.0,124.0,-,"46,431822","37,370314","47,468234",RMSA12
Juros|Amortização,15/12/2032,1625.0,127.0,-,"46,167496","37,370283","45,09235",RMSA12
Juros|Amortização,15/06/2033,1751.0,126.0,-,"44,399967","42,259822","44,593783",RMSA12
Juros|Amortização,15/12/2033,1877.0,126.0,-,"42,819851","42,259872","41,736834",RMSA12
Juros|Amortização,15/06/2034,2001.0,124.0,-,"40,573242","47,149464","41,055541",RMSA12
Juros|Amortização,15/12/2034,2127.0,126.0,-,"39,476793","47,14941","38,64967",RMSA12
Juros|Amortização,15/06/2035,2250.0,123.0,-,"36,799724","52,388306","37,978184",RMSA12
Juros|Amortização,17/12/2035,2376.0,126.0,-,"35,755031","52,388247","35,78109",RMSA12
Juros|Amortização,16/06/2036,2498.0,122.0,-,"32,704138","48,895687","31,62638",RMSA12
Juros|Amortização,15/12/2036,2627.0,129.0,-,"32,743514","48,895676","30,130153",RMSA12
Juros|Amortização,15/06/2037,2749.0,122.0,-,"29,165825","53,086788","28,983328",RMSA12
Juros|Amortização,15/12/2037,2876.0,127.0,-,"28,382414","53,086755","27,356705",RMSA12
Juros|Amortização,15/06/2038,3000.0,124.0,-,"25,746922","58,674834","27,045263",RMSA12
Juros|Amortização,15/12/2038,3126.0,126.0,-,"23,975985","58,674882","25,241838",RMSA12
Juros|Amortização,15/06/2039,3251.0,125.0,-,"21,606062","65,659943","25,416761",RMSA12
Juros|Amortização,15/12/2039,3378.0,127.0,-,"19,483291","65,65995","23,631824",RMSA12
Juros|Amortização,15/06/2040,3504.0,126.0,-,"16,87199","71,59729","23,408646",RMSA12
Juros|Amortização,17/12/2040,3630.0,126.0,-,"14,194933","71,597323","21,640567",RMSA12
Juros|Amortização,17/06/2041,3754.0,124.0,-,"11,331729","75,439122","20,881454",RMSA12
Juros|Amortização,16/12/2041,3881.0,127.0,-,"8,76748","75,4391","19,311004",RMSA12
Juros|Amortização,16/06/2042,4003.0,122.0,-,"5,686577","157,16481","35,657115",RMSA12
Juros,15/07/2026,17.0,123.0,-,"52,74272","0,00000000","52,230976",TEPA12
Juros,15/01/2027,143.0,126.0,-,"54,060304","0,00000000","49,803501",TEPA12
Juros|Amortização,15/07/2027,267.0,124.0,-,"53,181748","121,965185","150,278853",TEPA12
Juros|Amortização,17/01/2028,395.0,128.0,-,"48,835146","121,965323","136,17645",TEPA12
Juros|Amortização,17/07/2028,519.0,124.0,-,"41,363586","121,9652","121,280121",TEPA12
Juros|Amortização,15/01/2029,642.0,123.0,-,"35,161823","121,965586","108,728115",TEPA12
Juros|Amortização,16/07/2029,767.0,125.0,-,"29,789409","121,965294","97,745534",TEPA12
Juros|Amortização,15/01/2030,891.0,124.0,-,"23,636329","121,965294","87,344371",TEPA12
Juros|Amortização,15/07/2030,1015.0,124.0,-,"17,727246","121,965172","78,046868",TEPA12
Juros|Amortização,15/01/2031,1143.0,128.0,-,"12,208789","121,965355","69,657694",TEPA12
Juros|Amortização,15/07/2031,1266.0,123.0,-,"5,860304","121,965357","61,841686",TEPA12
Juros|Amortização,15/09/2026,60.0,126.0,-,"36,647032","16,613942","52,243741",BHSA11
Juros|Amortização,15/03/2027,182.0,122.0,-,"34,924027","17,800198","49,728636",BHSA11
Juros|Amortização,15/09/2027,310.0,128.0,-,"36,062161","17,800226","48,754604",BHSA11
Juros|Amortização,15/03/2028,435.0,125.0,-,"34,609028","16,613117","44,538976",BHSA11
Juros|Amortização,15/09/2028,562.0,127.0,-,"34,608672","16,613369","42,757532",BHSA11
Juros|Amortização,15/03/2029,683.0,121.0,-,"32,411158","16,019656","38,885552",BHSA11
Juros|Amortização,17/09/2029,811.0,128.0,-,"33,770272","16,019898","38,36576",BHSA11
Juros|Amortização,15/03/2030,932.0,121.0,-,"31,376781","16,020585","35,128949",BHSA11
Juros|Amortização,16/09/2030,1060.0,128.0,-,"32,67501","16,020321","34,636338",BHSA11
Juros|Amortização,17/03/2031,1184.0,124.0,-,"31,106965","17,799745","33,427593",BHSA11
Juros|Amortização,15/09/2031,1310.0,126.0,-,"31,018242","17,800105","32,042957",BHSA11
Juros|Amortização,15/03/2032,1435.0,125.0,-,"30,174027","18,986459","30,99689",BHSA11
Juros|Amortização,15/09/2032,1563.0,128.0,-,"30,261418","18,987052","29,800832",BHSA11
Juros|Amortização,15/03/2033,1687.0,124.0,-,"28,671839","19,580362","28,05723",BHSA11
Juros|Amortização,15/09/2033,1815.0,128.0,-,"28,943042","19,579762","27,077418",BHSA11
Juros|Amortização,15/03/2034,1939.0,124.0,-,"27,375719","20,173277","25,497331",BHSA11
Juros|Amortização,15/09/2034,2066.0,127.0,-,"27,365023","20,173484","24,472153",BHSA11
Juros|Amortização,15/03/2035,2187.0,121.0,-,"25,400256","21,953128","23,447062",BHSA11
Juros|Amortização,17/09/2035,2315.0,128.0,-,"26,144096","21,953185","22,855547",BHSA11
Juros|Amortização,17/03/2036,2437.0,122.0,-,"24,184165","23,140075","21,623497",BHSA11
Juros|Amortização,15/09/2036,2563.0,126.0,-,"24,211833","23,140421","20,777619",BHSA11
Juros|Amortização,16/03/2037,2688.0,125.0,-,"23,244327","26,107087","20,802099",BHSA11
Juros|Amortização,15/09/2037,2814.0,126.0,-,"22,555115","26,106837","19,697447",BHSA11
Juros|Amortização,15/03/2038,2936.0,122.0,-,"20,97763","27,886834","19,018871",BHSA11
Juros|Amortização,15/09/2038,3064.0,128.0,-,"21,073483","27,887013","18,288206",BHSA11
Juros|Amortização,15/03/2039,3188.0,124.0,-,"19,481155","33,820456","19,13188",BHSA11
Juros|Amortização,15/09/2039,3316.0,128.0,-,"18,964096","33,820494","18,182691",BHSA11
Juros|Amortização,15/03/2040,3441.0,125.0,-,"17,383726","35,600184","17,532645",BHSA11
Juros|Amortização,17/09/2040,3569.0,128.0,-,"16,591043","35,600434","16,574358",BHSA11
Juros|Amortização,15/03/2041,3690.0,121.0,-,"14,519895","38,566939","16,215663",BHSA11
Juros|Amortização,16/09/2041,3818.0,128.0,-,"14,055731","38,56689","15,426026",BHSA11
Juros|Amortização,17/03/2042,3942.0,124.0,-,"12,332816","43,313617","15,675122",BHSA11
Juros|Amortização,15/09/2042,4068.0,126.0,-,"11,077943","43,313788","14,713613",BHSA11
Juros|Amortização,16/03/2043,4193.0,125.0,-,"9,543223","59,333748","17,898347",BHSA11
Juros|Amortização,15/09/2043,4319.0,126.0,-,"7,624813","59,333681","16,709268",BHSA11
Juros|Amortização,15/03/2044,4442.0,123.0,-,"5,492594","167,321075","41,453522",BHSA11
Juros|Amortização,15/10/2026,81.0,126.0,-,"35,056284","31,800007","64,798796",PLSB1A
Juros|Amortização,15/04/2027,204.0,123.0,-,"33,314419","69,960301","95,456229",PLSB1A
Juros|Amortização,15/10/2027,331.0,127.0,-,"32,378216","69,959872","90,066388",PLSB1A
Juros|Amortização,17/04/2028,457.0,126.0,-,"30,100682","92,220436","102,543867",PLSB1A
Juros|Amortização,16/10/2028,582.0,125.0,-,"27,21847","92,22005","95,412013",PLSB1A
Juros|Amortização,16/04/2029,704.0,122.0,-,"23,980505","134,195767","120,546101",PLSB1A
Juros|Amortização,15/10/2029,830.0,126.0,-,"20,905288","134,19591","112,592584",PLSB1A
Juros|Amortização,15/04/2030,953.0,123.0,-,"16,621389","141,510151","109,470909",PLSB1A
Juros|Amortização,15/10/2030,1081.0,128.0,-,"13,157322","141,510025","101,912268",PLSB1A
Juros|Amortização,15/04/2031,1204.0,123.0,-,"8,651004","153,594143","101,949508",PLSB1A
Juros|Amortização,15/10/2031,1332.0,128.0,-,"4,503889","153,594143","94,555651",PLSB1A
Juros,15/10/2026,81.0,126.0,-,"38,602737","0,00000000","37,605808",AURP12
Juros,15/04/2027,204.0,123.0,-,"37,667412","0,00000000","35,265287",AURP12
Juros,15/10/2027,331.0,127.0,-,"38,91469","0,00000000","34,968652",AURP12
Juros,17/04/2028,457.0,126.0,-,"38,602737","0,00000000","33,304842",AURP12
Juros,16/10/2028,582.0,125.0,-,"38,290874","0,00000000","31,728446",AURP12
Juros,16/04/2029,704.0,122.0,-,"37,355814","0,00000000","29,757527",AURP12
Juros,15/10/2029,830.0,126.0,-,"38,602737","0,00000000","29,524373",AURP12
Juros,15/04/2030,953.0,123.0,-,"37,667412","0,00000000","27,686827",AURP12
Juros,15/10/2030,1081.0,128.0,-,"39,226733","0,00000000","27,665144",AURP12
Juros,15/04/2031,1204.0,123.0,-,"37,667412","0,00000000","25,530622",AURP12
Juros,15/10/2031,1332.0,128.0,-,"39,226733","0,00000000","25,510628",AURP12
Juros,15/04/2032,1457.0,125.0,-,"38,290874","0,00000000","23,91655",AURP12
Juros,15/10/2032,1584.0,127.0,-,"38,91469","0,00000000","23,329235",AURP12
Juros|Amortização,18/04/2033,1710.0,126.0,-,"38,602737","351,686688","224,645477",AURP12
Juros,17/10/2033,1836.0,126.0,-,"25,735171","0,00000000","14,22204",AURP12
Juros|Amortização,17/04/2034,1961.0,125.0,-,"25,527261","351,687215","200,210778",AURP12
Juros,16/10/2034,2086.0,125.0,-,"12,76363","0,00000000","6,506352",AURP12
Juros|Amortização,16/04/2035,2208.0,122.0,-,"12,451944","351,687215","178,449706",AURP12
Juros|Amortização,15/07/2026,17.0,494.0,-,"43,417703","27,495099","70,492683",ACRC21
Juros|Amortização,15/01/2027,143.0,126.0,-,"43,494569","22,607282","62,879081",ACRC21
Juros|Amortização,15/07/2027,267.0,124.0,-,"41,982079","22,607161","58,834153",ACRC21
Juros|Amortização,17/01/2028,395.0,128.0,-,"42,524615","20,773504","55,135296",ACRC21
Juros|Amortização,17/07/2028,519.0,124.0,-,"40,428015","20,77382","51,048163",ACRC21
Juros|Amortização,15/01/2029,642.0,123.0,-,"39,358166","20,773589","48,044992",ACRC21
Juros|Amortização,16/07/2029,767.0,125.0,-,"39,259259","20,774246","45,915881",ACRC21
Juros|Amortização,15/01/2030,891.0,124.0,-,"38,195412","20,773835","43,188843",ACRC21
Juros|Amortização,15/07/2030,1015.0,124.0,-,"37,451212","20,773657","40,83488",ACRC21
Juros|Amortização,15/01/2031,1143.0,128.0,-,"37,912761","21,996208","40,177617",ACRC21
Juros|Amortização,15/07/2031,1266.0,123.0,-,"35,624273","21,996267","37,016745",ACRC21
Juros|Amortização,15/01/2032,1395.0,129.0,-,"36,573711","24,440002","37,468484",ACRC21
Juros|Amortização,15/07/2032,1520.0,125.0,-,"34,536686","24,44002","34,669227",ACRC21
Juros|Amortização,17/01/2033,1648.0,128.0,-,"34,476422","24,440582","33,118745",ACRC21
Juros|Amortização,15/07/2033,1772.0,124.0,-,"32,504409","24,440086","30,652206",ACRC21
Juros|Amortização,16/01/2034,1899.0,127.0,-,"32,407962","24,440412","29,271798",ACRC21
Juros|Amortização,17/07/2034,2023.0,124.0,-,"30,75332","24,440317","27,214298",ACRC21
Juros|Amortização,15/01/2035,2146.0,123.0,-,"29,632592","24,440073","25,539622",ACRC21
Juros|Amortização,16/07/2035,2271.0,125.0,-,"29,240298","24,440358","24,270542",ACRC21
Juros|Amortização,15/01/2036,2395.0,124.0,-,"28,126686","24,439772","22,758684",ACRC21
Juros|Amortização,15/07/2036,2519.0,124.0,-,"27,251159","24,44047","21,430654",ACRC21
Juros|Amortização,15/01/2037,2648.0,129.0,-,"27,458733","47,657958","29,769355",ACRC21
Juros|Amortização,15/07/2037,2771.0,123.0,-,"24,465882","47,657985","27,380448",ACRC21
Juros|Amortização,15/01/2038,2897.0,126.0,-,"23,338021","48,880138","26,235004",ACRC21
Juros|Amortização,15/07/2038,3021.0,124.0,-,"21,209943","48,880012","24,381885",ACRC21
Juros|Amortização,17/01/2039,3149.0,128.0,-,"20,098051","50,713061","23,554966",ACRC21
Juros|Amortização,15/07/2039,3273.0,124.0,-,"17,642133","50,713421","21,77367",ACRC21
Juros|Amortização,16/01/2040,3400.0,127.0,-,"16,215196","51,935379","20,765803",ACRC21
Juros|Amortização,16/07/2040,3525.0,125.0,-,"14,079484","51,93529","19,255079",ACRC21
Juros|Amortização,15/01/2041,3649.0,124.0,-,"12,10433","38,859749","14,234595",ACRC21
Juros|Amortização,15/07/2041,3773.0,124.0,-,"10,712223","38,859751","13,258486",ACRC21
Juros|Amortização,15/01/2042,3901.0,128.0,-,"9,62626","40,692655","12,869407",ACRC21
Juros|Amortização,15/07/2042,4024.0,123.0,-,"7,797828","40,692792","11,879922",ACRC21
Juros|Amortização,15/01/2043,4153.0,129.0,-,"6,667581","43,381196","11,721065",ACRC21
Juros|Amortização,15/07/2043,4276.0,123.0,-,"4,810687","43,381201","10,811256",ACRC21
Juros|Amortização,15/01/2044,4402.0,126.0,-,"3,350532","46,069637","10,609126",ACRC21
Juros|Amortização,15/07/2044,4527.0,125.0,-,"1,659526","45,947439","9,782972",ACRC21
Juros|Amortização,15/09/2026,60.0,126.0,-,"33,631591","703,29105","717,543425",ARTR19
Juros,15/03/2027,182.0,122.0,-,"16,275831","0,00000000","15,01192",ARTR19
Juros|Amortização,15/09/2027,310.0,128.0,-,"17,085929","703,29105","627,714731",ARTR19
Juros|Amortização,15/12/2026,122.0,243.0,-,"47,247821","34,452516","78,089325",APPT11
Juros|Amortização,15/06/2027,245.0,123.0,-,"44,26523","22,07147","60,579905",APPT11
Juros|Amortização,15/12/2027,372.0,127.0,-,"44,767296","22,071255","58,232438",APPT11
Juros|Amortização,16/06/2028,498.0,126.0,-,"43,44644","23,685625","55,820292",APPT11
Juros|Amortização,15/12/2028,623.0,125.0,-,"42,071575","23,685724","52,202479",APPT11
Juros|Amortização,15/06/2029,746.0,123.0,-,"40,378322","24,763171","49,409649",APPT11
Juros|Amortização,17/12/2029,872.0,126.0,-,"40,306315","24,762574","47,103329",APPT11
Juros|Amortização,17/06/2030,996.0,124.0,-,"38,592545","25,300654","44,175231",APPT11
Juros|Amortização,16/12/2030,1123.0,127.0,-,"38,436128","25,301501","42,041996",APPT11
Juros|Amortização,16/06/2031,1245.0,122.0,-,"35,825751","25,839607","38,877336",APPT11
Juros|Amortização,15/12/2031,1374.0,129.0,-,"36,774302","25,839721","37,632948",APPT11
Juros|Amortização,15/06/2032,1498.0,124.0,-,"34,212244","26,916237","35,09023",APPT11
Juros|Amortização,15/12/2032,1625.0,127.0,-,"33,87666","26,91639","33,293524",APPT11
Juros|Amortização,15/06/2033,1751.0,126.0,-,"32,432481","23,686143","29,331684",APPT11
Juros|Amortização,15/12/2033,1877.0,126.0,-,"31,401388","23,686201","27,479441",APPT11
Juros|Amortização,15/06/2034,2001.0,124.0,-,"29,878046","25,300725","26,288883",APPT11
Juros|Amortização,15/12/2034,2127.0,126.0,-,"29,268913","25,300968","24,812885",APPT11
Juros|Amortização,15/06/2035,2250.0,123.0,-,"27,482826","26,915783","23,633005",APPT11
Juros|Amortização,17/12/2035,2376.0,126.0,-,"26,995839","26,916148","22,353248",APPT11
Juros|Amortização,16/06/2036,2498.0,122.0,-,"24,987301","29,069394","21,422622",APPT11
Juros|Amortização,15/12/2036,2627.0,129.0,-,"25,156285","29,069438","20,486599",APPT11
Juros|Amortização,15/06/2037,2749.0,122.0,-,"22,538443","30,684196","19,21891",APPT11
Juros|Amortização,15/12/2037,2876.0,127.0,-,"22,135575","30,684008","18,196612",APPT11
Juros|Amortização,15/06/2038,3000.0,124.0,-,"20,287577","32,837441","17,479968",APPT11
Juros|Amortização,15/12/2038,3126.0,126.0,-,"19,192354","32,837501","16,33873",APPT11
Juros|Amortização,15/06/2039,3251.0,125.0,-,"17,618913","35,529039","15,934458",APPT11
Juros|Amortização,15/12/2039,3378.0,127.0,-,"16,34774","35,52925","14,838457",APPT11
Juros|Amortização,15/06/2040,3504.0,126.0,-,"14,669614","37,682388","14,29129",APPT11
Juros|Amortização,17/12/2040,3630.0,126.0,-,"13,029244","37,682337","13,212026",APPT11
Juros|Amortização,17/06/2041,3754.0,124.0,-,"11,204282","40,374039","12,834397",APPT11
Juros|Amortização,16/12/2041,3881.0,127.0,-,"9,709425","40,37409","11,889574",APPT11
Juros|Amortização,16/06/2042,4003.0,122.0,-,"7,618634","43,603867","11,622514",APPT11
Juros|Amortização,15/12/2042,4132.0,129.0,-,"6,121049","43,603961","10,756118",APPT11
Juros|Amortização,15/06/2043,4254.0,122.0,-,"3,945367","46,833898","10,498685",APPT11
Juros|Amortização,15/12/2043,4381.0,127.0,-,"2,055279","46,833898","9,643273",APPT11
Juros,15/07/2026,17.0,123.0,-,"31,659218","0,00000000","31,462826",ALGAB1
Juros,15/01/2027,143.0,126.0,-,"32,440854","0,00000000","30,786475",ALGAB1
Juros,15/07/2027,267.0,124.0,-,"31,919712","0,00000000","28,947744",ALGAB1
Juros,17/01/2028,395.0,128.0,-,"32,962196","0,00000000","28,524898",ALGAB1
Juros,17/07/2028,519.0,124.0,-,"31,919712","0,00000000","26,397026",ALGAB1
Juros,15/01/2029,642.0,123.0,-,"31,659218","0,00000000","25,028986",ALGAB1
Juros|Amortização,16/07/2029,767.0,125.0,-,"32,180259","437,850447","354,975526",ALGAB1
Juros,15/01/2030,891.0,124.0,-,"21,280873","0,00000000","15,358531",ALGAB1
Juros|Amortização,15/07/2030,1015.0,124.0,-,"21,280873","437,916131","316,699494",ALGAB1
Juros,15/01/2031,1143.0,128.0,-,"10,987946","0,00000000","7,231311",ALGAB1
Juros|Amortização,15/07/2031,1266.0,123.0,-,"10,5536","437,916131","282,150419",ALGAB1
Juros,15/09/2026,60.0,126.0,-,"0,042043","0,00000000","0,040987",RIS424
Juros,15/03/2027,182.0,122.0,-,"0,040684","0,00000000","0,037663",RIS424
Juros,15/09/2027,310.0,128.0,-,"0,042723","0,00000000","0,037462",RIS424
Juros,15/03/2028,435.0,125.0,-,"0,041703","0,00000000","0,03468",RIS424
Juros,15/09/2028,562.0,127.0,-,"0,042382","0,00000000","0,033397",RIS424
Juros,15/03/2029,683.0,121.0,-,"0,040344","0,00000000","0,030202",RIS424
Juros,17/09/2029,811.0,128.0,-,"0,042723","0,00000000","0,030294",RIS424
Juros,15/03/2030,932.0,121.0,-,"0,040344","0,00000000","0,027177",RIS424
Juros,16/09/2030,1060.0,128.0,-,"0,042723","0,00000000","0,027259",RIS424
Juros,17/03/2031,1184.0,124.0,-,"0,041363","0,00000000","0,02504",RIS424
Juros,15/09/2031,1310.0,126.0,-,"0,042043","0,00000000","0,024128",RIS424
Juros,15/03/2032,1435.0,125.0,-,"0,041703","0,00000000","0,022698",RIS424
Juros,15/09/2032,1563.0,128.0,-,"0,042723","0,00000000","0,022025",RIS424
Juros,15/03/2033,1687.0,124.0,-,"0,041363","0,00000000","0,020232",RIS424
Juros,15/09/2033,1815.0,128.0,-,"0,042723","0,00000000","0,019793",RIS424
Juros,15/03/2034,1939.0,124.0,-,"0,041363","0,00000000","0,018182",RIS424
Juros,15/09/2034,2066.0,127.0,-,"0,042382","0,00000000","0,017653",RIS424
Juros|Amortização,15/03/2035,2187.0,121.0,-,"0,040344","0,045933","0,034141",RIS424
Juros|Amortização,17/09/2035,2315.0,128.0,-,"0,040961","0,045933","0,032569",RIS424
Juros|Amortização,17/03/2036,2437.0,122.0,-,"0,037328","0,04591","0,029626",RIS424
Juros|Amortização,15/09/2036,2563.0,126.0,-,"0,036842","0,045933","0,027929",RIS424
Juros|Amortização,16/03/2037,2688.0,125.0,-,"0,034824","0,048852","0,026776",RIS424
Juros|Amortização,15/09/2037,2814.0,126.0,-,"0,033264","0,048852","0,02491",RIS424
Juros|Amortização,15/03/2038,2936.0,122.0,-,"0,030404","0,048854","0,022831",RIS424
Juros|Amortização,15/09/2038,3064.0,128.0,-,"0,030055","0,048852","0,02153",RIS424
Juros|Amortização,15/03/2039,3188.0,124.0,-,"0,027283","0,048852","0,01971",RIS424
Juros|Amortização,15/09/2039,3316.0,128.0,-,"0,026307","0,04894","0,018451",RIS424
Juros|Amortização,15/03/2040,3441.0,125.0,-,"0,023846","0,116304","0,032592",RIS424
Juros|Amortização,17/09/2040,3569.0,128.0,-,"0,019968","0,116282","0,030012",RIS424
Juros|Amortização,15/03/2041,3690.0,121.0,-,"0,014644","0,104587","0,02495",RIS424
Juros|Amortização,16/09/2041,3818.0,128.0,-,"0,011495","0,104588","0,023008",RIS424
Juros|Amortização,17/03/2042,3942.0,124.0,-,"0,007246","0,097571","0,019711",RIS424
Juros|Amortização,15/09/2042,4068.0,126.0,-,"0,003682","0,097562","0,018049",RIS424
Juros,15/07/2026,17.0,123.0,-,"0,395923","0,00000000","0,392994",RIS422
Juros,15/01/2027,143.0,126.0,-,"0,405748","0,00000000","0,38118",RIS422
Juros,15/07/2027,267.0,124.0,-,"0,399196","0,00000000","0,355253",RIS422
Juros,17/01/2028,395.0,128.0,-,"0,412302","0,00000000","0,346966",RIS422
Juros,17/07/2028,519.0,124.0,-,"0,399196","0,00000000","0,318226",RIS422
Juros,15/01/2029,642.0,123.0,-,"0,395923","0,00000000","0,299108",RIS422
Juros,16/07/2029,767.0,125.0,-,"0,402472","0,00000000","0,2879",RIS422
Juros,15/01/2030,891.0,124.0,-,"0,399196","0,00000000","0,270502",RIS422
Juros,15/07/2030,1015.0,124.0,-,"0,399196","0,00000000","0,256241",RIS422
Juros,15/01/2031,1143.0,128.0,-,"0,412302","0,00000000","0,250263",RIS422
Juros,15/07/2031,1266.0,123.0,-,"0,395923","0,00000000","0,227751",RIS422
Juros,15/01/2032,1395.0,129.0,-,"0,415581","0,00000000","0,225962",RIS422
Juros,15/07/2032,1520.0,125.0,-,"0,402472","0,00000000","0,207206",RIS422
Juros,17/01/2033,1648.0,128.0,-,"0,412302","0,00000000","0,200725",RIS422
Juros,15/07/2033,1772.0,124.0,-,"0,399196","0,00000000","0,184099",RIS422
Juros,16/01/2034,1899.0,127.0,-,"0,409025","0,00000000","0,178453",RIS422
Juros|Amortização,17/07/2034,2023.0,124.0,-,"0,399196","0,472616","0,36031",RIS422
Juros|Amortização,15/01/2035,2146.0,123.0,-,"0,379609","0,472606","0,333787",RIS422
Juros|Amortização,16/07/2035,2271.0,125.0,-,"0,369305","0,47261","0,312232",RIS422
Juros|Amortização,15/01/2036,2395.0,124.0,-,"0,349852","0,472609","0,288937",RIS422
Juros|Amortização,15/07/2036,2519.0,124.0,-,"0,333404","0,503384","0,278472",RIS422
Juros|Amortização,15/01/2037,2648.0,129.0,-,"0,328849","0,503381","0,261781",RIS422
Juros|Amortização,15/07/2037,2771.0,123.0,-,"0,295917","0,503385","0,238273",RIS422
Juros|Amortização,15/01/2038,2897.0,126.0,-,"0,285454","0,503385","0,222562",RIS422
Juros|Amortização,15/07/2038,3021.0,124.0,-,"0,263325","0,503384","0,204914",RIS422
Juros|Amortização,17/01/2039,3149.0,128.0,-,"0,253876","0,503384","0,191384",RIS422
Juros|Amortização,15/07/2039,3273.0,124.0,-,"0,228286","1,198014","0,341467",RIS422
Juros|Amortização,16/01/2040,3400.0,127.0,-,"0,191186","1,198011","0,314638",RIS422
Juros|Amortização,16/07/2040,3525.0,125.0,-,"0,146087","1,077114","0,262321",RIS422
Juros|Amortização,15/01/2041,3649.0,124.0,-,"0,107411","1,077113","0,240634",RIS422
Juros|Amortização,15/07/2041,3773.0,124.0,-,"0,069924","1,004573","0,206775",RIS422
Juros|Amortização,15/01/2042,3901.0,128.0,-,"0,036109","1,004573","0,189378",RIS422
Juros,16/11/2026,102.0,127.0,-,"40,579537","0,00000000","38,82906",GSTS24
Juros,17/05/2027,225.0,123.0,-,"39,280663","0,00000000","35,639838",GSTS24
Juros,16/11/2027,351.0,126.0,-,"40,25469","0,00000000","34,587348",GSTS24
Juros,15/05/2028,475.0,124.0,-,"39,605254","0,00000000","32,25321",GSTS24
Juros,16/11/2028,603.0,128.0,-,"40,904469","0,00000000","31,518045",GSTS24
Juros,15/05/2029,724.0,121.0,-,"38,631736","0,00000000","28,249798",GSTS24
Juros,16/11/2029,852.0,128.0,-,"40,904469","0,00000000","28,301553",GSTS24
Juros,15/05/2030,973.0,121.0,-,"38,631736","0,00000000","25,366838",GSTS24
Juros,18/11/2030,1104.0,131.0,-,"41,879779","0,00000000","25,985533",GSTS24
Juros,15/05/2031,1224.0,120.0,-,"38,307403","0,00000000","22,567337",GSTS24
Juros,17/11/2031,1355.0,131.0,-,"41,879779","0,00000000","23,31348",GSTS24
Juros,17/05/2032,1478.0,123.0,-,"39,280663","0,00000000","20,734265",GSTS24
Juros,16/11/2032,1604.0,126.0,-,"40,25469","0,00000000","20,121956",GSTS24
Juros|Amortização,16/05/2033,1729.0,125.0,-,"39,929928","238,967778","132,077939",GSTS24
Juros,16/11/2033,1856.0,127.0,-,"32,463629","0,00000000","14,55253",GSTS24
Juros|Amortização,15/05/2034,1979.0,123.0,-,"31,42453","238,967778","114,932515",GSTS24
Juros,16/11/2034,2107.0,128.0,-,"24,542681","0,00000000","9,870495",GSTS24
Juros|Amortização,15/05/2035,2228.0,121.0,-,"23,179041","238,967539","100,056142",GSTS24
Juros,16/11/2035,2356.0,128.0,-,"16,361795","0,00000000","5,908794",GSTS24
Juros|Amortização,15/05/2036,2477.0,121.0,-,"15,452702","238,967897","87,197255",GSTS24
Juros,17/11/2036,2608.0,131.0,-,"8,375959","0,00000000","2,712627",GSTS24
Juros|Amortização,15/05/2037,2729.0,121.0,-,"7,72635","238,967897","75,822361",GSTS24
Juros,16/11/2026,102.0,127.0,-,"38,624261","0,00000000","36,949064",GSTS14
Juros,17/05/2027,225.0,123.0,-,"37,388914","0,00000000","33,905079",GSTS14
Juros,16/11/2027,351.0,126.0,-,"38,315308","0,00000000","32,893228",GSTS14
Juros,15/05/2028,475.0,124.0,-,"37,697632","0,00000000","30,664656",GSTS14
Juros,16/11/2028,603.0,128.0,-,"38,933291","0,00000000","29,955725",GSTS14
Juros,15/05/2029,724.0,121.0,-,"36,771703","0,00000000","26,842854",GSTS14
Juros,16/11/2029,852.0,128.0,-,"38,933291","0,00000000","26,882568",GSTS14
Juros|Amortização,15/05/2030,973.0,121.0,-,"36,771703","398,279231","285,00073",GSTS14
Juros,18/11/2030,1104.0,131.0,-,"26,573911","0,00000000","16,44484",GSTS14
Juros|Amortização,15/05/2031,1224.0,120.0,-,"24,308822","398,279829","248,220147",GSTS14
Juros,17/11/2031,1355.0,131.0,-,"13,286954","0,00000000","7,372468",GSTS14
Juros|Amortização,17/05/2032,1478.0,123.0,-,"12,462977","398,279829","216,040972",GSTS14
Juros,15/09/2026,60.0,126.0,-,"35,581519","0,00000000","34,894318",AESOA1
Juros,15/03/2027,182.0,122.0,-,"34,434653","0,00000000","32,456679",AESOA1
Juros,15/09/2027,310.0,128.0,-,"36,155383","0,00000000","32,689818",AESOA1
Juros|Amortização,15/03/2028,435.0,125.0,-,"35,294695","44,515991","69,287557",AESOA1
Juros|Amortização,15/09/2028,562.0,127.0,-,"34,433678","44,516347","65,768632",AESOA1
Juros|Amortização,15/03/2029,683.0,121.0,-,"31,416254","44,515708","60,814965",AESOA1
Juros|Amortização,17/09/2029,811.0,128.0,-,"31,816734","44,516432","58,644905",AESOA1
Juros|Amortização,15/03/2030,932.0,121.0,-,"28,6844","44,515922","54,069121",AESOA1
Juros|Amortização,16/09/2030,1060.0,128.0,-,"28,924291","44,515969","52,035735",AESOA1
Juros|Amortização,17/03/2031,1184.0,124.0,-,"26,606022","44,516324","48,402677",AESOA1
Juros|Amortização,15/09/2031,1310.0,126.0,-,"25,618669","44,516305","45,815395",AESOA1
Juros|Amortização,15/03/2032,1435.0,125.0,-,"24,000358","44,516284","42,976152",AESOA1
Juros|Amortização,15/09/2032,1563.0,128.0,-,"23,1394","44,515905","40,706567",AESOA1
Juros|Amortização,15/03/2033,1687.0,124.0,-,"21,004724","55,64466","44,296265",AESOA1
Juros|Amortização,15/09/2033,1815.0,128.0,-,"19,885429","55,644847","41,870745",AESOA1
Juros|Amortização,15/03/2034,1939.0,124.0,-,"17,503946","55,644908","38,948699",AESOA1
Juros|Amortização,15/09/2034,2066.0,127.0,-,"16,140762","55,644852","36,677116",AESOA1
Juros|Amortização,15/03/2035,2187.0,121.0,-,"13,659227","55,644916","34,043662",AESOA1
Juros|Amortização,17/09/2035,2315.0,128.0,-,"12,654367","55,64486","32,182815",AESOA1
Juros|Amortização,17/03/2036,2437.0,122.0,-,"10,330383","66,77391","34,919253",AESOA1
Juros|Amortização,15/09/2036,2563.0,126.0,-,"8,539553","66,77391","32,739534",AESOA1
Juros|Amortização,16/03/2037,2688.0,125.0,-,"6,353037","66,773843","30,523307",AESOA1
Juros|Amortização,15/09/2037,2814.0,126.0,-,"4,269779","66,773943","28,463856",AESOA1
Juros|Amortização,15/03/2038,2936.0,122.0,-,"2,066077","66,773943","26,508623",AESOA1
Juros,15/09/2026,60.0,126.0,-,"34,382556","0,00000000","33,700075",TIET29
Juros|Amortização,15/03/2027,182.0,122.0,-,"33,278833","491,934891","494,224142",TIET29
Juros,15/09/2027,310.0,128.0,-,"23,290975","0,00000000","20,999067",TIET29
Juros|Amortização,15/03/2028,435.0,125.0,-,"22,738835","491,934891","445,045233",TIET29
Juros,15/09/2028,562.0,127.0,-,"11,55518","0,00000000","9,576756",TIET29
Juros|Amortização,15/03/2029,683.0,121.0,-,"11,003209","492,082486","400,427594",TIET29
Juros|Amortização,15/12/2026,122.0,127.0,-,"42,452915","8,347442","48,846525",AEAB11
Juros|Amortização,15/06/2027,245.0,123.0,-,"40,810306","9,109424","46,138814",AEAB11
Juros|Amortização,15/12/2027,372.0,127.0,-,"41,841302","9,109732","45,208077",AEAB11
Juros|Amortização,16/06/2028,498.0,126.0,-,"41,189573","13,650436","46,727119",AEAB11
Juros|Amortização,15/12/2028,623.0,125.0,-,"40,386509","13,651362","44,230086",AEAB11
Juros|Amortização,15/06/2029,746.0,123.0,-,"39,266524","17,717231","44,833011",AEAB11
Juros|Amortização,17/12/2029,872.0,126.0,-,"39,624936","17,717471","43,324266",AEAB11
Juros|Amortização,17/06/2030,996.0,124.0,-,"38,379505","21,14495","43,215387",AEAB11
Juros|Amortização,16/12/2030,1123.0,127.0,-,"38,583295","21,145255","41,628789",AEAB11
Juros|Amortização,16/06/2031,1245.0,122.0,-,"36,327824","22,926473","39,70988",AEAB11
Juros|Amortização,15/12/2031,1374.0,129.0,-,"37,63277","22,926142","38,935557",AEAB11
Juros|Amortização,15/06/2032,1498.0,124.0,-,"35,365545","26,359154","38,13423",AEAB11
Juros|Amortização,15/12/2032,1625.0,127.0,-,"35,312471","26,359635","36,577466",AEAB11
Juros|Amortização,15/06/2033,1751.0,126.0,-,"34,113513","24,568962","33,422714",AEAB11
Juros|Amortização,15/12/2033,1877.0,126.0,-,"33,259617","24,569309","31,629102",AEAB11
Juros|Amortização,15/06/2034,2001.0,124.0,-,"31,882638","26,889572","30,888829",AEAB11
Juros|Amortização,15/12/2034,2127.0,126.0,-,"31,471161","26,890129","29,455252",AEAB11
Juros|Amortização,15/06/2035,2250.0,123.0,-,"29,797343","29,934698","28,978274",AEAB11
Juros|Amortização,17/12/2035,2376.0,126.0,-,"29,496212","29,934947","27,687759",AEAB11
Juros|Amortização,16/06/2036,2498.0,122.0,-,"27,537441","30,184994","25,857419",AEAB11
Juros|Amortização,15/12/2036,2627.0,129.0,-,"28,070763","30,184835","25,036164",AEAB11
Juros|Amortização,15/06/2037,2749.0,122.0,-,"25,507001","33,321114","24,309833",AEAB11
Juros|Amortização,15/12/2037,2876.0,127.0,-,"25,40305","33,320987","23,296022",AEAB11
Juros|Amortização,15/06/2038,3000.0,124.0,-,"23,653455","34,997294","22,357699",AEAB11
Juros|Amortização,15/12/2038,3126.0,126.0,-,"22,825184","34,99726","21,166958",AEAB11
Juros|Amortização,15/06/2039,3251.0,125.0,-,"21,434432","37,069816","20,572992",AEAB11
Juros|Amortização,15/12/2039,3378.0,127.0,-,"20,484556","37,06972","19,42927",AEAB11
Juros|Amortização,15/06/2040,3504.0,126.0,-,"19,032129","40,726683","19,372662",AEAB11
Juros|Amortização,17/12/2040,3630.0,126.0,-,"17,616672","40,726372","18,162887",AEAB11
Juros|Amortização,17/06/2041,3754.0,124.0,-,"15,939717","46,741331","18,750797",AEAB11
Juros|Amortização,16/12/2041,3881.0,127.0,-,"14,694421","46,741521","17,643097",AEAB11
Juros|Amortização,16/06/2042,4003.0,122.0,-,"12,534206","50,863743","17,506303",AEAB11
Juros|Amortização,15/12/2042,4132.0,129.0,-,"11,455435","50,8637","16,50936",AEAB11
Juros|Amortização,15/06/2043,4254.0,122.0,-,"9,112771","54,668993","16,246966",AEAB11
Juros|Amortização,15/12/2043,4381.0,127.0,-,"7,577349","54,669231","15,221592",AEAB11
Juros|Amortização,15/06/2044,4506.0,125.0,-,"5,571292","161,606174","39,270857",AEAB11
Juros,15/10/2026,81.0,126.0,-,"46,975283","0,00000000","45,586881",RRRP13
Juros,15/04/2027,204.0,123.0,-,"45,834625","0,00000000","42,498988",RRRP13
Juros,15/10/2027,331.0,127.0,-,"47,355748","0,00000000","41,891761",RRRP13
Juros,17/04/2028,457.0,126.0,-,"46,975283","0,00000000","39,660408",RRRP13
Juros|Amortização,16/10/2028,582.0,125.0,-,"46,594942","189,878116","190,617232",RRRP13
Juros,16/04/2029,704.0,122.0,-,"37,878859","0,00000000","29,184528",RRRP13
Juros|Amortização,15/10/2029,830.0,126.0,-,"39,146054","189,87766","168,410086",RRRP13
Juros,15/04/2030,953.0,123.0,-,"30,556404","0,00000000","21,468629",RRRP13
Juros|Amortização,15/10/2030,1081.0,128.0,-,"31,824208","189,87766","148,55305",RRRP13
Juros,15/04/2031,1204.0,123.0,-,"22,917303","0,00000000","14,672028",RRRP13
Juros|Amortização,15/10/2031,1332.0,128.0,-,"23,868156","189,87747","130,507068",RRRP13
Juros,15/04/2032,1457.0,125.0,-,"15,531648","0,00000000","9,054136",RRRP13
Juros|Amortização,15/10/2032,1584.0,127.0,-,"15,78525","189,877755","114,381739",RRRP13
Juros,18/04/2033,1710.0,126.0,-,"7,829214","0,00000000","4,15576",RRRP13
Juros|Amortização,17/10/2033,1836.0,126.0,-,"7,829214","189,877756","100,158132",RRRP13
Juros|Amortização,15/04/2027,202.0,-,-,0,0,"67,05",CRA Ferroeste 2ª Série
Juros|Amortização,15/04/2030,946.0,-,-,0,0,"44,77",CRA Ferroeste 2ª Série
Juros|Amortização,15/04/2031,1195.0,-,-,0,0,"38,91",CRA Ferroeste 2ª Série
Juros|Amortização,15/01/2027,141.0,-,-,0,0,"69,48",CRA Ferroeste 2ª Série
Juros|Amortização,15/01/2029,637.0,-,-,0,0,"52,94",CRA Ferroeste 2ª Série
Juros|Amortização,15/01/2030,884.0,-,-,0,0,"46,3",CRA Ferroeste 2ª Série
Juros|Amortização,15/01/2031,1134.0,-,-,0,0,"40,3",CRA Ferroeste 2ª Série
Juros|Amortização,15/07/2026,17.0,-,-,0,0,"74,22",CRA Ferroeste 2ª Série
Juros|Amortização,15/07/2027,265.0,-,-,0,0,"65,2",CRA Ferroeste 2ª Série
Juros|Amortização,15/07/2030,1008.0,-,-,0,0,"43,25",CRA Ferroeste 2ª Série
Juros|Amortização,15/10/2026,81.0,-,-,0,0,"72,21",CRA Ferroeste 2ª Série
Juros|Amortização,15/10/2027,329.0,-,-,0,0,"63,16",CRA Ferroeste 2ª Série
Juros|Amortização,15/10/2029,825.0,-,-,0,0,"47,98",CRA Ferroeste 2ª Série
Juros|Amortização,15/10/2030,1074.0,-,-,0,0,"41,8",CRA Ferroeste 2ª Série
Juros|Amortização,16/04/2027,203.0,-,-,0,0,"2,77",CRI Bem Brasil
Juros|Amortização,16/04/2029,699.0,-,-,0,0,"51,36",CRA Ferroeste 2ª Série
Juros|Amortização,16/08/2028,537.0,-,-,0,0,"1,55",CRI Bem Brasil
Juros|Amortização,16/08/2029,785.0,-,-,0,0,"0,74",CRI Bem Brasil
Juros|Amortização,16/12/2026,123.0,-,-,0,0,"2,6",CRI Bem Brasil
Juros|Amortização,16/12/2027,371.0,-,-,0,0,"1,65",CRI Bem Brasil
Juros|Amortização,16/02/2027,161.0,-,-,0,0,"2,43",CRI Bem Brasil
Juros|Amortização,16/02/2028,413.0,-,-,0,0,"1,63",CRI Bem Brasil
Juros|Amortização,16/02/2029,659.0,-,-,0,0,"0,74",CRI Bem Brasil
Juros|Amortização,16/01/2029,638.0,-,-,0,0,"0,67",CRI Bem Brasil
Juros|Amortização,16/07/2026,18.0,-,-,0,0,"3,97",CRI Bem Brasil
Juros|Amortização,16/07/2027,266.0,-,-,0,0,"2,7",CRI Bem Brasil
Juros|Amortização,16/07/2029,762.0,-,-,0,0,"49,69",CRA Ferroeste 2ª Série
Juros|Amortização,16/06/2027,244.0,-,-,0,0,"2,48",CRI Bem Brasil
Juros|Amortização,16/05/2028,472.0,-,-,0,0,"1,36",CRI Bem Brasil
Juros|Amortização,16/05/2029,720.0,-,-,0,0,"0,69",CRI Bem Brasil
Juros|Amortização,16/03/2027,181.0,-,-,0,0,"2,54",CRI Bem Brasil
Juros|Amortização,16/03/2028,432.0,-,-,0,0,"1,46",CRI Bem Brasil
Juros|Amortização,16/03/2029,679.0,-,-,0,0,"0,7",CRI Bem Brasil
Juros|Amortização,16/10/2026,82.0,-,-,0,0,"2,77",CRI Bem Brasil
Juros|Amortização,16/10/2028,578.0,-,-,0,0,"55,02",CRA Ferroeste 2ª Série
Juros|Amortização,16/09/2026,61.0,-,-,0,0,"215,32",CRI Bem Brasil
Juros|Amortização,16/09/2027,309.0,-,-,0,0,"194,92",CRI Bem Brasil
Juros|Amortização,17/04/2028,453.0,-,-,0,0,"58,77",CRA Ferroeste 2ª Série
Juros|Amortização,17/04/2029,700.0,-,-,0,0,"0,73",CRI Bem Brasil
Juros|Amortização,17/08/2027,288.0,-,-,0,0,"2,68",CRI Bem Brasil
Juros|Amortização,17/01/2028,391.0,-,-,0,0,"61,07",CRA Ferroeste 2ª Série
Juros|Amortização,17/07/2028,515.0,-,-,0,0,"56,82",CRA Ferroeste 2ª Série
Juros|Amortização,17/07/2029,763.0,-,-,0,0,"0,71",CRI Bem Brasil
Juros|Amortização,17/11/2026,103.0,-,-,0,0,"2,75",CRI Bem Brasil
Juros|Amortização,17/11/2027,350.0,-,-,0,0,"1,59",CRI Bem Brasil
Juros|Amortização,17/11/2028,600.0,-,-,0,0,"0,76",CRI Bem Brasil
Juros|Amortização,17/10/2028,579.0,-,-,0,0,"0,73",CRI Bem Brasil
Juros|Amortização,18/04/2028,454.0,-,-,0,0,"1,68",CRI Bem Brasil
Juros|Amortização,18/08/2026,41.0,-,-,0,0,"4,11",CRI Bem Brasil
Juros|Amortização,18/12/2028,620.0,-,-,0,0,"0,71",CRI Bem Brasil
Juros|Amortização,18/01/2027,142.0,-,-,0,0,"2,71",CRI Bem Brasil
Juros|Amortização,18/01/2028,392.0,-,-,0,0,"1,79",CRI Bem Brasil
Juros|Amortização,18/07/2028,516.0,-,-,0,0,"1,56",CRI Bem Brasil
Juros|Amortização,18/06/2029,742.0,-,-,0,0,"0,75",CRI Bem Brasil
Juros|Amortização,18/05/2027,224.0,-,-,0,0,"2,62",CRI Bem Brasil
Juros|Amortização,18/10/2027,330.0,-,-,0,0,"1,68",CRI Bem Brasil
Juros|Amortização,18/09/2028,559.0,-,-,0,0,"176,24",CRI Bem Brasil
Juros|Amortização,18/09/2029,807.0,-,-,0,0,"159,37",CRI Bem Brasil
Juros|Amortização,19/06/2028,495.0,-,-,0,0,"1,72",CRI Bem Brasil
Juros|Amortização,25/03/2027,188.0,-,-,0,0,"108,0",TBCR18
Juros|Amortização,25/03/2030,931.0,-,-,0,0,"78,13",TBCR18
Juros|Amortização,25/03/2031,1181.0,-,-,0,0,"82,36",TBCR18
Juros|Amortização,25/03/2032,1432.0,-,-,0,0,"63,92",TBCR18
Juros|Amortização,25/09/2026,68.0,-,-,0,0,"94,68",TBCR18
Juros|Amortização,25/09/2028,564.0,-,-,0,0,"89,15",TBCR18
Juros|Amortização,25/09/2029,812.0,-,-,0,0,"80,18",TBCR18
Juros|Amortização,25/09/2030,1060.0,-,-,0,0,"93,91",TBCR18
Juros|Amortização,25/09/2031,1309.0,-,-,0,0,"73,31",TBCR18
Juros|Amortização,26/03/2029,685.0,-,-,0,0,"83,7",TBCR18
Juros|Amortização,27/03/2028,439.0,-,-,0,0,"99,3",TBCR18
Juros|Amortização,27/09/2027,316.0,-,-,0,0,"99,95",TBCR18
Juros|Amortização,27/09/2032,1560.0,-,-,0,0,"56,06",TBCR18
Juros,15/02/2027,432.0,0,-,0,0,"117,412746",NTN-B28
Juros,15/02/2027,432.0,0,-,0,0,"117,920644",NTN-B30
Juros,15/02/2027,432.0,0,-,0,0,"117,993108",NTN-B32
Juros,15/02/2027,432.0,0,-,0,0,"118,642201",NTN-B50
Juros,15/02/2028,686.0,0,-,0,0,"108,928889",NTN-B28
Juros,15/02/2028,686.0,0,-,0,0,"109,678086",NTN-B30
Juros,15/02/2028,686.0,0,-,0,0,"109,785132",NTN-B32
Juros,15/02/2028,686.0,0,-,0,0,"110,745717",NTN-B50
Juros,15/02/2029,933.0,0,-,0,0,"102,351304",NTN-B32
Juros,15/02/2029,933.0,0,-,0,0,"103,571207",NTN-B50
Juros,15/02/2029,933.0,0,-,0,0,"102,215597",NTN-B30
Juros,15/02/2030,1184.0,0,-,0,0,"95,152211",NTN-B30
Juros,15/02/2030,1184.0,0,-,0,0,"95,312555",NTN-B32
Juros,15/02/2030,1184.0,0,-,0,0,"96,756483",NTN-B50
Juros,15/02/2033,1939.0,0,-,0,0,"78,843821",NTN-B50
Juros,15/02/2034,2191.0,0,-,0,0,"73,636127",NTN-B50
Juros,15/02/2035,2437.0,0,-,0,0,"68,884387",NTN-B50
Juros,15/02/2036,2688.0,0,-,0,0,"64,351969",NTN-B50
Juros,15/02/2038,3188.0,0,-,0,0,"56,192641",NTN-B50
Juros,15/02/2039,3440.0,0,-,0,0,"52,481074",NTN-B50
Juros,15/02/2040,3690.0,0,-,0,0,"49,041249",NTN-B50
Juros,15/02/2041,3942.0,0,-,0,0,"45,802037",NTN-B50
Juros,15/02/2044,4693.0,0,-,0,0,"37,363146",NTN-B50
Juros,15/02/2045,4946.0,0,-,0,0,"34,885821",NTN-B50
Juros,15/02/2046,5192.0,0,-,0,0,"32,634639",NTN-B50
Juros,15/02/2047,5443.0,0,-,0,0,"30,487362",NTN-B50
Juros,15/02/2049,5943.0,0,-,0,0,"26,621803",NTN-B50
Juros,15/02/2050,6195.0,0,-,0,0,"24,863412",NTN-B50
Juros,15/08/2025,58.0,0,-,0,0,"131,208915",NTN-B32
Juros,15/08/2025,58.0,0,-,0,0,"131,198094",NTN-B30
Juros,15/08/2025,58.0,0,-,0,0,"131,305593",NTN-B50
Juros,15/08/2025,58.0,0,-,0,0,"130,717876",NTN-B26
Juros,15/08/2025,58.0,0,-,0,0,"131,122084",NTN-B28
Juros|Amortização,15/08/2028,810.0,0,-,0,0,"3657,17702",NTN-B28
Juros,15/08/2028,810.0,0,-,0,0,"105,866015",NTN-B30
Juros,15/08/2028,810.0,0,-,0,0,"105,988029",NTN-B32
Juros,15/08/2028,810.0,0,-,0,0,"107,083882",NTN-B50
Juros,15/08/2029,1059.0,0,-,0,0,"98,606621",NTN-B30
Juros,15/08/2029,1059.0,0,-,0,0,"98,75523",NTN-B32
Juros,15/08/2029,1059.0,0,-,0,0,"100,092301",NTN-B50
Juros,15/08/2030,1308.0,0,-,0,0,"93,557206",NTN-B50
Juros|Amortização,15/08/2030,1308.0,0,-,0,0,"3198,599522",NTN-B30
Juros,15/08/2030,1308.0,0,-,0,0,"92,016009",NTN-B32
Juros,15/08/2031,1559.0,0,-,0,0,"87,401378",NTN-B50
Juros,15/08/2031,1559.0,0,-,0,0,"85,688023",NTN-B32
Juros,15/08/2033,2063.0,0,-,0,0,"76,23683",NTN-B50
Juros,15/08/2034,2314.0,0,-,0,0,"71,220639",NTN-B50
Juros,15/08/2035,2563.0,0,-,0,0,"66,570595",NTN-B50
Juros,15/08/2036,2812.0,0,-,0,0,"62,224154",NTN-B50
Juros,15/08/2039,3564.0,0,-,0,0,"50,745774",NTN-B50
Juros,15/08/2040,3817.0,0,-,0,0,"47,381128",NTN-B50
Juros,15/08/2041,4066.0,0,-,0,0,"44,287581",NTN-B50
Juros,15/08/2042,4317.0,0,-,0,0,"41,37357",NTN-B50
Juros,15/08/2044,4818.0,0,-,0,0,"36,117929",NTN-B50
Juros,15/08/2045,5069.0,0,-,0,0,"33,741461",NTN-B50
Juros,15/08/2046,5318.0,0,-,0,0,"31,538458",NTN-B50
Juros,15/08/2047,5567.0,0,-,0,0,"29,47929",NTN-B50
Juros|Amortização,15/08/2050,6319.0,0,-,0,0,"837,263538",NTN-B50
Juros,16/02/2032,1685.0,0,-,0,0,"82,677407",NTN-B32
Juros,16/02/2032,1685.0,0,-,0,0,"84,465609",NTN-B50
Juros,16/02/2043,4443.0,0,-,0,0,"39,983853",NTN-B50
Juros,16/08/2027,559.0,0,-,0,0,"113,091291",NTN-B28
Juros,16/08/2027,559.0,0,-,0,0,"113,724714",NTN-B30
Juros,16/08/2027,559.0,0,-,0,0,"113,815153",NTN-B32
Juros,16/08/2027,559.0,0,-,0,0,"114,625982",NTN-B50
Juros,16/08/2032,1812.0,0,-,0,0,"81,606319",NTN-B50
Juros|Amortização,16/08/2032,1812.0,0,-,0,0,"2777,375341",NTN-B32
Juros,16/08/2038,3313.0,0,-,0,0,"54,319886",NTN-B50
Juros,16/08/2049,6068.0,0,-,0,0,"25,734567",NTN-B50
Juros,17/02/2031,1436.0,0,-,0,0,"88,732672",NTN-B32
Juros,17/02/2031,1436.0,0,-,0,0,"90,365644",NTN-B50
Juros|Amortização,17/08/2026,310.0,0,-,0,0,"4169,6323729999995",NTN-B26
Juros,17/08/2026,310.0,0,-,0,0,"121,719496",NTN-B28
Juros,17/08/2026,310.0,0,-,0,0,"122,097098",NTN-B30
Juros,17/08/2026,310.0,0,-,0,0,"122,150935",NTN-B32
Juros,17/08/2026,310.0,0,-,0,0,"122,632759",NTN-B50
Juros,17/08/2037,3064.0,0,-,0,0,"58,114202",NTN-B50
Juros,17/08/2043,4569.0,0,-,0,0,"38,640815",NTN-B50
Juros,17/08/2048,5819.0,0,-,0,0,"27,53216",NTN-B50
Juros,18/02/2026,186.0,0,-,0,0,"125,014827",NTN-B26
Juros,18/02/2026,186.0,0,-,0,0,"126,25876",NTN-B28
Juros,18/02/2026,186.0,0,-,0,0,"126,493625",NTN-B30
Juros,18/02/2026,186.0,0,-,0,0,"126,527087",NTN-B32
Juros,18/02/2026,186.0,0,-,0,0,"126,826303",NTN-B50
Juros,18/02/2037,2940.0,0,-,0,0,"60,101472",NTN-B50
Juros,19/02/2042,4194.0,0,-,0,0,"42,776778",NTN-B50
Juros,19/02/2048,5695.0,0,-,0,0,"28,473649",NTN-B50
