Dados do evento,Data de pagamento,Prazos (dias úteis),Dias entre pagamentos,Expectativa de juros (%),Juros projetados,Amortizações,Fluxo descontado (R$),Ativo
Juros,15/02/2027,106,122,-,"42,486346","0,00000000","40,921802",WNTY12
Juros,16/08/2027,233,127,-,"44,264069","0,00000000","40,759975",WNTY12
Juros,15/02/2028,360,127,-,"44,264069","0,00000000","38,968268",WNTY12
Juros,15/08/2028,484,124,-,"43,197087","0,00000000","36,395911",WNTY12
Juros,15/02/2029,607,123,-,"42,841659","0,00000000","34,558629",WNTY12
Juros|Amortização,15/08/2029,733,126,-,"43,908291","80,161618","95,716678",WNTY12
Juros|Amortização,15/02/2030,858,125,-,"40,202431","80,161383","88,838607",WNTY12
Juros|Amortização,15/08/2030,982,124,-,"36,551396","80,161653","82,444859",WNTY12
Juros|Amortização,17/02/2031,1110,128,-,"34,323066","80,161742","77,288611",WNTY12
Juros|Amortização,15/08/2031,1233,123,-,"29,659625","80,161662","70,981678",WNTY12
Juros|Amortização,16/02/2032,1359,126,-,"27,020505","80,161751","66,25422",WNTY12
Juros|Amortização,16/08/2032,1486,127,-,"23,834514","80,161671","61,458967",WNTY12
Juros|Amortização,15/02/2033,1613,127,-,"20,429586","80,161925","56,833759",WNTY12
Juros|Amortização,15/08/2033,1737,124,-,"16,61427","80,161733","52,330044",WNTY12
Juros|Amortização,15/02/2034,1865,128,-,"13,729224","80,161733","48,521102",WNTY12
Juros|Amortização,15/08/2034,1988,123,-,"9,886541","80,161653","44,552696",WNTY12
Juros|Amortização,15/02/2035,2111,123,-,"6,591029","80,161774","41,093638",WNTY12
Juros|Amortização,15/08/2035,2237,126,-,"3,377563","80,161774","37,845393",WNTY12
Juros,15/12/2026,66,127,-,"35,879831","0,00000000","35,224072",VLIM13
Juros,15/06/2027,189,123,-,"34,734271","0,00000000","32,947169",VLIM13
Juros,15/12/2027,316,127,-,"35,879831","0,00000000","32,846987",VLIM13
Juros,16/06/2028,442,126,-,"35,593346","0,00000000","31,457238",VLIM13
Juros|Amortização,15/12/2028,567,125,-,"35,306923","1.255,5774","1.101,7095",VLIM13
Juros,15/12/2026,66,127,-,"41,847963","0,00000000","40,462991",VAMO33
Juros,15/06/2027,189,123,-,"40,509986","0,00000000","36,788003",VAMO33
Juros,15/12/2027,316,127,-,"41,847963","0,00000000","35,619931",VAMO33
Juros,16/06/2028,442,126,-,"41,513347","0,00000000","33,136191",VAMO33
Juros,15/12/2028,567,125,-,"41,178812","0,00000000","30,83942",VAMO33
Juros|Amortização,15/06/2029,690,123,-,"40,509986","441,927981","339,339438",VAMO33
Juros,17/12/2029,816,126,-,"27,675577","0,00000000","18,255159",VAMO33
Juros|Amortização,17/06/2030,940,124,-,"27,229585","441,928644","290,500771",VAMO33
Juros,16/12/2030,1067,127,-,"13,949327","0,00000000","8,095726",VAMO33
Juros|Amortização,16/06/2031,1189,122,-,"13,391905","441,928644","248,314314",VAMO33
Juros,15/10/2026,25,126,-,"34,181365","0,00000000","33,960828",VALEA0
Juros,15/04/2027,148,123,-,"33,355172","0,00000000","32,101203",VALEA0
Juros,15/10/2027,275,127,-,"34,456898","0,00000000","32,088823",VALEA0
Juros,17/04/2028,401,126,-,"34,181365","0,00000000","30,810513",VALEA0
Juros,16/10/2028,526,125,-,"33,9059","0,00000000","29,588924",VALEA0
Juros,16/04/2029,648,122,-,"33,079908","0,00000000","27,970479",VALEA0
Juros,15/10/2029,774,126,-,"34,181365","0,00000000","27,974152",VALEA0
Juros,15/04/2030,897,123,-,"33,355172","0,00000000","26,442346",VALEA0
Juros,15/10/2030,1025,128,-,"34,732497","0,00000000","26,636664",VALEA0
Juros,15/04/2031,1148,123,-,"33,355172","0,00000000","24,778572",VALEA0
Juros,15/10/2031,1276,128,-,"34,732497","0,00000000","24,960664",VALEA0
Juros,15/04/2032,1401,125,-,"33,9059","0,00000000","23,590643",VALEA0
Juros,15/10/2032,1528,127,-,"34,456898","0,00000000","23,198513",VALEA0
Juros,18/04/2033,1654,126,-,"34,181365","0,00000000","22,274363",VALEA0
Juros,17/10/2033,1780,126,-,"34,181365","0,00000000","21,559428",VALEA0
Juros,17/04/2034,1905,125,-,"33,9059","0,00000000","20,70463",VALEA0
Juros|Amortização,16/10/2034,2030,125,-,"33,9059","1.087,7214","663,109339",VALEA0
Juros,16/11/2026,46,127,-,"35,772228","0,00000000","35,349002",VALEB1
Juros,17/05/2027,169,123,-,"34,627131","0,00000000","33,145659",VALEB1
Juros,16/11/2027,295,126,-,"35,48584","0,00000000","32,878132",VALEB1
Juros,15/05/2028,419,124,-,"34,913291","0,00000000","31,326326",VALEB1
Juros,16/11/2028,547,128,-,"36,05869","0,00000000","31,300104",VALEB1
Juros,15/05/2029,668,121,-,"34,055035","0,00000000","28,649753",VALEB1
Juros,16/11/2029,796,128,-,"36,05869","0,00000000","29,347199",VALEB1
Juros,15/05/2030,917,121,-,"34,055035","0,00000000","26,862212",VALEB1
Juros,18/11/2030,1048,131,-,"36,918535","0,00000000","28,150425",VALEB1
Juros,15/05/2031,1168,120,-,"33,769103","0,00000000","24,961813",VALEB1
Juros,17/11/2031,1299,131,-,"36,918535","0,00000000","26,380384",VALEB1
Juros|Amortização,17/05/2032,1422,123,-,"34,627131","1.047,79954","749,228244",VALEB1
Juros,15/10/2026,25,126,-,"34,374337","0,00000000","34,149398",VALEC0
Juros,15/04/2027,148,123,-,"33,54341","0,00000000","32,264705",VALEC0
Juros,15/10/2027,275,127,-,"34,651449","0,00000000","32,237209",VALEC0
Juros,17/04/2028,401,126,-,"34,374337","0,00000000","30,938551",VALEC0
Juros,16/10/2028,526,125,-,"34,097293","0,00000000","29,698136",VALEC0
Juros,16/04/2029,648,122,-,"33,266571","0,00000000","28,061",VALEC0
Juros,15/10/2029,774,126,-,"34,374337","0,00000000","28,051691",VALEC0
Juros,15/04/2030,897,123,-,"33,54341","0,00000000","26,503527",VALEC0
Juros,15/10/2030,1025,128,-,"34,92863","0,00000000","26,685757",VALEC0
Juros,15/04/2031,1148,123,-,"33,54341","0,00000000","24,812866",VALEC0
Juros,15/10/2031,1276,128,-,"34,92863","0,00000000","24,983471",VALEC0
Juros,15/04/2032,1401,125,-,"34,097293","0,00000000","23,601238",VALEC0
Juros,15/10/2032,1528,127,-,"34,651449","0,00000000","23,198069",VALEC0
Juros,18/04/2033,1654,126,-,"34,374337","0,00000000","22,263548",VALEC0
Juros,17/10/2033,1780,126,-,"34,374337","0,00000000","21,538923",VALEC0
Juros,17/04/2034,1905,125,-,"34,097293","0,00000000","20,675366",VALEC0
Juros,16/10/2034,2030,125,-,"34,097293","0,00000000","20,007686",VALEC0
Juros,16/04/2035,2152,122,-,"33,266571","0,00000000","18,904744",VALEC0
Juros,15/10/2035,2278,126,-,"34,374337","0,00000000","18,898473",VALEC0
Juros,15/04/2036,2401,123,-,"33,54341","0,00000000","17,855472",VALEC0
Juros,15/10/2036,2529,128,-,"34,92863","0,00000000","17,978241",VALEC0
Juros,15/04/2037,2653,124,-,"33,820316","0,00000000","16,850043",VALEC0
Juros,15/10/2037,2779,126,-,"34,374337","0,00000000","16,568656",VALEC0
Juros,15/04/2038,2903,124,-,"33,820316","0,00000000","15,779321",VALEC0
Juros,15/10/2038,3029,126,-,"34,374337","0,00000000","15,515815",VALEC0
Juros,15/04/2039,3154,125,-,"34,097293","0,00000000","14,893742",VALEC0
Juros|Amortização,17/10/2039,3281,127,-,"34,651449","1.087,7214","474,172794",VALEC0
Juros|Amortização,15/01/2027,87,126,-,"39,397074","7,867415","45,94435",UNEG11
Juros|Amortização,15/07/2027,211,124,-,"38,537001","7,867225","43,323107",UNEG11
Juros|Amortização,17/01/2028,339,128,-,"39,56516","12,158779","46,318332",UNEG11
Juros|Amortização,17/07/2028,463,124,-,"37,962159","12,159102","43,107042",UNEG11
Juros|Amortização,15/01/2029,586,123,-,"37,305527","16,451381","44,418801",UNEG11
Juros|Amortização,16/07/2029,711,125,-,"37,444719","16,450563","42,756958",UNEG11
Juros|Amortização,15/01/2030,835,124,-,"36,668693","18,597016","42,109172",UNEG11
Juros|Amortização,15/07/2030,959,124,-,"36,13487","18,596932","40,05213",UNEG11
Juros|Amortização,15/01/2031,1087,128,-,"36,76633","14,305033","35,847806",UNEG11
Juros|Amortização,15/07/2031,1210,123,-,"34,902633","14,305541","33,183997",UNEG11
Juros|Amortização,15/01/2032,1339,129,-,"36,20295","17,166494","34,509763",UNEG11
Juros|Amortização,15/07/2032,1464,125,-,"34,567501","17,165758","32,117567",UNEG11
Juros|Amortização,17/01/2033,1592,128,-,"34,900433","53,643962","52,727009",UNEG11
Juros|Amortização,15/07/2033,1716,124,-,"32,254454","53,643641","49,127029",UNEG11
Juros|Amortização,16/01/2034,1843,127,-,"31,468545","82,254479","62,405956",UNEG11
Juros|Amortização,17/07/2034,1967,124,-,"28,353532","82,254092","58,294505",UNEG11
Juros|Amortização,15/01/2035,2090,123,-,"25,779876","86,545944","56,875925",UNEG11
Juros|Amortização,16/07/2035,2215,125,-,"23,700467","86,545681","53,596422",UNEG11
Juros|Amortização,15/01/2036,2339,124,-,"21,023895","91,552316","52,563456",UNEG11
Juros|Amortização,15/07/2036,2463,124,-,"18,395908","91,552224","49,304896",UNEG11
Juros|Amortização,15/01/2037,2592,129,-,"16,413134","97,274168","48,884593",UNEG11
Juros|Amortização,15/07/2037,2715,123,-,"12,869574","97,274448","45,501665",UNEG11
Juros|Amortização,15/01/2038,2841,126,-,"10,350075","102,280986","44,658756",UNEG11
Juros|Amortização,15/07/2038,2965,124,-,"7,247501","102,281172","41,710095",UNEG11
Juros|Amortização,17/01/2039,3093,128,-,"4,452669","85,830473","32,977618",UNEG11
Juros|Amortização,15/07/2039,3217,124,-,"1,847803","64,372743","23,231127",UNEG11
Juros,15/10/2026,25,126,-,"52,418345","0,00000000","52,002863",UTPS21
Juros,15/04/2027,148,123,-,"51,148134","0,00000000","48,794403",UTPS21
Juros,15/10/2027,275,127,-,"52,841991","0,00000000","48,413076",UTPS21
Juros,17/04/2028,401,126,-,"52,418345","0,00000000","46,136893",UTPS21
Juros|Amortização,16/10/2028,526,125,-,"51,994819","1,423557","45,183045",UTPS21
Juros|Amortização,16/04/2029,648,122,-,"50,674249","72,622711","100,316341",UTPS21
Juros|Amortização,15/10/2029,774,126,-,"49,691807","72,622617","95,604542",UTPS21
Juros|Amortização,15/04/2030,897,123,-,"45,878351","80,484866","94,976855",UTPS21
Juros|Amortização,15/10/2030,1025,128,-,"44,766267","80,484498","90,382125",UTPS21
Juros|Amortização,15/04/2031,1148,123,-,"40,094757","71,459028","77,407444",UTPS21
Juros|Amortização,15/10/2031,1276,128,-,"39,080944","71,459905","73,642117",UTPS21
Juros|Amortização,15/04/2032,1401,125,-,"35,538418","90,857832","80,92029",UTPS21
Juros|Amortização,15/10/2032,1528,127,-,"32,744846","90,858068","75,996789",UTPS21
Juros|Amortização,18/04/2033,1654,126,-,"29,136742","86,861705","68,517301",UTPS21
Juros|Amortização,17/10/2033,1780,126,-,"25,938313","86,861002","64,008266",UTPS21
Juros|Amortização,17/04/2034,1905,125,-,"22,55618","84,560924","58,412824",UTPS21
Juros|Amortização,16/10/2034,2030,125,-,"19,467631","84,560635","54,515565",UTPS21
Juros|Amortização,16/04/2035,2152,122,-,"15,979071","96,65149","56,775361",UTPS21
Juros|Amortização,15/10/2035,2278,126,-,"12,953599","96,651576","53,078208",UTPS21
Juros|Amortização,15/04/2036,2401,123,-,"9,167035","127,568733","63,674213",UTPS21
Juros|Amortização,15/10/2036,2529,128,-,"4,773283","127,568733","59,16764",UTPS21
Juros,15/10/2026,25,126,-,"36,828583","0,00000000","36,578983",UHSM12
Juros,15/04/2027,148,123,-,"35,939555","0,00000000","34,521425",UHSM12
Juros,15/10/2027,275,127,-,"37,125062","0,00000000","34,449274",UHSM12
Juros,17/04/2028,401,126,-,"36,828583","0,00000000","33,022724",UHSM12
Juros,16/10/2028,526,125,-,"36,532175","0,00000000","31,661869",UHSM12
Juros,16/04/2029,648,122,-,"35,643343","0,00000000","29,883192",UHSM12
Juros,15/10/2029,774,126,-,"36,828583","0,00000000","29,836547",UHSM12
Juros,15/04/2030,897,123,-,"35,939555","0,00000000","28,158249",UHSM12
Juros,15/10/2030,1025,128,-,"37,421604","0,00000000","28,316141",UHSM12
Juros,15/04/2031,1148,123,-,"35,939555","0,00000000","26,29988",UHSM12
Juros,15/10/2031,1276,128,-,"37,421604","0,00000000","26,447352",UHSM12
Juros,15/04/2032,1401,125,-,"36,532175","0,00000000","24,955626",UHSM12
Juros,15/10/2032,1528,127,-,"37,125062","0,00000000","24,499487",UHSM12
Juros,18/04/2033,1654,126,-,"36,828583","0,00000000","23,484959",UHSM12
Juros|Amortização,17/10/2033,1780,126,-,"36,828583","320,94613","220,459815",UHSM12
Juros,17/04/2034,1905,125,-,"27,399131","0,00000000","16,318856",UHSM12
Juros|Amortização,16/10/2034,2030,125,-,"27,399131","320,945809","200,537486",UHSM12
Juros,16/04/2035,2152,122,-,"17,82168","0,00000000","9,92481",UHSM12
Juros|Amortização,15/10/2035,2278,126,-,"18,4143","320,94629","182,620699",UHSM12
Juros,15/04/2036,2401,123,-,"8,984892","0,00000000","4,67596",UHSM12
Juros|Amortização,15/10/2036,2529,128,-,"9,355405","320,94629","166,015074",UHSM12
Juros,15/01/2027,87,126,-,"39,203141","0,00000000","38,239474",TRRG12
Juros,15/07/2027,211,124,-,"38,569822","0,00000000","36,31055",TRRG12
Juros,17/01/2028,339,128,-,"39,83682","0,00000000","36,15489",TRRG12
Juros,17/07/2028,463,124,-,"38,569822","0,00000000","33,785019",TRRG12
Juros,15/01/2029,586,123,-,"38,2533","0,00000000","32,349221",TRRG12
Juros,16/07/2029,711,125,-,"38,886437","0,00000000","31,729482",TRRG12
Juros|Amortização,15/01/2030,835,124,-,"38,569822","268,391407","241,736655",TRRG12
Juros,15/07/2030,959,124,-,"28,927367","0,00000000","21,9868",TRRG12
Juros|Amortização,15/01/2031,1087,128,-,"29,877614","268,391139","218,553656",TRRG12
Juros,15/07/2031,1210,123,-,"19,126659","0,00000000","13,530312",TRRG12
Juros|Amortização,15/01/2032,1339,129,-,"20,076906","268,391541","196,670837",TRRG12
Juros,15/07/2032,1464,125,-,"9,721613","0,00000000","6,395137",TRRG12
Juros|Amortização,17/01/2033,1592,128,-,"9,959209","268,391541","176,522935",TRRG12
Juros,15/12/2026,66,127,-,"33,722565","0,00000000","33,11262",TSSG21
Juros,15/06/2027,189,123,-,"32,645301","0,00000000","30,982788",TSSG21
Juros,15/12/2027,316,127,-,"33,722565","0,00000000","30,900597",TSSG21
Juros,16/06/2028,442,126,-,"33,453155","0,00000000","29,603967",TSSG21
Juros,15/12/2028,567,125,-,"33,183809","0,00000000","28,367804",TSSG21
Juros,15/06/2029,690,123,-,"32,645301","0,00000000","26,974105",TSSG21
Juros,17/12/2029,816,126,-,"33,453155","0,00000000","26,695004",TSSG21
Juros,17/06/2030,940,124,-,"32,914523","0,00000000","25,379745",TSSG21
Juros,16/12/2030,1067,127,-,"33,722565","0,00000000","25,105376",TSSG21
Juros,16/06/2031,1189,122,-,"32,37614","0,00000000","23,30334",TSSG21
Juros|Amortização,15/12/2031,1318,129,-,"34,26157","378,121221","286,417721",TSSG21
Juros,15/06/2032,1442,124,-,"21,943026","0,00000000","14,726604",TSSG21
Juros|Amortização,15/12/2032,1569,127,-,"22,48172","378,121789","259,577661",TSSG21
Juros,15/06/2033,1695,126,-,"11,151056","0,00000000","6,978066",TSSG21
Juros|Amortização,15/12/2033,1821,126,-,"11,151056","378,121789","235,255499",TSSG21
Juros,15/12/2026,66,127,-,"17,357461","0,00000000","17,101616",TIMS12
Juros|Amortização,15/06/2027,189,123,-,"16,805625","443,736808","441,369149",TIMS12
Juros,15/12/2027,316,127,-,"8,678744","0,00000000","8,083132",TIMS12
Juros|Amortização,16/06/2028,442,126,-,"8,609749","443,738259","409,528116",TIMS12
Juros,16/11/2026,46,127,-,"33,759585","0,00000000","33,341577",SUZBC1
Juros,17/05/2027,169,123,-,"32,680829","0,00000000","31,218617",SUZBC1
Juros,16/11/2027,295,126,-,"33,489801","0,00000000","30,918031",SUZBC1
Juros,15/05/2028,419,124,-,"32,950423","0,00000000","29,415362",SUZBC1
Juros,16/11/2028,547,128,-,"34,029433","0,00000000","29,34346",SUZBC1
Juros,15/05/2029,668,121,-,"32,141832","0,00000000","26,822179",SUZBC1
Juros,16/11/2029,796,128,-,"34,029433","0,00000000","27,429732",SUZBC1
Juros,15/05/2030,917,121,-,"32,141832","0,00000000","25,072884",SUZBC1
Juros,18/11/2030,1048,131,-,"34,839356","0,00000000","26,22976",SUZBC1
Juros,15/05/2031,1168,120,-,"31,87243","0,00000000","23,228642",SUZBC1
Juros,17/11/2031,1299,131,-,"34,839356","0,00000000","24,505823",SUZBC1
Juros,17/05/2032,1422,123,-,"32,680829","0,00000000","22,234317",SUZBC1
Juros,16/11/2032,1548,126,-,"33,489801","0,00000000","22,020236",SUZBC1
Juros,16/05/2033,1673,125,-,"33,220081","0,00000000","21,115744",SUZBC1
Juros,16/11/2033,1800,127,-,"33,759585","0,00000000","20,733081",SUZBC1
Juros,15/05/2034,1923,123,-,"32,680829","0,00000000","19,412943",SUZBC1
Juros,16/11/2034,2051,128,-,"34,029433","0,00000000","19,525243",SUZBC1
Juros|Amortização,15/05/2035,2172,121,-,"32,141832","556,362915","326,782301",SUZBC1
Juros,16/11/2035,2300,128,-,"17,014716","0,00000000","9,12592",SUZBC1
Juros|Amortização,15/05/2036,2421,121,-,"16,070916","556,362915","297,128345",SUZBC1
Juros,15/09/2026,4,126,-,"34,845835","0,00000000","34,808299",SUZBA0
Juros,15/03/2027,126,122,-,"33,723464","0,00000000","32,597773",SUZBA0
Juros,15/09/2027,254,128,-,"35,407423","0,00000000","33,065249",SUZBA0
Juros,15/03/2028,379,125,-,"34,565143","0,00000000","31,209629",SUZBA0
Juros,15/09/2028,506,127,-,"35,126595","0,00000000","30,649617",SUZBA0
Juros,15/03/2029,627,121,-,"33,443039","0,00000000","28,244609",SUZBA0
Juros,17/09/2029,755,128,-,"35,407423","0,00000000","28,88989",SUZBA0
Juros,15/03/2030,876,121,-,"33,443039","0,00000000","26,411809",SUZBA0
Juros,16/09/2030,1004,128,-,"35,407423","0,00000000","27,015216",SUZBA0
Juros,17/03/2031,1128,124,-,"34,284517","0,00000000","25,298919",SUZBA0
Juros,15/09/2031,1254,126,-,"34,845835","0,00000000","24,854816",SUZBA0
Juros,15/03/2032,1379,125,-,"34,565143","0,00000000","23,838055",SUZBA0
Juros,15/09/2032,1507,128,-,"35,407423","0,00000000","23,591117",SUZBA0
Juros,15/03/2033,1631,124,-,"34,284517","0,00000000","22,092355",SUZBA0
Juros,15/09/2033,1759,128,-,"35,407423","0,00000000","22,042458",SUZBA0
Juros,15/03/2034,1883,124,-,"34,284517","0,00000000","20,642083",SUZBA0
Juros,15/09/2034,2010,127,-,"35,126595","0,00000000","20,437618",SUZBA0
Juros,15/03/2035,2131,121,-,"33,443039","0,00000000","18,833924",SUZBA0
Juros,17/09/2035,2259,128,-,"35,407423","0,00000000","19,264206",SUZBA0
Juros,17/03/2036,2381,122,-,"33,723464","0,00000000","17,754678",SUZBA0
Juros|Amortização,15/09/2036,2507,126,-,"34,845835","381,078886","211,666016",SUZBA0
Juros,16/03/2037,2632,125,-,"23,043427","0,00000000","11,338516",SUZBA0
Juros|Amortização,15/09/2037,2758,126,-,"23,230557","381,078886","192,299795",SUZBA0
Juros,15/03/2038,2880,122,-,"11,241154","0,00000000","5,173681",SUZBA0
Juros|Amortização,15/09/2038,3008,128,-,"11,802474","381,078887","174,691557",SUZBA0
Juros,15/01/2027,87,126,-,"0,38884","0,00000000","0,373965",RISP12
Juros|Amortização,15/07/2027,211,124,-,"0,382566","0,354735","0,670752",RISP12
Juros|Amortização,17/01/2028,339,128,-,"0,382889","0,354741","0,633627",RISP12
Juros|Amortização,17/07/2028,463,124,-,"0,358885","0,28523","0,523378",RISP12
Juros|Amortização,15/01/2029,586,123,-,"0,346502","0,285231","0,485777",RISP12
Juros|Amortização,16/07/2029,711,125,-,"0,342631","0,714277","0,768427",RISP12
Juros|Amortização,15/01/2030,835,124,-,"0,316005","0,714272","0,70856",RISP12
Juros|Amortização,15/07/2030,959,124,-,"0,292164","0,87966","0,762328",RISP12
Juros|Amortização,15/01/2031,1087,128,-,"0,271426","0,879659","0,707074",RISP12
Juros|Amortização,15/07/2031,1210,123,-,"0,23153","1,109758","0,779706",RISP12
Juros|Amortização,15/01/2032,1339,129,-,"0,204459","1,109762","0,721042",RISP12
Juros|Amortização,15/07/2032,1464,125,-,"0,160668","1,193652","0,702547",RISP12
Juros|Amortização,17/01/2033,1592,128,-,"0,123442","1,193654","0,645133",RISP12
Juros|Amortização,15/07/2033,1716,124,-,"0,079681","1,193652","0,589971",RISP12
Juros|Amortização,16/01/2034,1843,127,-,"0,04082","1,193652","0,54031",RISP12
Juros,15/01/2027,87,126,-,"0,405458","0,00000000","0,390528",RISP22
Juros,15/07/2027,211,124,-,"0,398911","0,00000000","0,364217",RISP22
Juros,17/01/2028,339,128,-,"0,412007","0,00000000","0,355974",RISP22
Juros,17/07/2028,463,124,-,"0,398911","0,00000000","0,326714",RISP22
Juros,15/01/2029,586,123,-,"0,395639","0,00000000","0,307295",RISP22
Juros,16/07/2029,711,125,-,"0,402184","0,00000000","0,295987",RISP22
Juros,15/01/2030,835,124,-,"0,398911","0,00000000","0,278292",RISP22
Juros,15/07/2030,959,124,-,"0,398911","0,00000000","0,263803",RISP22
Juros,15/01/2031,1087,128,-,"0,412007","0,00000000","0,257832",RISP22
Juros,15/07/2031,1210,123,-,"0,395639","0,00000000","0,234799",RISP22
Juros,15/01/2032,1339,129,-,"0,415284","0,00000000","0,233123",RISP22
Juros,15/07/2032,1464,125,-,"0,402184","0,00000000","0,213922",RISP22
Juros,17/01/2033,1592,128,-,"0,412007","0,00000000","0,207378",RISP22
Juros,15/07/2033,1716,124,-,"0,398911","0,00000000","0,190332",RISP22
Juros,16/01/2034,1843,127,-,"0,408732","0,00000000","0,184625",RISP22
Juros|Amortização,17/07/2034,1967,124,-,"0,398911","0,472277","0,37303",RISP22
Juros|Amortização,15/01/2035,2090,123,-,"0,379337","0,472268","0,345808",RISP22
Juros|Amortização,16/07/2035,2215,125,-,"0,369041","0,472272","0,323702",RISP22
Juros|Amortização,15/01/2036,2339,124,-,"0,349601","0,47227","0,299757",RISP22
Juros|Amortização,15/07/2036,2463,124,-,"0,333165","0,503024","0,2891",RISP22
Juros|Amortização,15/01/2037,2592,129,-,"0,328613","0,50302","0,271967",RISP22
Juros|Amortização,15/07/2037,2715,123,-,"0,295705","0,503025","0,247714",RISP22
Juros|Amortização,15/01/2038,2841,126,-,"0,285249","0,503025","0,231542",RISP22
Juros|Amortização,15/07/2038,2965,124,-,"0,263137","0,503024","0,21333",RISP22
Juros|Amortização,17/01/2039,3093,128,-,"0,253695","0,503024","0,199386",RISP22
Juros|Amortização,15/07/2039,3217,124,-,"0,228123","1,197157","0,355991",RISP22
Juros|Amortização,16/01/2040,3344,127,-,"0,191049","1,197153","0,328252",RISP22
Juros|Amortização,16/07/2040,3469,125,-,"0,145982","1,076343","0,273862",RISP22
Juros|Amortização,15/01/2041,3593,124,-,"0,107334","1,076342","0,251395",RISP22
Juros|Amortização,15/07/2041,3717,124,-,"0,069874","1,003853","0,21617",RISP22
Juros|Amortização,15/01/2042,3845,128,-,"0,036083","1,003853","0,198124",RISP22
Juros,15/10/2026,25,126,-,"47,885906","0,00000000","47,517394",RUMOA4
Juros,15/04/2027,148,123,-,"46,727375","0,00000000","44,638467",RUMOA4
Juros,15/10/2027,275,127,-,"48,272288","0,00000000","44,339617",RUMOA4
Juros|Amortização,17/04/2028,401,126,-,"47,885906","477,588432","464,232919",RUMOA4
Juros,16/10/2028,526,125,-,"31,666435","0,00000000","26,915854",RUMOA4
Juros|Amortização,16/04/2029,648,122,-,"30,894281","477,589148","416,210447",RUMOA4
Juros,15/10/2029,774,126,-,"15,961977","0,00000000","12,566467",RUMOA4
Juros|Amortização,15/04/2030,897,123,-,"15,575799","477,589148","373,776263",RUMOA4
Juros,15/02/2027,106,122,-,"31,618296","0,00000000","30,601006",GASC17
Juros,16/08/2027,233,127,-,"32,933397","0,00000000","30,649068",GASC17
Juros,15/02/2028,360,127,-,"32,933397","0,00000000","29,4714",GASC17
Juros,15/08/2028,484,124,-,"32,144152","0,00000000","27,685456",GASC17
Juros,15/02/2029,607,123,-,"31,881192","0,00000000","26,436485",GASC17
Juros,15/08/2029,733,126,-,"32,670254","0,00000000","26,057885",GASC17
Juros,15/02/2030,858,125,-,"32,407172","0,00000000","24,870199",GASC17
Juros,15/08/2030,982,124,-,"32,144152","0,00000000","23,742451",GASC17
Juros,17/02/2031,1110,128,-,"33,196601","0,00000000","23,570387",GASC17
Juros,15/08/2031,1233,123,-,"31,881192","0,00000000","21,793506",GASC17
Juros,16/02/2032,1359,126,-,"32,670254","0,00000000","21,481398",GASC17
Juros,16/08/2032,1486,127,-,"32,933397","0,00000000","20,822365",GASC17
Juros,15/02/2033,1613,127,-,"32,933397","0,00000000","20,022281",GASC17
Juros,15/08/2033,1737,124,-,"32,144152","0,00000000","18,808946",GASC17
Juros,15/02/2034,1865,128,-,"33,196601","0,00000000","18,672636",GASC17
Juros,15/08/2034,1988,123,-,"31,881192","0,00000000","17,264977",GASC17
Juros,15/02/2035,2111,123,-,"31,881192","0,00000000","16,622083",GASC17
Juros|Amortização,15/08/2035,2237,126,-,"32,670254","548,319795","291,364812",GASC17
Juros,15/02/2036,2362,125,-,"16,203585","0,00000000","7,818636",GASC17
Juros|Amortização,15/08/2036,2486,124,-,"16,072075","548,319795","262,111512",GASC17
Juros,15/09/2026,4,126,-,"32,532594","0,00000000","32,49257",GASC25
Juros,15/03/2027,126,122,-,"31,485351","0,00000000","30,287806",GASC25
Juros,15/09/2027,254,128,-,"33,056575","0,00000000","30,570961",GASC25
Juros,15/03/2028,379,125,-,"32,270694","0,00000000","28,717887",GASC25
Juros,15/09/2028,506,127,-,"32,794555","0,00000000","28,06542",GASC25
Juros,15/03/2029,627,121,-,"31,223689","0,00000000","25,744329",GASC25
Juros,17/09/2029,755,128,-,"33,056575","0,00000000","26,202769",GASC25
Juros,15/03/2030,876,121,-,"31,223689","0,00000000","23,845207",GASC25
Juros,16/09/2030,1004,128,-,"33,056575","0,00000000","24,269829",GASC25
Juros,17/03/2031,1128,124,-,"32,008854","0,00000000","22,620676",GASC25
Juros,15/09/2031,1254,126,-,"32,532594","0,00000000","22,116348",GASC25
Juros,15/03/2032,1379,125,-,"32,270694","0,00000000","21,110376",GASC25
Juros,15/09/2032,1507,128,-,"33,056575","0,00000000","20,789186",GASC25
Juros,15/03/2033,1631,124,-,"32,008854","0,00000000","19,376545",GASC25
Juros,15/09/2033,1759,128,-,"33,056575","0,00000000","19,237828",GASC25
Juros,15/03/2034,1883,124,-,"32,008854","0,00000000","17,930603",GASC25
Juros,15/09/2034,2010,127,-,"32,794555","0,00000000","17,666566",GASC25
Juros,15/03/2035,2131,121,-,"31,223689","0,00000000","16,20549",GASC25
Juros,17/09/2035,2259,128,-,"33,056575","0,00000000","16,494068",GASC25
Juros,17/03/2036,2381,122,-,"31,485351","0,00000000","15,131165",GASC25
Juros,15/09/2036,2507,126,-,"32,532594","0,00000000","15,039791",GASC25
Juros|Amortização,16/03/2037,2632,125,-,"32,270694","371,182625","179,477228",GASC25
Juros,15/09/2037,2758,126,-,"21,688407","0,00000000","9,281175",GASC25
Juros|Amortização,15/03/2038,2880,122,-,"20,990244","371,183182","161,639466",GASC25
Juros,15/09/2038,3008,128,-,"11,018863","0,00000000","4,366143",GASC25
Juros|Amortização,15/03/2039,3132,124,-,"10,669623","371,183182","145,641046",GASC25
Juros,15/09/2026,4,126,-,"38,822969","0,00000000","38,775019",GASC18
Juros,15/03/2027,126,122,-,"37,568869","0,00000000","36,134437",GASC18
Juros,15/09/2027,254,128,-,"39,450556","0,00000000","36,472969",GASC18
Juros,15/03/2028,379,125,-,"38,509308","0,00000000","34,253982",GASC18
Juros,15/09/2028,506,127,-,"39,136718","0,00000000","33,472546",GASC18
Juros,15/03/2029,627,121,-,"37,255567","0,00000000","30,694433",GASC18
Juros,17/09/2029,755,128,-,"39,450556","0,00000000","31,242543",GASC18
Juros,15/03/2030,876,121,-,"37,255567","0,00000000","28,421599",GASC18
Juros,16/09/2030,1004,128,-,"39,450556","0,00000000","28,929124",GASC18
Juros,17/03/2031,1128,124,-,"38,195738","0,00000000","26,956196",GASC18
Juros,15/09/2031,1254,126,-,"38,822969","0,00000000","26,35273",GASC18
Juros,15/03/2032,1379,125,-,"38,509308","0,00000000","25,149534",GASC18
Juros,15/09/2032,1507,128,-,"39,450556","0,00000000","24,765219",GASC18
Juros,15/03/2033,1631,124,-,"38,195738","0,00000000","23,076264",GASC18
Juros,15/09/2033,1759,128,-,"39,450556","0,00000000","22,910182",GASC18
Juros,15/03/2034,1883,124,-,"38,195738","0,00000000","21,347738",GASC18
Juros,15/09/2034,2010,127,-,"39,136718","0,00000000","21,031989",GASC18
Juros,15/03/2035,2131,121,-,"37,255567","0,00000000","19,286402",GASC18
Juros,17/09/2035,2259,128,-,"39,450556","0,00000000","19,630799",GASC18
Juros|Amortização,17/03/2036,2381,122,-,"37,568869","528,95728","271,478051",GASC18
Juros,15/09/2036,2507,126,-,"19,411484","0,00000000","8,946778",GASC18
Juros|Amortização,16/03/2037,2632,125,-,"19,254654","528,95728","243,099344",GASC18
Juros,15/10/2026,25,126,-,"36,190013","0,00000000","35,906894",GASC23
Juros,15/04/2027,148,123,-,"35,31658","0,00000000","33,712128",GASC23
Juros,15/10/2027,275,127,-,"36,481286","0,00000000","33,461881",GASC23
Juros,17/04/2028,401,126,-,"36,190013","0,00000000","31,906419",GASC23
Juros,16/10/2028,526,125,-,"35,898805","0,00000000","30,430905",GASC23
Juros,16/04/2029,648,122,-,"35,025565","0,00000000","28,574253",GASC23
Juros,15/10/2029,774,126,-,"36,190013","0,00000000","28,37838",GASC23
Juros,15/04/2030,897,123,-,"35,31658","0,00000000","26,643785",GASC23
Juros,15/10/2030,1025,128,-,"36,772623","0,00000000","26,648829",GASC23
Juros,15/04/2031,1148,123,-,"35,31658","0,00000000","24,623546",GASC23
Juros,15/10/2031,1276,128,-,"36,772623","0,00000000","24,628208",GASC23
Juros,15/04/2032,1401,125,-,"35,898805","0,00000000","23,117121",GASC23
Juros,15/10/2032,1528,127,-,"36,481286","0,00000000","22,573379",GASC23
Juros,18/04/2033,1654,126,-,"36,190013","0,00000000","21,524065",GASC23
Juros|Amortização,17/10/2033,1780,126,-,"36,190013","1.281,39465","753,222364",GASC23
Juros,15/12/2026,66,127,-,"30,662814","0,00000000","30,098423",RIPR22
Juros,15/06/2027,189,123,-,"29,686354","0,00000000","28,148307",RIPR22
Juros,15/12/2027,316,127,-,"30,662814","0,00000000","28,053182",RIPR22
Juros,16/06/2028,442,126,-,"30,418634","0,00000000","26,860048",RIPR22
Juros,15/12/2028,567,125,-,"30,174497","0,00000000","25,723278",RIPR22
Juros|Amortização,15/06/2029,690,123,-,"29,686354","443,204033","389,413017",RIPR22
Juros,17/12/2029,816,126,-,"20,279099","0,00000000","16,117422",RIPR22
Juros|Amortização,17/06/2030,940,124,-,"19,953612","443,204698","355,482183",RIPR22
Juros,16/12/2030,1067,127,-,"10,220943","0,00000000","7,56927",RIPR22
Juros|Amortização,16/06/2031,1189,122,-,"9,814121","443,204698","324,164361",RIPR22
-,15/06/2027,189,536,-,"0,00000000","0,00000000","0,00000000",RALM21
Juros|Amortização,15/12/2027,316,127,-,"47,877889","6,182652","48,69274",RALM21
Juros|Amortização,16/06/2028,442,126,-,"47,256281","15,456859","54,179301",RALM21
Juros|Amortização,15/12/2028,567,125,-,"46,285295","15,457057","51,179114",RALM21
Juros|Amortização,15/06/2029,690,123,-,"44,951734","19,165754","51,027968",RALM21
Juros|Amortização,17/12/2029,816,126,-,"45,332777","19,166374","49,235324",RALM21
Juros|Amortização,17/06/2030,940,124,-,"43,875527","19,784013","46,640668",RALM21
Juros|Amortização,16/12/2030,1067,127,-,"44,191297","19,784743","44,943399",RALM21
Juros|Amortização,16/06/2031,1189,122,-,"41,684208","20,71135","42,098648",RALM21
Juros|Amortização,15/12/2031,1318,129,-,"43,307575","20,711959","41,389181",RALM21
Juros|Amortização,15/06/2032,1442,124,-,"40,815012","21,948909","38,946",RALM21
Juros|Amortização,15/12/2032,1569,127,-,"40,971497","21,948371","37,435867",RALM21
Juros|Amortização,15/06/2033,1695,126,-,"39,799758","23,494044","36,120379",RALM21
Juros|Amortização,15/12/2033,1821,126,-,"38,897378","23,494054","34,151288",RALM21
Juros|Amortização,15/06/2034,1945,124,-,"37,38065","25,040235","32,793708",RALM21
Juros|Amortização,15/12/2034,2071,126,-,"37,03323","25,039861","31,279154",RALM21
Juros|Amortização,15/06/2035,2194,123,-,"35,196739","26,894273","30,040181",RALM21
Juros|Amortização,17/12/2035,2320,126,-,"35,038499","26,894953","28,740222",RALM21
Juros|Amortização,16/06/2036,2442,122,-,"32,90614","28,440259","27,341341",RALM21
Juros|Amortização,15/12/2036,2571,129,-,"33,712","28,440144","26,542798",RALM21
Juros|Amortização,15/06/2037,2693,122,-,"30,792057","29,676789","24,802084",RALM21
Juros|Amortização,15/12/2037,2820,127,-,"30,929083","29,676937","23,835242",RALM21
Juros|Amortização,15/06/2038,2944,124,-,"29,063416","29,676529","22,172558",RALM21
Juros|Amortização,15/12/2038,3070,126,-,"28,401229","29,67686","21,027401",RALM21
Juros|Amortização,15/06/2039,3195,125,-,"27,040943","30,603755","20,024764",RALM21
Juros|Amortização,15/12/2039,3322,127,-,"26,296906","30,603797","18,952782",RALM21
Juros|Amortização,15/06/2040,3448,126,-,"24,91046","32,149765","18,229713",RALM21
Juros|Amortização,17/12/2040,3574,126,-,"23,675624","32,149489","17,106729",RALM21
Juros|Amortização,17/06/2041,3698,124,-,"22,077949","34,004557","16,494655",RALM21
Juros|Amortização,16/12/2041,3825,127,-,"21,305663","34,004729","15,598034",RALM21
Juros|Amortização,16/06/2042,3947,122,-,"19,187604","32,149556","13,904676",RALM21
Juros|Amortização,15/12/2042,4076,129,-,"19,045117","32,149688","13,286628",RALM21
Juros|Amortização,15/06/2043,4198,122,-,"16,797783","33,695294","12,585968",RALM21
Juros|Amortização,15/12/2043,4325,127,-,"16,194713","33,69561","11,923903",RALM21
Juros|Amortização,15/06/2044,4450,125,-,"14,651135","35,241194","11,441175",RALM21
Juros|Amortização,15/12/2044,4576,126,-,"13,416992","35,241155","10,702455",RALM21
Juros|Amortização,15/06/2045,4700,124,-,"11,868363","36,786807","10,271534",RALM21
Juros|Amortização,15/12/2045,4826,126,-,"10,650479","36,78668","9,605412",RALM21
Juros|Amortização,15/06/2046,4949,123,-,"9,013532","38,332477","9,204557",RALM21
Juros|Amortização,17/12/2046,5075,126,-,"7,765236","38,332396","8,595857",RALM21
Juros|Amortização,17/06/2047,5198,123,-,"6,140327","40,187303","8,294168",RALM21
Juros|Amortização,16/12/2047,5326,128,-,"4,826222","40,187307","7,72466",RALM21
Juros|Amortização,15/06/2048,5448,122,-,"3,102193","41,732974","7,389601",RALM21
Juros|Amortização,15/12/2048,5575,127,-,"1,615881","41,732974","6,850577",RALM21
Juros,16/11/2026,46,127,-,"36,011191","0,00000000","35,54742",AESLA9
Juros,17/05/2027,169,123,-,"34,85835","0,00000000","33,237238",AESLA9
Juros,16/11/2027,295,126,-,"35,722866","0,00000000","32,873411",AESLA9
Juros,15/05/2028,419,124,-,"35,146445","0,00000000","31,232374",AESLA9
Juros,16/11/2028,547,128,-,"36,299594","0,00000000","31,114367",AESLA9
Juros,15/05/2029,668,121,-,"34,282388","0,00000000","28,400274",AESLA9
Juros,16/11/2029,796,128,-,"36,299594","0,00000000","29,006067",AESLA9
Juros,15/05/2030,917,121,-,"34,282388","0,00000000","26,475879",AESLA9
Juros,18/11/2030,1048,131,-,"37,165259","0,00000000","27,662089",AESLA9
Juros,15/05/2031,1168,120,-,"33,994522","0,00000000","24,460841",AESLA9
Juros,17/11/2031,1299,131,-,"37,165259","0,00000000","25,773184",AESLA9
Juros,17/05/2032,1422,123,-,"34,85835","0,00000000","23,349912",AESLA9
Juros,16/11/2032,1548,126,-,"35,722866","0,00000000","23,094314",AESLA9
Juros|Amortização,16/05/2033,1673,125,-,"35,434617","209,856942","153,089053",AESLA9
Juros|Amortização,16/11/2033,1800,127,-,"28,808953","209,856942","143,717577",AESLA9
Juros|Amortização,15/05/2034,1923,123,-,"20,91501","209,856732","134,230019",AESLA9
Juros|Amortização,16/11/2034,2051,128,-,"14,519844","209,857046","125,886963",AESLA9
Juros|Amortização,15/05/2035,2172,121,-,"6,85648","209,857046","117,511646",AESLA9
Juros,15/09/2026,4,128,-,"33,351404","0,00000000","33,313807",AESLC2
Juros,15/03/2027,126,122,-,"31,764024","0,00000000","30,655285",AESLC2
Juros,15/09/2027,254,128,-,"33,351404","0,00000000","31,046231",AESLC2
Juros,15/03/2028,379,125,-,"32,557416","0,00000000","29,257486",AESLC2
Juros,15/09/2028,506,127,-,"33,086675","0,00000000","28,687162",AESLC2
Juros,15/03/2029,627,121,-,"31,499693","0,00000000","26,395078",AESLC2
Juros,17/09/2029,755,128,-,"33,351404","0,00000000","26,956014",AESLC2
Juros,15/03/2030,876,121,-,"31,499693","0,00000000","24,605377",AESLC2
Juros,16/09/2030,1004,128,-,"33,351404","0,00000000","25,128279",AESLC2
Juros,17/03/2031,1128,124,-,"32,292886","0,00000000","23,494719",AESLC2
Juros,15/09/2031,1254,126,-,"32,822011","0,00000000","23,046153",AESLC2
Juros,15/03/2032,1379,125,-,"32,557416","0,00000000","22,068636",AESLC2
Juros,15/09/2032,1507,128,-,"33,351404","0,00000000","21,805428",AESLC2
Juros|Amortização,15/03/2033,1631,124,-,"32,292886","1.022,29837","665,808656",AESLC2
Juros|Amortização,15/10/2026,25,126,-,"38,211453","47,402863","85,012063",RDVE11
Juros|Amortização,15/04/2027,148,123,-,"35,685496","40,876947","73,428737",RDVE11
Juros|Amortização,15/10/2027,275,127,-,"35,439784","40,876016","70,613918",RDVE11
Juros|Amortização,17/04/2028,401,126,-,"33,741173","44,65513","70,003482",RDVE11
Juros|Amortização,16/10/2028,526,125,-,"31,935735","44,655119","66,019437",RDVE11
Juros|Amortização,16/04/2029,648,122,-,"29,660881","45,685193","62,747189",RDVE11
Juros|Amortização,15/10/2029,774,126,-,"29,068776","45,685777","60,078558",RDVE11
Juros|Amortização,15/04/2030,897,123,-,"26,822129","44,654738","55,483452",RDVE11
Juros|Amortização,15/10/2030,1025,128,-,"26,360889","44,654776","53,16858",RDVE11
Juros|Amortização,15/04/2031,1148,123,-,"23,805818","44,655192","49,506283",RDVE11
Juros|Amortização,15/10/2031,1276,128,-,"23,219816","44,655143","47,34014",RDVE11
Juros|Amortização,15/04/2032,1401,125,-,"21,133259","44,655275","44,293603",RDVE11
Juros|Amortização,15/10/2032,1528,127,-,"19,919157","44,655031","41,94453",RDVE11
Juros|Amortização,18/04/2033,1654,126,-,"18,214052","43,968084","38,978958",RDVE11
Juros|Amortização,17/10/2033,1780,126,-,"16,692249","43,967991","36,695847",RDVE11
Juros|Amortização,17/04/2034,1905,125,-,"15,048007","47,059643","36,268428",RDVE11
Juros|Amortização,16/10/2034,2030,125,-,"13,432347","47,05955","34,099788",RDVE11
Juros|Amortização,16/04/2035,2152,122,-,"11,528394","50,151172","33,591897",RDVE11
Juros|Amortização,15/10/2035,2278,126,-,"10,177034","50,151079","31,707439",RDVE11
Juros|Amortização,15/04/2036,2401,123,-,"8,236891","52,89889","31,03509",RDVE11
Juros|Amortização,15/10/2036,2529,128,-,"6,717067","52,898936","29,189277",RDVE11
Juros|Amortização,15/04/2037,2653,124,-,"4,702264","39,159023","20,736494",RDVE11
Juros|Amortização,15/10/2037,2779,126,-,"3,424051","39,159006","19,428488",RDVE11
Juros|Amortização,15/04/2038,2903,124,-,"2,035309","59,769096","27,227958",RDVE11
Juros,15/02/2027,106,122,-,"47,62323","0,00000000","45,972641",QMCT14
Juros,16/08/2027,233,127,-,"49,620714","0,00000000","45,918665",QMCT14
Juros,15/02/2028,360,127,-,"49,620714","0,00000000","44,018464",QMCT14
Juros,15/08/2028,484,124,-,"48,421785","0,00000000","41,218471",QMCT14
Juros,15/02/2029,607,123,-,"48,022434","0,00000000","39,239095",QMCT14
Juros|Amortização,15/08/2029,733,126,-,"49,220925","41,416495","71,018665",QMCT14
Juros|Amortização,15/02/2030,858,125,-,"46,883077","40,8953","65,976185",QMCT14
Juros|Amortização,15/08/2030,982,124,-,"44,601286","59,985734","75,432178",QMCT14
Juros|Amortização,17/02/2031,1110,128,-,"43,19783","58,421396","70,235367",QMCT14
Juros|Amortização,15/08/2031,1233,123,-,"38,782909","71,148937","72,933528",QMCT14
Juros|Amortização,16/02/2032,1359,126,-,"36,393933","69,688541","67,4897",QMCT14
Juros|Amortização,16/08/2032,1486,127,-,"33,374857","82,415853","70,617642",QMCT14
Juros|Amortização,15/02/2033,1613,127,-,"29,454813","83,041497","65,769329",QMCT14
Juros|Amortização,15/08/2033,1737,124,-,"24,888763","95,560282","67,572144",QMCT14
Juros|Amortização,15/02/2034,1865,128,-,"21,128696","97,125125","63,574161",QMCT14
Juros|Amortização,15/08/2034,1988,123,-,"15,813771","109,748548","64,796046",QMCT14
Juros|Amortização,15/02/2035,2111,123,-,"10,761809","112,460664","61,038356",QMCT14
Juros|Amortização,15/08/2035,2237,126,-,"5,724386","121,32828","60,35133",QMCT14
Juros,15/02/2027,106,122,-,"42,001219","0,00000000","40,715827",PEJA11
Juros|Amortização,16/08/2027,233,127,-,"43,75378","198,798167","226,533924",PEJA11
Juros,15/02/2028,360,127,-,"36,461468","0,00000000","32,808754",PEJA11
Juros|Amortização,15/08/2028,484,124,-,"35,584939","198,79769","203,371535",PEJA11
Juros,15/02/2029,607,123,-,"28,234343","0,00000000","23,630827",PEJA11
Juros|Amortização,15/08/2029,733,126,-,"28,935366","198,79769","183,688417",PEJA11
Juros,15/02/2030,858,125,-,"21,52622","0,00000000","16,738066",PEJA11
Juros|Amortização,15/08/2030,982,124,-,"21,350963","198,797491","165,067773",PEJA11
Juros,17/02/2031,1110,128,-,"14,701531","0,00000000","10,617175",PEJA11
Juros|Amortização,15/08/2031,1233,123,-,"14,117178","198,797789","148,316376",PEJA11
Juros,16/02/2032,1359,126,-,"7,233845","0,00000000","4,856311",PEJA11
Juros|Amortização,16/08/2032,1486,127,-,"7,292296","198,79779","133,297372",PEJA11
Juros,15/10/2026,25,126,-,"35,635757","0,00000000","35,368031",PEJA23
Juros,15/04/2027,148,123,-,"34,774161","0,00000000","33,255851",PEJA23
Juros,15/10/2027,275,127,-,"35,923098","0,00000000","33,063414",PEJA23
Juros,17/04/2028,401,126,-,"35,635757","0,00000000","31,57573",PEJA23
Juros,16/10/2028,526,125,-,"35,348487","0,00000000","30,162182",PEJA23
Juros,16/04/2029,648,122,-,"34,487106","0,00000000","28,363916",PEJA23
Juros,15/10/2029,774,126,-,"35,635757","0,00000000","28,215577",PEJA23
Juros,15/04/2030,897,123,-,"34,774161","0,00000000","26,530542",PEJA23
Juros,15/10/2030,1025,128,-,"36,210513","0,00000000","26,58004",PEJA23
Juros,15/04/2031,1148,123,-,"34,774161","0,00000000","24,59598",PEJA23
Juros,15/10/2031,1276,128,-,"36,210513","0,00000000","24,641869",PEJA23
Juros|Amortização,15/04/2032,1401,125,-,"35,348487","370,768694","266,142876",PEJA23
Juros,15/10/2032,1528,127,-,"23,948708","0,00000000","15,104559",PEJA23
Juros|Amortização,18/04/2033,1654,126,-,"23,757147","370,767582","239,548644",PEJA23
Juros,17/10/2033,1780,126,-,"11,878573","0,00000000","6,943481",PEJA23
Juros|Amortização,17/04/2034,1905,125,-,"11,782817","370,767582","215,340719",PEJA23
Juros,15/02/2027,106,122,-,"34,461399","0,00000000","33,39916",PEJA22
Juros,16/08/2027,233,127,-,"35,896173","0,00000000","33,508858",PEJA22
Juros,15/02/2028,360,127,-,"35,896173","0,00000000","32,275164",PEJA22
Juros,15/08/2028,484,124,-,"35,035094","0,00000000","30,368075",PEJA22
Juros,15/02/2029,607,123,-,"34,748211","0,00000000","29,044799",PEJA22
Juros,15/08/2029,733,126,-,"35,609074","0,00000000","28,677",PEJA22
Juros,15/02/2030,858,125,-,"35,322047","0,00000000","27,41475",PEJA22
Juros,15/08/2030,982,124,-,"35,035094","0,00000000","26,214126",PEJA22
Juros,17/02/2031,1110,128,-,"36,183341","0,00000000","26,068816",PEJA22
Juros,15/08/2031,1233,123,-,"34,748211","0,00000000","24,141655",PEJA22
Juros|Amortização,16/02/2032,1359,126,-,"35,609074","372,972995","273,496023",PEJA22
Juros,16/08/2032,1486,127,-,"23,930757","0,00000000","15,428971",PEJA22
Juros|Amortização,15/02/2033,1613,127,-,"23,930757","372,971877","246,475277",PEJA22
Juros,15/08/2033,1737,124,-,"11,678352","0,00000000","6,991407",PEJA22
Juros|Amortização,15/02/2034,1865,128,-,"12,061101","372,971877","221,953264",PEJA22
Juros,15/09/2026,4,126,-,"26,072696","0,00000000","26,046067",PETR17
Juros,15/03/2027,126,122,-,"25,237884","0,00000000","24,438454",PETR17
Juros,15/09/2027,254,128,-,"26,490274","0,00000000","24,825965",PETR17
Juros,15/03/2028,379,125,-,"25,863949","0,00000000","23,477198",PETR17
Juros,15/09/2028,506,127,-,"26,28147","0,00000000","23,094625",PETR17
Juros,15/03/2029,627,121,-,"25,029256","0,00000000","21,324788",PETR17
Juros|Amortização,17/09/2029,755,128,-,"26,490274","1.461,4042","1.226,896217",PETR17
Juros,15/01/2027,87,126,-,"31,183583","0,00000000","30,499349",PETR26
Juros,15/07/2027,211,124,-,"30,683558","0,00000000","29,076157",PETR26
Juros,17/01/2028,339,128,-,"31,683774","0,00000000","29,059753",PETR26
Juros,17/07/2028,463,124,-,"30,683558","0,00000000","27,266378",PETR26
Juros|Amortização,15/01/2029,586,123,-,"30,433607","1.493,81622","1.312,669458",PETR26
Juros|Amortização,16/11/2026,46,127,-,"37,471737","50,255061","86,499071",HZTC14
Juros|Amortização,17/05/2027,169,123,-,"34,642356","50,255038","80,613347",HZTC14
Juros|Amortização,16/11/2027,295,126,-,"33,830533","50,25513","76,819025",HZTC14
Juros|Amortização,15/05/2028,419,124,-,"31,641147","50,254776","72,029349",HZTC14
Juros|Amortização,16/11/2028,547,128,-,"30,981278","50,255268","68,701588",HZTC14
Juros|Amortização,15/05/2029,668,121,-,"27,656939","50,254791","63,491813",HZTC14
Juros|Amortização,16/11/2029,796,128,-,"27,586057","62,818443","70,839102",HZTC14
Juros|Amortização,15/05/2030,917,121,-,"24,049515","62,818259","65,590546",HZTC14
Juros|Amortização,18/11/2030,1048,131,-,"23,898491","62,81847","62,900709",HZTC14
Juros|Amortização,15/05/2031,1168,120,-,"19,873048","62,81854","57,815653",HZTC14
Juros|Amortização,17/11/2031,1299,131,-,"19,553314","62,818477","55,32629",HZTC14
Juros|Amortização,17/05/2032,1422,123,-,"16,30228","62,818547","51,17729",HZTC14
Juros|Amortização,16/11/2032,1548,126,-,"14,61813","62,818485","48,191126",HZTC14
Juros|Amortização,16/05/2033,1673,125,-,"12,428762","62,818684","45,069193",HZTC14
Juros|Amortização,16/11/2033,1800,127,-,"10,525761","62,818533","42,252804",HZTC14
Juros|Amortização,15/05/2034,1923,123,-,"8,151138","62,818533","39,37272",HZTC14
Juros|Amortização,16/11/2034,2051,128,-,"6,366015","62,81847","36,906211",HZTC14
Juros|Amortização,15/05/2035,2172,121,-,"4,008255","62,818566","34,351136",HZTC14
Juros|Amortização,16/11/2035,2300,128,-,"2,122005","62,818566","32,097745",HZTC14
Juros,16/11/2026,46,127,-,"36,513529","0,00000000","36,059276",OMGE41
Juros|Amortização,17/05/2027,169,123,-,"35,34975","1.466,79035","1.434,617472",OMGE41
Juros,15/09/2026,4,126,-,"30,808051","0,00000000","30,769184",OMGE12
Juros,15/03/2027,126,122,-,"29,819864","0,00000000","28,657344",OMGE12
Juros,15/09/2027,254,128,-,"31,302396","0,00000000","28,891097",OMGE12
Juros,15/03/2028,379,125,-,"30,560941","0,00000000","27,115681",OMGE12
Juros|Amortização,15/09/2028,506,127,-,"31,055202","1.426,15521","1.242,136423",OMGE12
Juros,15/09/2026,4,129,-,"32,590662","0,00000000","32,5552",NTSDA1
Juros,15/03/2027,126,122,-,"30,79582","0,00000000","29,757624",NTSDA1
Juros,15/09/2027,254,128,-,"32,334069","0,00000000","30,17428",NTSDA1
Juros,15/03/2028,379,125,-,"31,564665","0,00000000","28,47098",NTSDA1
Juros,15/09/2028,506,127,-,"32,077539","0,00000000","27,950563",NTSDA1
Juros,15/03/2029,627,121,-,"30,539664","0,00000000","25,74846",NTSDA1
Juros,17/09/2029,755,128,-,"32,334069","0,00000000","26,327974",NTSDA1
Juros,15/03/2030,876,121,-,"30,539664","0,00000000","24,061286",NTSDA1
Juros,16/09/2030,1004,128,-,"32,334069","0,00000000","24,602827",NTSDA1
Juros,17/03/2031,1128,124,-,"31,308321","0,00000000","23,03177",NTSDA1
Juros,15/09/2031,1254,126,-,"31,821071","0,00000000","22,619803",NTSDA1
Juros,15/03/2032,1379,125,-,"31,564665","0,00000000","21,68702",NTSDA1
Juros,15/09/2032,1507,128,-,"32,334069","0,00000000","21,455031",NTSDA1
Juros,15/03/2033,1631,124,-,"31,308321","0,00000000","20,084982",NTSDA1
Juros,15/09/2033,1759,128,-,"32,334069","0,00000000","20,03282",NTSDA1
Juros,15/03/2034,1883,124,-,"31,308321","0,00000000","18,753589",NTSDA1
Juros,15/09/2034,2010,127,-,"32,077539","0,00000000","18,561537",NTSDA1
Juros,15/03/2035,2131,121,-,"30,539664","0,00000000","17,099155",NTSDA1
Juros,17/09/2035,2259,128,-,"32,334069","0,00000000","17,484001",NTSDA1
Juros,17/03/2036,2381,122,-,"30,79582","0,00000000","16,108368",NTSDA1
Juros,15/09/2036,2507,126,-,"31,821071","0,00000000","16,083517",NTSDA1
Juros,16/03/2037,2632,125,-,"31,564665","0,00000000","15,420275",NTSDA1
Juros,15/09/2037,2758,126,-,"31,821071","0,00000000","15,021462",NTSDA1
Juros,15/03/2038,2880,122,-,"30,79582","0,00000000","14,062692",NTSDA1
Juros,15/09/2038,3008,128,-,"32,334069","0,00000000","14,259593",NTSDA1
Juros|Amortização,15/03/2039,3132,124,-,"31,308321","340,897855","158,698655",NTSDA1
Juros,15/09/2039,3260,128,-,"21,556056","0,00000000","8,87624",NTSDA1
Juros|Amortização,15/03/2040,3385,125,-,"21,04312","340,898367","144,053163",NTSDA1
Juros,17/09/2040,3513,128,-,"10,778027","0,00000000","4,142798",NTSDA1
Juros|Amortização,15/03/2041,3634,121,-,"10,179892","340,898367","130,573768",NTSDA1
Juros,15/01/2027,87,126,-,"34,48749","0,00000000","33,681857",NTSD19
Juros,15/07/2027,211,124,-,"33,931255","0,00000000","32,040773",NTSD19
Juros,17/01/2028,339,128,-,"35,044011","0,00000000","31,960496",NTSD19
Juros,17/07/2028,463,124,-,"33,931255","0,00000000","29,92046",NTSD19
Juros,15/01/2029,586,123,-,"33,653245","0,00000000","28,700001",NTSD19
Juros,16/07/2029,711,125,-,"34,209336","0,00000000","28,200073",NTSD19
Juros,15/01/2030,835,124,-,"33,931255","0,00000000","27,0442",NTSD19
Juros,15/07/2030,959,124,-,"33,931255","0,00000000","26,148258",NTSD19
Juros,15/01/2031,1087,128,-,"35,044011","0,00000000","26,082745",NTSD19
Juros,15/07/2031,1210,123,-,"33,653245","0,00000000","24,224402",NTSD19
Juros,15/01/2032,1339,129,-,"35,322381","0,00000000","24,550183",NTSD19
Juros,15/07/2032,1464,125,-,"34,209336","0,00000000","22,982647",NTSD19
Juros,17/01/2033,1592,128,-,"35,044011","0,00000000","22,738712",NTSD19
Juros,15/07/2033,1716,124,-,"33,931255","0,00000000","21,287301",NTSD19
Juros,16/01/2034,1843,127,-,"34,765714","0,00000000","21,071064",NTSD19
Juros,17/07/2034,1967,124,-,"33,931255","0,00000000","19,884005",NTSD19
Juros,15/01/2035,2090,123,-,"33,653245","0,00000000","19,072934",NTSD19
Juros,16/07/2035,2215,125,-,"34,209336","0,00000000","18,740702",NTSD19
Juros,15/01/2036,2339,124,-,"33,931255","0,00000000","17,972552",NTSD19
Juros,15/07/2036,2463,124,-,"33,931255","0,00000000","17,377143",NTSD19
Juros,15/01/2037,2592,129,-,"35,322381","0,00000000","17,466548",NTSD19
Juros,15/07/2037,2715,123,-,"33,653245","0,00000000","16,094248",NTSD19
Juros,15/01/2038,2841,126,-,"34,48749","0,00000000","15,938152",NTSD19
Juros|Amortização,15/07/2038,2965,124,-,"33,931255","347,440882","170,409565",NTSD19
Juros,17/01/2039,3093,128,-,"23,362685","0,00000000","10,082411",NTSD19
Juros|Amortização,15/07/2039,3217,124,-,"22,620847","347,441403","154,413429",NTSD19
Juros,16/01/2040,3344,127,-,"11,588576","0,00000000","4,671485",NTSD19
Juros|Amortização,16/07/2040,3469,125,-,"11,403117","347,441403","139,82405",NTSD19
Juros|Amortização,15/06/2027,189,250,-,"39,025295","133,188744","163,012138",NEOE26
Juros|Amortização,16/06/2028,442,253,-,"33,860048","133,189166","146,916813",NEOE26
Juros|Amortização,15/06/2029,690,248,-,"27,647635","133,188847","131,618888",NEOE26
Juros|Amortização,17/06/2030,940,250,-,"22,300162","133,188847","118,328012",NEOE26
Juros|Amortização,16/06/2031,1189,249,-,"16,656846","133,188715","106,074785",NEOE26
Juros|Amortização,15/06/2032,1442,253,-,"11,286682","133,188914","95,025124",NEOE26
Juros|Amortização,15/06/2033,1695,253,-,"5,64334","133,188915","84,841824",NEOE26
Juros|Amortização,15/12/2026,66,127,-,"39,003673","47,947206","85,277574",NMCH11
Juros|Amortização,15/06/2027,189,123,-,"36,245825","47,947589","79,636378",NMCH11
Juros|Amortização,15/12/2027,316,127,-,"35,883367","47,946901","76,38275",NMCH11
Juros|Amortização,16/06/2028,442,126,-,"34,048653","47,947682","71,990933",NMCH11
Juros|Amortização,15/12/2028,567,125,-,"32,238941","47,947131","67,857692",NMCH11
Juros|Amortização,15/06/2029,690,123,-,"30,204839","47,947182","63,784166",NMCH11
Juros|Amortização,17/12/2029,816,126,-,"29,405643","47,947565","60,833096",NMCH11
Juros|Amortização,17/06/2030,940,124,-,"27,408826","47,947544","57,138155",NMCH11
Juros|Amortização,16/12/2030,1067,127,-,"26,52246","47,947522","54,393693",NMCH11
Juros|Amortização,16/06/2031,1189,122,-,"23,964346","47,947114","50,671737",NMCH11
Juros|Amortização,15/12/2031,1318,129,-,"23,776723","47,947354","48,656176",NMCH11
Juros|Amortização,15/06/2032,1442,124,-,"21,317947","47,947385","45,303691",NMCH11
Juros|Amortização,15/12/2032,1569,127,-,"20,281854","47,947027","42,987973",NMCH11
Juros|Amortização,15/06/2033,1695,126,-,"18,571945","47,946887","40,384272",NMCH11
Juros|Amortização,15/12/2033,1821,126,-,"17,024288","47,947049","38,008293",NMCH11
Juros|Amortização,15/06/2034,1945,124,-,"15,227106","47,947101","35,632067",NMCH11
Juros|Amortização,15/12/2034,2071,126,-,"13,928964","47,947053","33,628887",NMCH11
Juros|Amortização,15/06/2035,2194,123,-,"12,081916","47,947108","31,464725",NMCH11
Juros|Amortização,17/12/2035,2320,126,-,"10,83364","47,94706","29,688369",NMCH11
Juros|Amortização,16/06/2036,2442,122,-,"8,98663","47,947211","27,741021",NMCH11
Juros|Amortização,15/12/2036,2571,129,-,"7,925571","47,947097","26,209377",NMCH11
Juros|Amortização,15/06/2037,2693,122,-,"5,991083","47,947097","24,409223",NMCH11
Juros|Amortização,15/12/2037,2820,127,-,"4,680429","47,947049","22,942001",NMCH11
Juros|Amortização,15/06/2038,2944,124,-,"3,045422","47,947121","21,432363",NMCH11
Juros|Amortização,15/12/2038,3070,126,-,"1,547663","47,947121","20,045262",NMCH11
Juros,15/09/2026,4,126,-,"35,260675","0,00000000","35,221054",MRSAB2
Juros,15/03/2027,126,122,-,"34,124009","0,00000000","32,936667",MRSAB2
Juros,15/09/2027,254,128,-,"35,829437","0,00000000","33,360693",MRSAB2
Juros,15/03/2028,379,125,-,"34,976401","0,00000000","31,442124",MRSAB2
Juros,15/09/2028,506,127,-,"35,54502","0,00000000","30,832807",MRSAB2
Juros,15/03/2029,627,121,-,"33,840021","0,00000000","28,372321",MRSAB2
Juros,17/09/2029,755,128,-,"35,829437","0,00000000","28,978753",MRSAB2
Juros,15/03/2030,876,121,-,"33,840021","0,00000000","26,454544",MRSAB2
Juros,16/09/2030,1004,128,-,"35,829437","0,00000000","27,019986",MRSAB2
Juros,17/03/2031,1128,124,-,"34,692199","0,00000000","25,266245",MRSAB2
Juros,15/09/2031,1254,126,-,"35,260675","0,00000000","24,786722",MRSAB2
Juros,15/03/2032,1379,125,-,"34,976401","0,00000000","23,738063",MRSAB2
Juros,15/09/2032,1507,128,-,"35,829437","0,00000000","23,45771",MRSAB2
Juros,15/03/2033,1631,124,-,"34,692199","0,00000000","21,93518",MRSAB2
Juros,15/09/2033,1759,128,-,"35,829437","0,00000000","21,853693",MRSAB2
Juros,15/03/2034,1883,124,-,"34,692199","0,00000000","20,435272",MRSAB2
Juros|Amortização,15/09/2034,2010,127,-,"35,54502","364,593778","227,434743",MRSAB2
Juros,15/03/2035,2131,121,-,"22,560024","0,00000000","12,394118",MRSAB2
Juros|Amortização,17/09/2035,2259,128,-,"23,886302","364,594325","205,883209",MRSAB2
Juros,17/03/2036,2381,122,-,"11,374674","0,00000000","5,825033",MRSAB2
Juros|Amortização,15/09/2036,2507,126,-,"11,753563","364,594325","186,023808",MRSAB2
Juros,15/09/2026,4,126,-,"35,612712","0,00000000","35,572661",MRSAB1
Juros,15/03/2027,126,122,-,"34,465238","0,00000000","33,265",MRSAB1
Juros,15/09/2027,254,128,-,"36,186869","0,00000000","33,691409",MRSAB1
Juros,15/03/2028,379,125,-,"35,325739","0,00000000","31,753226",MRSAB1
Juros,15/09/2028,506,127,-,"35,899757","0,00000000","31,136672",MRSAB1
Juros,15/03/2029,627,121,-,"34,178543","0,00000000","28,651763",MRSAB1
Juros,17/09/2029,755,128,-,"36,186869","0,00000000","29,262452",MRSAB1
Juros,15/03/2030,876,121,-,"34,178543","0,00000000","26,713474",MRSAB1
Juros,16/09/2030,1004,128,-,"36,186869","0,00000000","27,282851",MRSAB1
Juros,17/03/2031,1128,124,-,"35,038835","0,00000000","25,511677",MRSAB1
Juros,15/09/2031,1254,126,-,"35,612712","0,00000000","25,026531",MRSAB1
Juros,15/03/2032,1379,125,-,"35,325739","0,00000000","23,967089",MRSAB1
Juros,15/09/2032,1507,128,-,"36,186869","0,00000000","23,683013",MRSAB1
Juros,15/03/2033,1631,124,-,"35,038835","0,00000000","22,145537",MRSAB1
Juros|Amortização,15/09/2033,1759,128,-,"36,186869","380,090076","253,793696",MRSAB1
Juros,15/03/2034,1883,124,-,"23,359234","0,00000000","13,753323",MRSAB1
Juros|Amortização,15/09/2034,2010,127,-,"23,933183","380,090646","229,530361",MRSAB1
Juros,15/03/2035,2131,121,-,"11,392852","0,00000000","6,255798",MRSAB1
Juros|Amortização,17/09/2035,2259,128,-,"12,062295","380,090646","207,714909",MRSAB1
Juros,15/09/2026,4,126,-,"36,196949","0,00000000","36,156408",MRSAC1
Juros,15/03/2027,126,122,-,"35,030369","0,00000000","33,815381",MRSAC1
Juros,15/09/2027,254,128,-,"36,780673","0,00000000","34,254331",MRSAC1
Juros,15/03/2028,379,125,-,"35,905196","0,00000000","32,28824",MRSAC1
Juros,15/09/2028,506,127,-,"36,488776","0,00000000","31,666078",MRSAC1
Juros,15/03/2029,627,121,-,"34,738906","0,00000000","29,142651",MRSAC1
Juros,17/09/2029,755,128,-,"36,780673","0,00000000","29,768629",MRSAC1
Juros,15/03/2030,876,121,-,"34,738906","0,00000000","27,178985",MRSAC1
Juros,16/09/2030,1004,128,-,"36,780673","0,00000000","27,762783",MRSAC1
Juros,17/03/2031,1128,124,-,"35,613516","0,00000000","25,963971",MRSAC1
Juros,15/09/2031,1254,126,-,"36,196949","0,00000000","25,474039",MRSAC1
Juros,15/03/2032,1379,125,-,"35,905196","0,00000000","24,399133",MRSAC1
Juros,15/09/2032,1507,128,-,"36,780673","0,00000000","24,113653",MRSAC1
Juros,15/03/2033,1631,124,-,"35,613516","0,00000000","22,551275",MRSAC1
Juros,15/09/2033,1759,128,-,"36,780673","0,00000000","22,469953",MRSAC1
Juros,15/03/2034,1883,124,-,"35,613516","0,00000000","21,014075",MRSAC1
Juros,15/09/2034,2010,127,-,"36,488776","0,00000000","20,777947",MRSAC1
Juros,15/03/2035,2131,121,-,"34,738906","0,00000000","19,12218",MRSAC1
Juros,17/09/2035,2259,128,-,"36,780673","0,00000000","19,53292",MRSAC1
Juros,17/03/2036,2381,122,-,"35,030369","0,00000000","17,978294",MRSAC1
Juros|Amortização,15/09/2036,2507,126,-,"36,196949","380,090076","206,236836",MRSAC1
Juros,16/03/2037,2632,125,-,"23,936809","0,00000000","11,450669",MRSAC1
Juros|Amortização,15/09/2037,2758,126,-,"24,131311","380,090646","186,661219",MRSAC1
Juros,15/03/2038,2880,122,-,"11,676795","0,00000000","5,210916",MRSAC1
Juros|Amortização,15/09/2038,3008,128,-,"12,26023","380,090646","168,92399",MRSAC1
Juros,15/01/2027,87,126,-,"39,352417","0,00000000","38,396938",CCROB6
Juros,15/07/2027,211,124,-,"38,71814","0,00000000","36,477493",CCROB6
Juros|Amortização,17/01/2028,339,128,-,"39,987009","62,103186","92,766047",CCROB6
Juros,17/07/2028,463,124,-,"36,782232","0,00000000","32,272188",CCROB6
Juros|Amortização,15/01/2029,586,123,-,"36,481063","62,103682","83,542615",CCROB6
Juros,16/07/2029,711,125,-,"35,131699","0,00000000","28,738236",CCROB6
Juros|Amortização,15/01/2030,835,124,-,"34,84631","62,103654","76,576221",CCROB6
Juros,15/07/2030,959,124,-,"32,910388","0,00000000","25,099472",CCROB6
Juros|Amortização,15/01/2031,1087,128,-,"33,988925","62,103625","70,68314",CCROB6
Juros,15/07/2031,1210,123,-,"30,720852","0,00000000","21,82566",CCROB6
Juros|Amortização,15/01/2032,1339,129,-,"32,243492","99,364956","90,15498",CCROB6
Juros,15/07/2032,1464,125,-,"28,105332","0,00000000","18,584774",CCROB6
Juros|Amortização,17/01/2033,1592,128,-,"28,790606","99,364857","81,733522",CCROB6
Juros,15/07/2033,1716,124,-,"24,779577","0,00000000","15,259569",CCROB6
Juros|Amortização,16/01/2034,1843,127,-,"25,388558","264,931651","172,481648",CCROB6
Juros,17/07/2034,1967,124,-,"16,521014","0,00000000","9,477365",CCROB6
Juros|Amortização,15/01/2035,2090,123,-,"16,385741","264,994052","155,902063",CCROB6
Juros,16/07/2035,2215,125,-,"8,32816","0,00000000","4,454209",CCROB6
Juros|Amortização,15/01/2036,2339,124,-,"8,260507","264,994053","141,115366",CCROB6
Juros|Amortização,15/12/2026,66,127,-,"17,689312","278,165799","291,125142",CCROB4
Juros,15/06/2027,189,123,-,"11,417667","0,00000000","10,902692",CCROB4
Juros|Amortização,15/12/2027,316,127,-,"11,792881","278,166216","268,426039",CCROB4
Juros,16/06/2028,442,126,-,"5,849527","0,00000000","5,251051",CCROB4
Juros|Amortização,15/12/2028,567,125,-,"5,802621","278,166218","247,251996",CCROB4
Juros|Amortização,16/11/2026,46,127,-,"35,207557","19,51028","53,994567",MSGT23
Juros|Amortização,17/05/2027,169,123,-,"33,512725","6,292954","37,90653",MSGT23
Juros|Amortização,16/11/2027,295,126,-,"34,153857","1,258533","32,515857",MSGT23
Juros|Amortização,15/05/2028,419,124,-,"33,566761","0,377256","30,069446",MSGT23
Juros|Amortização,16/11/2028,547,128,-,"34,654391","2,768678","31,946354",MSGT23
Juros|Amortização,15/05/2029,668,121,-,"32,652731","3,775802","30,027743",MSGT23
Juros|Amortização,16/11/2029,796,128,-,"34,455338","5,034294","31,367782",MSGT23
Juros|Amortização,15/05/2030,917,121,-,"32,399632","5,663787","29,194942",MSGT23
Juros|Amortização,18/11/2030,1048,131,-,"34,942203","11,957433","34,634756",MSGT23
Juros|Amortização,15/05/2031,1168,120,-,"31,626103","10,698747","30,18998",MSGT23
Juros|Amortização,17/11/2031,1299,131,-,"34,236709","20,769088","37,776236",MSGT23
Juros|Amortização,17/05/2032,1422,123,-,"31,509018","18,880595","33,396357",MSGT23
Juros|Amortização,16/11/2032,1548,126,-,"31,723769","88,108605","76,577858",MSGT23
Juros|Amortização,16/05/2033,1673,125,-,"28,852175","88,109471","72,089019",MSGT23
Juros|Amortização,16/11/2033,1800,127,-,"26,66208","88,108929","68,187252",MSGT23
Juros|Amortização,15/05/2034,1923,123,-,"23,236521","88,108634","63,839601",MSGT23
Juros|Amortização,16/11/2034,2051,128,-,"21,515471","88,108963","60,568374",MSGT23
Juros|Amortização,15/05/2035,2172,121,-,"17,790886","88,10883","56,497919",MSGT23
Juros|Amortização,16/11/2035,2300,128,-,"16,155756","84,96259","51,986111",MSGT23
Juros|Amortização,15/05/2036,2421,121,-,"12,81884","84,962329","48,541333",MSGT23
Juros|Amortização,17/11/2036,2552,131,-,"11,248927","88,108939","47,489934",MSGT23
Juros|Amortização,15/05/2037,2673,121,-,"7,846797","88,109246","44,286438",MSGT23
Juros|Amortização,16/11/2037,2800,127,-,"5,583089","185,029117","84,79973",MSGT23
Juros|Amortização,15/10/2026,25,250,-,"60,895817","84,323684","144,176897",LTTE15
Juros|Amortização,15/10/2027,275,250,-,"56,638652","84,322997","130,220415",LTTE15
Juros|Amortização,16/10/2028,526,251,-,"52,596271","84,323393","117,659263",LTTE15
Juros|Amortização,15/10/2029,774,248,-,"47,729894","84,323929","105,649875",LTTE15
Juros|Amortização,15/10/2030,1025,251,-,"44,047035","91,655718","100,992439",LTTE15
Juros|Amortização,15/10/2031,1276,251,-,"39,400734","91,656311","90,7283",LTTE15
Juros|Amortização,15/10/2032,1528,252,-,"34,896331","91,656005","81,472228",LTTE15
Juros|Amortização,17/10/2033,1780,252,-,"30,231041","91,655885","72,971551",LTTE15
Juros|Amortização,16/10/2034,2030,250,-,"25,357816","93,122139","66,000724",LTTE15
Juros|Amortização,15/10/2035,2278,248,-,"20,48713","95,322202","60,062732",LTTE15
Juros|Amortização,15/10/2036,2529,251,-,"15,908971","101,188162","56,492395",LTTE15
Juros|Amortização,15/10/2037,2779,250,-,"10,735428","106,320851","52,546743",LTTE15
Juros|Amortização,15/10/2038,3029,250,-,"5,367714","106,320851","46,651667",LTTE15
Juros,15/02/2027,106,122,-,"31,632599","0,00000000","30,755922",KLBNA5
Juros,16/08/2027,233,127,-,"32,948306","0,00000000","30,974382",KLBNA5
Juros,15/02/2028,360,127,-,"32,948306","0,00000000","29,948724",KLBNA5
Juros,15/08/2028,484,124,-,"32,158698","0,00000000","28,285563",KLBNA5
Juros,15/02/2029,607,123,-,"31,895618","0,00000000","27,153992",KLBNA5
Juros,15/08/2029,733,126,-,"32,685042","0,00000000","26,911788",KLBNA5
Juros,15/02/2030,858,125,-,"32,421838","0,00000000","25,824809",KLBNA5
Juros,15/08/2030,982,124,-,"32,158698","0,00000000","24,786721",KLBNA5
Juros,17/02/2031,1110,128,-,"33,21163","0,00000000","24,744082",KLBNA5
Juros,15/08/2031,1233,123,-,"31,895618","0,00000000","23,001093",KLBNA5
Juros,16/02/2032,1359,126,-,"32,685042","0,00000000","22,795931",KLBNA5
Juros,16/08/2032,1486,127,-,"32,948306","0,00000000","22,218619",KLBNA5
Juros,15/02/2033,1613,127,-,"32,948306","0,00000000","21,482892",KLBNA5
Juros,15/08/2033,1737,124,-,"32,158698","0,00000000","20,289869",KLBNA5
Juros,15/02/2034,1865,128,-,"33,21163","0,00000000","20,254966",KLBNA5
Juros,15/08/2034,1988,123,-,"31,895618","0,00000000","18,828193",KLBNA5
Juros,15/02/2035,2111,123,-,"31,895618","0,00000000","18,224051",KLBNA5
Juros,15/08/2035,2237,126,-,"32,685042","0,00000000","18,061499",KLBNA5
Juros,15/02/2036,2362,125,-,"32,421838","0,00000000","17,331987",KLBNA5
Juros,15/08/2036,2486,124,-,"32,158698","0,00000000","16,635288",KLBNA5
Juros,18/02/2037,2614,128,-,"33,21163","0,00000000","16,606671",KLBNA5
Juros|Amortização,17/08/2037,2738,124,-,"32,158698","365,532904","192,424322",KLBNA5
Juros,15/02/2038,2862,124,-,"21,439142","0,00000000","10,037882",KLBNA5
Juros|Amortização,16/08/2038,2987,125,-,"21,61457","365,533452","175,354824",KLBNA5
Juros,15/02/2039,3114,127,-,"10,982773","0,00000000","4,809814",KLBNA5
Juros|Amortização,15/08/2039,3238,124,-,"10,719571","365,533452","159,447419",KLBNA5
Juros|Amortização,16/11/2026,46,127,-,"46,664327","7,513419","53,451668",ITPO14
Juros|Amortização,17/05/2027,169,123,-,"44,945615","18,783631","60,647218",ITPO14
Juros|Amortização,16/11/2027,295,126,-,"45,477112","18,784432","58,934944",ITPO14
Juros|Amortização,15/05/2028,419,124,-,"44,172179","56,351918","88,89888",ITPO14
Juros|Amortização,16/11/2028,547,128,-,"43,846508","56,351702","85,345558",ITPO14
Juros|Amortização,15/05/2029,668,121,-,"39,739001","56,352316","78,993552",ITPO14
Juros|Amortização,16/11/2029,796,128,-,"40,300972","56,351735","76,527296",ITPO14
Juros|Amortização,15/05/2030,917,121,-,"36,390213","75,136504","85,225156",ITPO14
Juros|Amortização,18/11/2030,1048,131,-,"37,02562","75,135555","82,479142",ITPO14
Juros|Amortização,15/05/2031,1168,120,-,"31,657469","75,136067","75,815931",ITPO14
Juros|Amortização,17/11/2031,1299,131,-,"32,185688","75,136177","73,31898",ITPO14
Juros|Amortização,17/05/2032,1422,123,-,"27,920781","75,136319","67,910651",ITPO14
Juros|Amortização,16/11/2032,1548,126,-,"26,28601","75,136491","64,408607",ITPO14
Juros|Amortização,16/05/2033,1673,125,-,"23,766755","75,135802","60,547207",ITPO14
Juros|Amortização,16/11/2033,1800,127,-,"21,807964","75,136209","57,178208",ITPO14
Juros|Amortização,15/05/2034,1923,123,-,"18,840845","75,136162","53,464094",ITPO14
Juros|Amortização,16/11/2034,2051,128,-,"17,254962","75,135945","50,624958",ITPO14
Juros|Amortização,15/05/2035,2172,121,-,"14,06493","75,136062","47,172802",ITPO14
Juros|Amortização,16/11/2035,2300,128,-,"12,527581","75,136054","44,651527",ITPO14
Juros|Amortização,15/05/2036,2421,121,-,"9,599877","161,542776","84,132082",ITPO14
Juros|Amortização,17/11/2036,2552,131,-,"5,202951","161,542777","78,880707",ITPO14
Juros,15/09/2026,4,126,-,"38,525021","0,00000000","38,482088",ISAEB8
Juros,15/03/2027,126,122,-,"37,28072","0,00000000","35,994038",ISAEB8
Juros,15/09/2027,254,128,-,"39,147703","0,00000000","36,47176",ISAEB8
Juros,15/03/2028,379,125,-,"38,213815","0,00000000","34,382558",ISAEB8
Juros,15/09/2028,506,127,-,"38,836318","0,00000000","33,72726",ISAEB8
Juros,15/03/2029,627,121,-,"36,969866","0,00000000","31,041484",ISAEB8
Juros,17/09/2029,755,128,-,"39,147703","0,00000000","31,717946",ISAEB8
Juros,15/03/2030,876,121,-,"36,969866","0,00000000","28,959978",ISAEB8
Juros,16/09/2030,1004,128,-,"39,147703","0,00000000","29,591079",ISAEB8
Juros,17/03/2031,1128,124,-,"37,902693","0,00000000","27,676616",ISAEB8
Juros,15/09/2031,1254,126,-,"38,525021","0,00000000","27,160146",ISAEB8
Juros|Amortização,15/03/2032,1379,125,-,"38,213815","529,23869","386,354596",ISAEB8
Juros,15/09/2032,1507,128,-,"19,573851","0,00000000","12,859882",ISAEB8
Juros|Amortização,15/03/2033,1631,124,-,"18,951347","529,23869","347,920704",ISAEB8
Juros|Amortização,16/11/2026,46,127,-,"29,896353","25,130753","54,323927",CTEE29
Juros|Amortização,17/05/2027,169,123,-,"28,301302","25,130283","50,965625",CTEE29
Juros|Amortização,16/11/2027,295,126,-,"28,343175","25,130598","49,240298",CTEE29
Juros|Amortização,15/05/2028,419,124,-,"27,240747","25,828422","47,202556",CTEE29
Juros|Amortização,16/11/2028,547,128,-,"27,444576","25,829041","45,71862",CTEE29
Juros|Amortização,15/05/2029,668,121,-,"25,276532","26,52697","42,978149",CTEE29
Juros|Amortização,16/11/2029,796,128,-,"26,053029","27,224835","42,647452",CTEE29
Juros|Amortização,15/05/2030,917,121,-,"23,926987","27,224423","39,58326",CTEE29
Juros|Amortização,18/11/2030,1048,131,-,"25,190322","27,224356","39,102119",CTEE29
Juros|Amortização,15/05/2031,1168,120,-,"22,371196","27,922557","36,281941",CTEE29
Juros|Amortização,17/11/2031,1299,131,-,"23,689781","27,922883","35,894356",CTEE29
Juros|Amortização,17/05/2032,1422,123,-,"21,511978","28,620901","33,686613",CTEE29
Juros|Amortização,16/11/2032,1548,126,-,"21,294803","28,620871","32,379653",CTEE29
Juros|Amortização,16/05/2033,1673,125,-,"20,380979","28,620829","30,695119",CTEE29
Juros|Amortização,16/11/2033,1800,127,-,"19,956657","30,017257","30,212015",CTEE29
Juros|Amortização,15/05/2034,1923,123,-,"18,55389","30,017287","28,371335",CTEE29
Juros|Amortização,16/11/2034,2051,128,-,"18,520235","30,017232","27,354952",CTEE29
Juros|Amortização,15/05/2035,2172,121,-,"16,741162","31,413329","26,236343",CTEE29
Juros|Amortização,16/11/2035,2300,128,-,"16,887499","31,413217","25,390881",CTEE29
Juros|Amortização,15/05/2036,2421,121,-,"15,163779","32,111134","24,024956",CTEE29
Juros|Amortização,17/11/2036,2552,131,-,"15,560146","32,110873","23,354992",CTEE29
Juros|Amortização,15/05/2037,2673,121,-,"13,55136","32,808962","21,957323",CTEE29
Juros|Amortização,16/11/2037,2800,127,-,"13,366999","33,506977","21,426136",CTEE29
Juros|Amortização,17/05/2038,2923,123,-,"12,085325","33,507442","20,135983",CTEE29
Juros|Amortização,16/11/2038,3049,126,-,"11,507427","33,507098","19,192436",CTEE29
Juros|Amortização,16/05/2039,3174,125,-,"10,545495","34,903318","18,712075",CTEE29
Juros|Amortização,16/11/2039,3301,127,-,"9,79609","34,903514","17,761604",CTEE29
Juros|Amortização,15/05/2040,3426,125,-,"8,734174","35,601352","17,011882",CTEE29
Juros|Amortização,16/11/2040,3554,128,-,"8,000323","36,299604","16,400655",CTEE29
Juros|Amortização,15/05/2041,3675,121,-,"6,645988","36,299551","15,370355",CTEE29
Juros|Amortização,18/11/2041,3806,131,-,"6,214944","36,997458","14,909658",CTEE29
Juros|Amortização,15/05/2042,3926,120,-,"4,765516","36,99766","13,934195",CTEE29
Juros|Amortização,17/11/2042,4057,131,-,"4,201545","37,69563","13,476171",CTEE29
Juros|Amortização,15/05/2043,4178,121,-,"2,930402","38,393649","12,849681",CTEE29
Juros|Amortização,16/11/2043,4305,127,-,"2,06524","38,393706","12,141801",CTEE29
Juros|Amortização,16/05/2044,4428,123,-,"1,019286","39,929468","11,873372",CTEE29
Juros|Amortização,15/01/2027,87,126,-,"35,069985","46,540887","78,658409",IGSN15
Juros|Amortização,15/07/2027,211,124,-,"33,129208","46,541761","72,859899",IGSN15
Juros|Amortização,17/01/2028,339,128,-,"32,793","57,281156","78,026878",IGSN15
Juros|Amortização,17/07/2028,463,124,-,"30,059724","57,281506","71,788464",IGSN15
Juros|Amortização,15/01/2029,586,123,-,"28,134139","71,602049","77,815013",IGSN15
Juros|Amortização,16/07/2029,711,125,-,"26,464146","71,601767","72,566486",IGSN15
Juros|Amortização,15/01/2030,835,124,-,"24,132456","71,601679","67,216541",IGSN15
Juros|Amortização,15/07/2030,959,124,-,"22,015581","71,60206","62,367504",IGSN15
Juros|Amortização,15/01/2031,1087,128,-,"20,550292","71,601949","58,151662",IGSN15
Juros|Amortização,15/07/2031,1210,123,-,"17,636328","71,602161","53,454431",IGSN15
Juros|Amortização,15/01/2032,1339,129,-,"16,306196","78,762278","53,918729",IGSN15
Juros|Amortização,15/07/2032,1464,125,-,"13,445486","78,76198","49,59942",IGSN15
Juros|Amortização,17/01/2033,1592,128,-,"11,368238","78,761905","45,923622",IGSN15
Juros|Amortização,15/07/2033,1716,124,-,"8,679217","78,762215","42,274129",IGSN15
Juros|Amortização,16/01/2034,1843,127,-,"6,506593","107,402848","52,186315",IGSN15
Juros|Amortização,17/07/2034,1967,124,-,"3,175321","107,40285","48,068176",IGSN15
Juros|Amortização,16/11/2026,46,127,-,"53,341044","6,649585","58,860472",IRJS14
Juros|Amortização,17/05/2027,169,123,-,"51,367723","3,98977","51,621557",IRJS14
Juros|Amortização,16/11/2027,295,126,-,"52,485087","3,98937","49,989919",IRJS14
Juros|Amortização,15/05/2028,419,124,-,"51,477986","5,98465","48,322646",IRJS14
Juros|Amortização,16/11/2028,547,128,-,"52,927601","5,984353","46,987805",IRJS14
Juros|Amortização,15/05/2029,668,121,-,"49,747233","10,637732","45,812503",IRJS14
Juros|Amortização,16/11/2029,796,128,-,"52,248704","10,638272","45,251448",IRJS14
Juros|Amortização,15/05/2030,917,121,-,"48,926682","15,95791","44,410619",IRJS14
Juros|Amortização,18/11/2030,1048,131,-,"52,386287","15,957601","44,31215",IRJS14
Juros|Amortização,15/05/2031,1168,120,-,"47,294172","15,957136","39,025249",IRJS14
Juros|Amortização,17/11/2031,1299,131,-,"51,051608","15,957546","39,164104",IRJS14
Juros|Amortização,17/05/2032,1422,123,-,"47,247826","25,265547","40,279728",IRJS14
Juros|Amortização,16/11/2032,1548,126,-,"47,40759","25,266487","38,319835",IRJS14
Juros|Amortização,16/05/2033,1673,125,-,"46,016637","36,569044","41,352722",IRJS14
Juros|Amortização,16/11/2033,1800,127,-,"45,285931","36,569502","38,890451",IRJS14
Juros|Amortização,15/05/2034,1923,123,-,"42,397861","39,893124","37,158835",IRJS14
Juros|Amortização,16/11/2034,2051,128,-,"42,526727","39,893354","35,298758",IRJS14
Juros|Amortização,15/05/2035,2172,121,-,"38,618215","41,888553","32,796859",IRJS14
Juros|Amortização,16/11/2035,2300,128,-,"39,186499","41,888166","31,325758",IRJS14
Juros|Amortização,15/05/2036,2421,121,-,"35,387197","42,553276","28,645271",IRJS14
Juros|Amortização,17/11/2036,2552,131,-,"36,592526","42,552903","27,55457",IRJS14
Juros|Amortização,15/05/2037,2673,121,-,"32,104908","49,866791","27,14596",IRJS14
Juros|Amortização,16/11/2037,2800,127,-,"31,708236","49,866672","25,632678",IRJS14
Juros|Amortização,17/05/2038,2923,123,-,"28,734612","56,914842","25,578575",IRJS14
Juros|Amortização,16/11/2038,3049,126,-,"27,16182","56,914931","23,834352",IRJS14
Juros|Amortização,16/05/2039,3174,125,-,"24,67298","57,180971","22,03547",IRJS14
Juros|Amortização,16/11/2039,3301,127,-,"22,758802","57,180589","20,419243",IRJS14
Juros|Amortização,15/05/2040,3426,125,-,"20,113724","59,308381","19,265285",IRJS14
Juros|Amortização,16/11/2040,3554,128,-,"18,183843","59,308461","17,828269",IRJS14
Juros|Amortização,15/05/2041,3675,121,-,"14,883137","59,840121","16,352339",IRJS14
Juros|Amortização,18/11/2041,3806,131,-,"13,63601","59,84045","15,231764",IRJS14
Juros|Amortização,15/05/2042,3926,120,-,"10,18096","66,489169","15,124506",IRJS14
Juros|Amortização,17/11/2042,4057,131,-,"8,352889","66,489161","13,985518",IRJS14
Juros|Amortização,15/05/2043,4178,121,-,"5,138842","133,24457","24,597468",IRJS14
Juros|Amortização,15/10/2026,25,126,-,"37,784212","32,926598","70,141198",HARG11
Juros|Amortização,15/04/2027,148,123,-,"35,816927","32,92737","65,530261",HARG11
Juros|Amortização,15/10/2027,275,127,-,"35,912482","32,927067","62,97948",HARG11
Juros|Amortização,17/04/2028,401,126,-,"34,545573","32,9271","59,263229",HARG11
Juros|Amortização,16/10/2028,526,125,-,"33,196148","32,927035","55,77608",HARG11
Juros|Amortização,16/04/2029,648,122,-,"31,342197","32,926774","52,113944",HARG11
Juros|Amortização,15/10/2029,774,126,-,"31,306938","32,927345","50,005274",HARG11
Juros|Amortização,15/04/2030,897,123,-,"29,496292","32,926843","46,699514",HARG11
Juros|Amortização,15/10/2030,1025,128,-,"29,618128","32,927082","44,892746",HARG11
Juros|Amortização,15/04/2031,1148,123,-,"27,389422","32,927512","41,604397",HARG11
Juros|Amortização,15/10/2031,1276,128,-,"27,42418","32,927102","39,939424",HARG11
Juros|Amortização,15/04/2032,1401,125,-,"25,700243","32,927364","37,260983",HARG11
Juros|Amortização,15/10/2032,1528,127,-,"25,029904","32,926892","35,351866",HARG11
Juros|Amortização,18/04/2033,1654,126,-,"23,75008","65,854132","52,472619",HARG11
Juros|Amortização,17/10/2033,1780,126,-,"21,590984","65,854205","49,162796",HARG11
Juros|Amortização,17/04/2034,1905,125,-,"19,275183","65,85414","45,96388",HARG11
Juros|Amortização,16/10/2034,2030,125,-,"17,133498","65,854213","43,031663",HARG11
Juros|Amortização,16/04/2035,2152,122,-,"14,626359","98,781452","56,529569",HARG11
Juros|Amortização,15/10/2035,2278,126,-,"11,875037","98,781186","52,954745",HARG11
Juros|Amortização,15/04/2036,2401,123,-,"8,427511","131,70843","64,446069",HARG11
Juros|Amortização,15/10/2036,2529,128,-,"4,387868","131,708431","60,049382",HARG11
Juros,15/10/2026,25,126,-,"37,514678","0,00000000","37,241206",HBSA11
Juros,15/04/2027,148,123,-,"36,608705","0,00000000","35,056915",HBSA11
Juros,15/10/2027,275,127,-,"37,816808","0,00000000","34,892543",HBSA11
Juros,17/04/2028,401,126,-,"37,514678","0,00000000","33,360649",HBSA11
Juros|Amortização,16/10/2028,526,125,-,"37,212617","1.268,36914","1.119,308938",HBSA11
Juros|Amortização,15/12/2026,66,127,-,"50,003631","31,762927","79,953162",HVSP11
Juros|Amortização,15/06/2027,189,123,-,"47,144041","34,500851","76,566182",HVSP11
Juros|Amortização,15/12/2027,316,127,-,"47,300764","34,501334","73,473403",HVSP11
Juros|Amortização,16/06/2028,442,126,-,"45,524894","38,882222","72,635695",HVSP11
Juros|Amortização,15/12/2028,567,125,-,"43,595913","38,882219","68,02409",HVSP11
Juros|Amortização,15/06/2029,690,123,-,"41,349728","42,031804","65,954107",HVSP11
Juros|Amortização,17/12/2029,816,126,-,"40,677708","42,031976","62,680674",HVSP11
Juros|Amortização,17/06/2030,940,124,-,"38,346178","45,454331","60,886978",HVSP11
Juros|Amortização,16/12/2030,1067,127,-,"37,43852","45,454531","57,683769",HVSP11
Juros|Amortização,16/06/2031,1189,122,-,"34,156422","48,329664","55,069588",HVSP11
Juros|Amortização,15/12/2031,1318,129,-,"34,153271","48,329629","52,705707",HVSP11
Juros|Amortização,15/06/2032,1442,124,-,"30,879644","52,436453","51,041462",HVSP11
Juros|Amortização,15/12/2032,1569,127,-,"29,50291","52,436835","48,078016",HVSP11
Juros|Amortização,15/06/2033,1695,126,-,"27,144273","56,132851","46,814778",HVSP11
Juros|Amortização,15/12/2033,1821,126,-,"24,873029","56,133175","43,629561",HVSP11
Juros|Amortização,15/06/2034,1945,124,-,"22,235968","60,240426","42,588535",HVSP11
Juros|Amortização,15/12/2034,2071,126,-,"20,16433","60,240452","39,778668",HVSP11
Juros|Amortização,15/06/2035,2194,123,-,"17,296594","64,758778","38,933498",HVSP11
Juros|Amortização,17/12/2035,2320,126,-,"15,106621","64,758642","36,306104",HVSP11
Juros|Amortização,16/06/2036,2442,122,-,"12,082312","69,824043","35,721932",HVSP11
Juros|Amortização,15/12/2036,2571,129,-,"9,895878","69,824164","33,277252",HVSP11
Juros|Amortização,15/06/2037,2693,122,-,"6,614722","74,616061","32,530909",HVSP11
Juros|Amortização,15/12/2037,2820,127,-,"3,847722","74,616068","30,09557",HVSP11
Juros|Amortização,15/06/2038,2944,124,-,"0,7848","19,715125","7,538519",HVSP11
Juros,15/01/2027,87,126,-,"41,706576","0,00000000","39,892271",SUMI17
Juros,15/07/2027,211,124,-,"41,032338","0,00000000","36,836637",SUMI17
Juros,17/01/2028,339,128,-,"42,381212","0,00000000","35,637603",SUMI17
Juros,17/07/2028,463,124,-,"41,032338","0,00000000","32,384028",SUMI17
Juros,15/01/2029,586,123,-,"40,695367","0,00000000","30,160676",SUMI17
Juros,16/07/2029,711,125,-,"41,369407","0,00000000","28,76225",SUMI17
Juros,15/01/2030,835,124,-,"41,032338","0,00000000","26,775606",SUMI17
Juros|Amortização,15/07/2030,959,124,-,"41,032338","548,45094","361,038924",SUMI17
Juros,15/01/2031,1087,128,-,"21,190606","0,00000000","12,156465",SUMI17
Juros|Amortização,15/07/2031,1210,123,-,"20,347683","548,45094","306,417791",SUMI17
Juros,15/10/2026,25,126,-,"40,080454","0,00000000","39,810412",FBRI13
Juros,15/04/2027,148,123,-,"39,109522","0,00000000","37,575232",FBRI13
Juros,15/10/2027,275,127,-,"40,404281","0,00000000","37,508692",FBRI13
Juros,17/04/2028,401,126,-,"40,080454","0,00000000","35,961681",FBRI13
Juros,16/10/2028,526,125,-,"39,756718","0,00000000","34,485627",FBRI13
Juros,16/04/2029,648,122,-,"38,786062","0,00000000","32,551863",FBRI13
Juros,15/10/2029,774,126,-,"40,080454","0,00000000","32,511395",FBRI13
Juros|Amortização,15/04/2030,897,123,-,"39,109522","221,738808","204,666216",FBRI13
Juros,15/10/2030,1025,128,-,"32,582557","0,00000000","24,695123",FBRI13
Juros|Amortização,15/04/2031,1148,123,-,"31,287618","221,738808","185,501335",FBRI13
Juros,15/10/2031,1276,128,-,"24,436918","0,00000000","17,305953",FBRI13
Juros|Amortização,15/04/2032,1401,125,-,"23,854031","221,738586","168,145267",FBRI13
Juros,15/10/2032,1528,127,-,"16,16172","0,00000000","10,691589",FBRI13
Juros|Amortização,18/04/2033,1654,126,-,"16,032189","221,738918","152,025556",FBRI13
Juros,17/10/2033,1780,126,-,"8,016094","0,00000000","4,953625",FBRI13
Juros|Amortização,17/04/2034,1905,125,-,"7,951347","221,738918","137,221818",FBRI13
Juros|Amortização,15/10/2026,25,126,-,"33,393016","22,002451","54,984186",EQTR11
Juros|Amortização,15/04/2027,148,123,-,"32,074177","29,336983","58,760793",EQTR11
Juros|Amortização,15/10/2027,275,127,-,"32,421092","29,33761","56,898059",EQTR11
Juros|Amortização,17/04/2028,401,126,-,"31,459761","36,671934","60,455649",EQTR11
Juros|Amortização,16/10/2028,526,125,-,"30,335427","36,67235","57,283661",EQTR11
Juros|Amortização,16/04/2029,648,122,-,"28,748442","44,006291","59,975384",EQTR11
Juros|Amortização,15/10/2029,774,126,-,"28,647702","44,006458","57,684705",EQTR11
Juros|Amortização,15/04/2030,897,123,-,"26,928578","22,002791","37,451079",EQTR11
Juros|Amortização,15/10/2030,1025,128,-,"27,500736","22,003664","36,471217",EQTR11
Juros|Amortização,15/04/2031,1148,123,-,"25,899455","29,337406","39,22945",EQTR11
Juros|Amortização,15/10/2031,1276,128,-,"26,250692","29,337607","38,001094",EQTR11
Juros|Amortização,15/04/2032,1401,125,-,"24,930818","36,671812","40,572319",EQTR11
Juros|Amortização,15/10/2032,1528,127,-,"24,44867","36,671968","38,759432",EQTR11
Juros|Amortização,18/04/2033,1654,126,-,"23,375107","44,006428","41,154642",EQTR11
Juros|Amortização,17/10/2033,1780,126,-,"22,320585","44,006117","39,017078",EQTR11
Juros|Amortização,17/04/2034,1905,125,-,"21,095303","58,675211","45,209175",EQTR11
Juros|Amortização,16/10/2034,2030,125,-,"19,700566","58,674547","42,793739",EQTR11
Juros|Amortização,16/04/2035,2152,122,-,"17,861449","66,009106","44,158855",EQTR11
Juros|Amortização,15/10/2035,2278,126,-,"16,872263","66,009347","42,029563",EQTR11
Juros|Amortização,15/04/2036,2401,123,-,"14,922206","73,344021","43,148731",EQTR11
Juros|Amortização,15/10/2036,2529,128,-,"13,750356","73,343607","40,981798",EQTR11
Juros|Amortização,15/04/2037,2653,124,-,"11,586331","80,67801","41,839276",EQTR11
Juros|Amortização,15/10/2037,2779,126,-,"9,84215","80,678248","39,535309",EQTR11
Juros|Amortização,15/04/2038,2903,124,-,"7,78186","88,012504","40,320504",EQTR11
Juros|Amortização,15/10/2038,3029,126,-,"5,799833","88,012266","38,030607",EQTR11
Juros|Amortização,15/04/2039,3154,125,-,"3,661167","154,021711","61,585263",EQTR11
Juros,15/12/2026,66,127,-,"41,409682","0,00000000","40,608557",EQPA18
Juros,15/06/2027,189,123,-,"40,081548","0,00000000","37,900806",EQPA18
Juros,15/12/2027,316,127,-,"41,409682","0,00000000","37,712034",EQPA18
Juros,16/06/2028,442,126,-,"41,077502","0,00000000","36,039996",EQPA18
Juros,15/12/2028,567,125,-,"40,745419","0,00000000","34,450116",EQPA18
Juros,15/06/2029,690,123,-,"40,081548","0,00000000","32,677189",EQPA18
Juros,17/12/2029,816,126,-,"41,077502","0,00000000","32,263158",EQPA18
Juros,17/06/2030,940,124,-,"40,413435","0,00000000","30,59767",EQPA18
Juros,16/12/2030,1067,127,-,"41,409682","0,00000000","30,195247",EQPA18
Juros,16/06/2031,1189,122,-,"39,749761","0,00000000","27,956839",EQPA18
Juros,15/12/2031,1318,129,-,"42,07434","0,00000000","28,483139",EQPA18
Juros,15/06/2032,1442,124,-,"40,413435","0,00000000","26,372788",EQPA18
Juros,15/12/2032,1569,127,-,"41,409682","0,00000000","26,025931",EQPA18
Juros,15/06/2033,1695,126,-,"41,077502","0,00000000","24,872019",EQPA18
Juros|Amortização,15/12/2033,1821,126,-,"41,077502","270,133725","181,536907",EQPA18
Juros,15/06/2034,1945,124,-,"30,310076","0,00000000","17,043408",EQPA18
Juros|Amortização,15/12/2034,2071,126,-,"30,808126","270,133454","163,025021",EQPA18
Juros,15/06/2035,2194,123,-,"20,040784","0,00000000","10,468273",EQPA18
Juros|Amortização,17/12/2035,2320,126,-,"20,53876","270,13386","146,274",EQPA18
Juros,16/06/2036,2442,122,-,"9,937444","0,00000000","4,823414",EQPA18
Juros|Amortização,15/12/2036,2571,129,-,"10,51859","270,13386","131,11902",EQPA18
Juros,16/11/2026,46,127,-,"35,526537","0,00000000","35,046029",CGOS16
Juros,17/05/2027,169,123,-,"34,390335","0,00000000","32,712119",CGOS16
Juros,16/11/2027,295,126,-,"35,24238","0,00000000","32,295211",CGOS16
Juros,15/05/2028,419,124,-,"34,674278","0,00000000","30,629372",CGOS16
Juros,16/11/2028,547,128,-,"35,810763","0,00000000","30,457043",CGOS16
Juros,15/05/2029,668,121,-,"33,82266","0,00000000","27,753987",CGOS16
Juros,16/11/2029,796,128,-,"35,810763","0,00000000","28,29272",CGOS16
Juros,15/05/2030,917,121,-,"33,82266","0,00000000","25,781747",CGOS16
Juros,18/11/2030,1048,131,-,"36,663872","0,00000000","26,884423",CGOS16
Juros,15/05/2031,1168,120,-,"33,538927","0,00000000","23,734691",CGOS16
Juros,17/11/2031,1299,131,-,"36,663872","0,00000000","24,959193",CGOS16
Juros,17/05/2032,1422,123,-,"34,390335","0,00000000","22,574334",CGOS16
Juros,16/11/2032,1548,126,-,"35,24238","0,00000000","22,28663",CGOS16
Juros|Amortização,16/05/2033,1673,125,-,"34,958294","275,86992","189,421299",CGOS16
Juros,16/11/2033,1800,127,-,"26,644902","0,00000000","15,638481",CGOS16
Juros|Amortização,15/05/2034,1923,123,-,"25,792751","275,869644","170,721394",CGOS16
Juros,16/11/2034,2051,128,-,"17,90539","0,00000000","9,7565",CGOS16
Juros|Amortização,15/05/2035,2172,121,-,"16,911338","275,870057","153,920764",CGOS16
Juros,16/11/2035,2300,128,-,"8,952695","0,00000000","4,531594",CGOS16
Juros|Amortização,15/05/2036,2421,121,-,"8,455669","275,870057","138,853507",CGOS16
Juros,15/10/2026,25,126,-,"37,424903","0,00000000","37,146838",CGOS34
Juros,15/04/2027,148,123,-,"36,519702","0,00000000","34,942451",CGOS34
Juros,15/10/2027,275,127,-,"37,726789","0,00000000","34,755437",CGOS34
Juros,17/04/2028,401,126,-,"37,424903","0,00000000","33,205491",CGOS34
Juros,16/10/2028,526,125,-,"37,12309","0,00000000","31,732129",CGOS34
Juros,16/04/2029,648,122,-,"36,218122","0,00000000","29,852146",CGOS34
Juros,15/10/2029,774,126,-,"37,424903","0,00000000","29,708904",CGOS34
Juros,15/04/2030,897,123,-,"36,519702","0,00000000","27,945903",CGOS34
Juros,15/10/2030,1025,128,-,"38,028756","0,00000000","28,010461",CGOS34
Juros,15/04/2031,1148,123,-,"36,519702","0,00000000","25,92987",CGOS34
Juros,15/10/2031,1276,128,-,"38,028756","0,00000000","25,98977",CGOS34
Juros,15/04/2032,1401,125,-,"37,12309","0,00000000","24,442201",CGOS34
Juros|Amortização,15/10/2032,1528,127,-,"37,726789","284,77516","204,444444",CGOS34
Juros,18/04/2033,1654,126,-,"28,068676","0,00000000","17,137253",CGOS34
Juros|Amortização,17/10/2033,1780,126,-,"28,068676","284,774875","183,95975",CGOS34
Juros,17/04/2034,1905,125,-,"18,561554","0,00000000","10,515158",CGOS34
Juros|Amortização,16/10/2034,2030,125,-,"18,561554","284,775302","165,551274",CGOS34
Juros,16/04/2035,2152,122,-,"9,054534","0,00000000","4,765055",CGOS34
Juros|Amortização,15/10/2035,2278,126,-,"9,356229","284,775302","149,080135",CGOS34
Juros,15/02/2027,106,122,-,"36,308348","0,00000000","35,18157",CGOSB0
Juros,16/08/2027,233,127,-,"37,823061","0,00000000","35,290816",CGOSB0
Juros,15/02/2028,360,127,-,"37,823061","0,00000000","33,98271",CGOSB0
Juros,15/08/2028,484,124,-,"36,913977","0,00000000","31,965093",CGOSB0
Juros,15/02/2029,607,123,-,"36,61112","0,00000000","30,564065",CGOSB0
Juros,15/08/2029,733,126,-,"37,519949","0,00000000","30,170729",CGOSB0
Juros,15/02/2030,858,125,-,"37,216921","0,00000000","28,834913",CGOSB0
Juros,15/08/2030,982,124,-,"36,913977","0,00000000","27,564672",CGOSB0
Juros,17/02/2031,1110,128,-,"38,126259","0,00000000","27,406485",CGOSB0
Juros,15/08/2031,1233,123,-,"36,61112","0,00000000","25,372024",CGOSB0
Juros,16/02/2032,1359,126,-,"37,519949","0,00000000","25,045506",CGOSB0
Juros,16/08/2032,1486,127,-,"37,823061","0,00000000","24,311992",CGOSB0
Juros,15/02/2033,1613,127,-,"37,823061","0,00000000","23,410832",CGOSB0
Juros,15/08/2033,1737,124,-,"36,913977","0,00000000","22,020887",CGOSB0
Juros,15/02/2034,1865,128,-,"38,126259","0,00000000","21,894514",CGOSB0
Juros|Amortização,15/08/2034,1988,123,-,"36,61112","260,754462","164,632204",CGOSB0
Juros,15/02/2035,2111,123,-,"27,458339","0,00000000","14,65586",CGOSB0
Juros|Amortização,15/08/2035,2237,126,-,"28,139961","260,754201","148,52559",CGOSB0
Juros,15/02/2036,2362,125,-,"18,608468","0,00000000","9,21781",CGOSB0
Juros|Amortização,15/08/2036,2486,124,-,"18,456997","260,754592","133,301302",CGOSB0
Juros,18/02/2037,2614,128,-,"9,531569","0,00000000","4,380588",CGOSB0
Juros|Amortização,17/08/2037,2738,124,-,"9,228498","260,754592","119,588235",CGOSB0
Juros|Amortização,15/12/2026,66,249,-,"105,250568","169,956493","269,924233",ENTV12
Juros|Amortização,15/12/2027,316,250,-,"92,625932","262,590428","323,735299",ENTV12
Juros|Amortização,15/12/2028,567,251,-,"72,743418","332,233229","342,858031",ENTV12
Juros|Amortização,17/12/2029,816,249,-,"46,712045","316,731369","285,99832",ENTV12
Juros|Amortização,16/12/2030,1067,251,-,"22,655755","293,541019","231,138007",ENTV12
Juros,16/11/2026,46,248,-,"66,250337","0,00000000","65,423574",EGIEA1
Juros,16/11/2027,295,249,-,"66,525155","0,00000000","61,377656",EGIEA1
Juros,16/11/2028,547,252,-,"67,349983","0,00000000","58,007538",EGIEA1
Juros,16/11/2029,796,249,-,"66,525155","0,00000000","53,531704",EGIEA1
Juros,18/11/2030,1048,252,-,"67,349983","0,00000000","50,592391",EGIEA1
Juros|Amortização,17/11/2031,1299,251,-,"67,074977","378,423464","312,489202",EGIEA1
Juros|Amortização,16/11/2032,1548,249,-,"44,350124","378,424032","277,061056",EGIEA1
Juros|Amortização,16/11/2033,1800,252,-,"22,450004","378,424032","245,243512",EGIEA1
Juros,15/06/2027,189,250,-,"74,041202","0,00000000","70,278405",EGIEB2
Juros,16/06/2028,442,253,-,"74,959265","0,00000000","66,351666",EGIEB2
Juros,15/06/2029,690,248,-,"73,429557","0,00000000","60,69805",EGIEB2
Juros,17/06/2030,940,250,-,"74,041202","0,00000000","57,123514",EGIEB2
Juros,16/06/2031,1189,249,-,"73,735339","0,00000000","53,109793",EGIEB2
Juros|Amortização,15/06/2032,1442,253,-,"74,959265","367,210522","297,006575",EGIEB2
Juros|Amortização,15/06/2033,1695,253,-,"49,972843","367,210522","261,32566",EGIEB2
Juros|Amortização,15/06/2034,1945,250,-,"24,6804","367,210524","229,117309",EGIEB2
Juros,15/01/2027,87,126,-,"33,955433","0,00000000","33,10141",ENEVA4
Juros,15/07/2027,211,124,-,"33,407803","0,00000000","31,406353",ENEVA4
Juros,17/01/2028,339,128,-,"34,503344","0,00000000","31,243129",ENEVA4
Juros,17/07/2028,463,124,-,"33,407803","0,00000000","29,172498",ENEVA4
Juros,15/01/2029,586,123,-,"33,134095","0,00000000","27,910033",ENEVA4
Juros,16/07/2029,711,125,-,"33,681584","0,00000000","27,351614",ENEVA4
Juros,15/01/2030,835,124,-,"33,407803","0,00000000","26,161988",ENEVA4
Juros,15/07/2030,959,124,-,"33,407803","0,00000000","25,229179",ENEVA4
Juros,15/01/2031,1087,128,-,"34,503344","0,00000000","25,098058",ENEVA4
Juros,15/07/2031,1210,123,-,"33,134095","0,00000000","23,249498",ENEVA4
Juros,15/01/2032,1339,129,-,"34,777408","0,00000000","23,498074",ENEVA4
Juros,15/07/2032,1464,125,-,"33,681584","0,00000000","21,939805",ENEVA4
Juros,17/01/2033,1592,128,-,"34,503344","0,00000000","21,64837",ENEVA4
Juros,15/07/2033,1716,124,-,"33,407803","0,00000000","20,213629",ENEVA4
Juros,16/01/2034,1843,127,-,"34,229354","0,00000000","19,954736",ENEVA4
Juros,17/07/2034,1967,124,-,"33,407803","0,00000000","18,781383",ENEVA4
Juros,15/01/2035,2090,123,-,"33,134095","0,00000000","17,968602",ENEVA4
Juros,16/07/2035,2215,125,-,"33,681584","0,00000000","17,609089",ENEVA4
Juros|Amortização,15/01/2036,2339,124,-,"33,407803","1.029,1186","535,693662",ENEVA4
Juros,15/10/2026,25,126,-,"36,404563","0,00000000","36,142986",ENEVB0
Juros,15/04/2027,148,123,-,"35,524053","0,00000000","34,039433",ENEVB0
Juros,15/10/2027,275,127,-,"36,698218","0,00000000","33,899657",ENEVB0
Juros,17/04/2028,401,126,-,"36,404563","0,00000000","32,428133",ENEVB0
Juros,16/10/2028,526,125,-,"36,110985","0,00000000","31,027481",ENEVB0
Juros,16/04/2029,648,122,-,"35,230699","0,00000000","29,224381",ENEVB0
Juros,15/10/2029,774,126,-,"36,404563","0,00000000","29,120289",ENEVB0
Juros,15/04/2030,897,123,-,"35,524053","0,00000000","27,425463",ENEVB0
Juros,15/10/2030,1025,128,-,"36,991948","0,00000000","27,523516",ENEVB0
Juros,15/04/2031,1148,123,-,"35,524053","0,00000000","25,510021",ENEVB0
Juros,15/10/2031,1276,128,-,"36,991948","0,00000000","25,601226",ENEVB0
Juros,15/04/2032,1401,125,-,"36,110985","0,00000000","24,106489",ENEVB0
Juros,15/10/2032,1528,127,-,"36,698218","0,00000000","23,617293",ENEVB0
Juros,18/04/2033,1654,126,-,"36,404563","0,00000000","22,592108",ENEVB0
Juros,17/10/2033,1780,126,-,"36,404563","0,00000000","21,785752",ENEVB0
Juros,17/04/2034,1905,125,-,"36,110985","0,00000000","20,844771",ENEVB0
Juros,16/10/2034,2030,125,-,"36,110985","0,00000000","20,106579",ENEVB0
Juros,16/04/2035,2152,122,-,"35,230699","0,00000000","18,938126",ENEVB0
Juros,15/10/2035,2278,126,-,"36,404563","0,00000000","18,870671",ENEVB0
Juros,15/04/2036,2401,123,-,"35,524053","0,00000000","17,772382",ENEVB0
Juros,15/10/2036,2529,128,-,"36,991948","0,00000000","17,835923",ENEVB0
Juros|Amortização,15/04/2037,2653,124,-,"35,817482","369,631057","188,621182",ENEVB0
Juros,15/10/2037,2779,126,-,"24,269721","0,00000000","10,887678",ENEVB0
Juros|Amortização,15/04/2038,2903,124,-,"23,878332","369,631611","170,330554",ENEVB0
Juros,15/10/2038,3029,126,-,"12,13486","0,00000000","5,065092",ENEVB0
Juros|Amortização,15/04/2039,3154,125,-,"12,037","369,631611","153,666835",ENEVB0
Juros,15/09/2026,4,126,-,"40,615939","0,00000000","40,56829",ENEV19
Juros,15/03/2027,126,122,-,"39,305612","0,00000000","37,878809",ENEV19
Juros,15/09/2027,254,128,-,"41,271626","0,00000000","38,30718",ENEV19
Juros,15/03/2028,379,125,-,"40,288229","0,00000000","36,047569",ENEV19
Juros,15/09/2028,506,127,-,"40,94374","0,00000000","35,293898",ENEV19
Juros,15/03/2029,627,121,-,"38,978246","0,00000000","32,427494",ENEV19
Juros,17/09/2029,755,128,-,"41,271626","0,00000000","33,069645",ENEV19
Juros,15/03/2030,876,121,-,"38,978246","0,00000000","30,142498",ENEV19
Juros|Amortização,16/09/2030,1004,128,-,"41,271626","399,080567","327,977441",ENEV19
Juros,17/03/2031,1128,124,-,"26,640415","0,00000000","19,132928",ENEV19
Juros|Amortização,15/09/2031,1254,126,-,"27,077306","399,081166","294,953352",ENEV19
Juros,15/03/2032,1379,125,-,"13,429416","0,00000000","8,96001",ENEV19
Juros|Amortização,15/09/2032,1507,128,-,"13,757215","399,081166","265,288445",ENEV19
Juros,16/11/2026,46,127,-,"36,863843","0,00000000","36,387489",ENEV32
Juros|Amortização,17/05/2027,169,123,-,"35,688761","488,791544","500,0081",ENEV32
Juros,16/11/2027,295,126,-,"24,380002","0,00000000","22,428982",ENEV32
Juros|Amortização,15/05/2028,419,124,-,"23,988308","488,792277","455,492248",ENEV32
Juros,16/11/2028,547,128,-,"12,385924","0,00000000","10,611095",ENEV32
Juros|Amortização,15/05/2029,668,121,-,"11,700527","488,792277","414,354071",ENEV32
Juros,15/01/2027,87,126,-,"38,053657","0,00000000","37,092384",ENEV18
Juros,15/07/2027,211,124,-,"37,440188","0,00000000","35,187554",ENEV18
Juros,17/01/2028,339,128,-,"38,667432","0,00000000","34,998402",ENEV18
Juros,17/07/2028,463,124,-,"37,440188","0,00000000","32,674099",ENEV18
Juros,15/01/2029,586,123,-,"37,133569","0,00000000","31,255232",ENEV18
Juros,16/07/2029,711,125,-,"37,746884","0,00000000","30,62472",ENEV18
Juros,15/01/2030,835,124,-,"37,440188","0,00000000","29,288137",ENEV18
Juros|Amortização,15/07/2030,959,124,-,"37,440188","395,016368","326,181205",ENEV18
Juros,15/01/2031,1087,128,-,"25,778301","0,00000000","18,725032",ENEV18
Juros|Amortização,15/07/2031,1210,123,-,"24,755725","395,01696","294,085007",ENEV18
Juros,15/01/2032,1339,129,-,"12,991484","0,00000000","8,762773",ENEV18
Juros|Amortização,15/07/2032,1464,125,-,"12,582299","395,01696","265,003247",ENEV18
Juros,15/09/2026,4,126,-,"41,194785","0,00000000","41,146766",ENEV29
Juros,15/03/2027,126,122,-,"39,865482","0,00000000","38,427421",ENEV29
Juros,15/09/2027,254,128,-,"41,85997","0,00000000","38,87175",ENEV29
Juros,15/03/2028,379,125,-,"40,862325","0,00000000","36,587194",ENEV29
Juros,15/09/2028,506,127,-,"41,527333","0,00000000","35,830896",ENEV29
Juros,15/03/2029,627,121,-,"39,53338","0,00000000","32,92797",ENEV29
Juros,17/09/2029,755,128,-,"41,85997","0,00000000","33,588522",ENEV29
Juros,15/03/2030,876,121,-,"39,53338","0,00000000","30,621983",ENEV29
Juros,16/09/2030,1004,128,-,"41,85997","0,00000000","31,236275",ENEV29
Juros,17/03/2031,1128,124,-,"40,529956","0,00000000","29,169833",ENEV29
Juros,15/09/2031,1254,126,-,"41,194785","0,00000000","28,578819",ENEV29
Juros,15/03/2032,1379,125,-,"40,862325","0,00000000","27,333546",ENEV29
Juros,15/09/2032,1507,128,-,"41,85997","0,00000000","26,975082",ENEV29
Juros,15/03/2033,1631,124,-,"40,529956","0,00000000","25,19054",ENEV29
Juros,15/09/2033,1759,128,-,"41,85997","0,00000000","25,064048",ENEV29
Juros,15/03/2034,1883,124,-,"40,529956","0,00000000","23,405931",ENEV29
Juros,15/09/2034,2010,127,-,"41,527333","0,00000000","23,110079",ENEV29
Juros,15/03/2035,2131,121,-,"39,53338","0,00000000","21,237761",ENEV29
Juros|Amortização,17/09/2035,2259,128,-,"41,85997","399,080567","228,200069",ENEV29
Juros,17/03/2036,2381,122,-,"26,577001","0,00000000","13,273714",ENEV29
Juros|Amortização,15/09/2036,2507,126,-,"27,463202","399,081166","205,350109",ENEV29
Juros,16/03/2037,2632,125,-,"13,620782","0,00000000","6,322715",ENEV29
Juros|Amortização,15/09/2037,2758,126,-,"13,731601","399,081166","184,713624",ENEV29
Juros,15/01/2027,87,126,-,"37,329365","0,00000000","36,388033",EDVP17
Juros,15/07/2027,211,124,-,"36,728161","0,00000000","34,522152",EDVP17
Juros,17/01/2028,339,128,-,"37,93085","0,00000000","34,33776",EDVP17
Juros,17/07/2028,463,124,-,"36,728161","0,00000000","32,060424",EDVP17
Juros,15/01/2029,586,123,-,"36,427666","0,00000000","30,670412",EDVP17
Juros,16/07/2029,711,125,-,"37,028727","0,00000000","30,053167",EDVP17
Juros|Amortização,15/01/2030,835,124,-,"36,728161","414,127022","352,841147",EDVP17
Juros,15/07/2030,959,124,-,"24,485453","0,00000000","18,477405",EDVP17
Juros|Amortização,15/01/2031,1087,128,-,"25,287245","414,127643","319,365745",EDVP17
Juros,15/07/2031,1210,123,-,"12,142561","0,00000000","8,512204",EDVP17
Juros|Amortização,15/01/2032,1339,129,-,"12,743905","414,127643","288,125821",EDVP17
Juros,15/09/2026,4,126,-,"36,20113","0,00000000","36,157848",ENGIB9
Juros,15/03/2027,126,122,-,"35,034407","0,00000000","33,73875",ENGIB9
Juros,15/09/2027,254,128,-,"36,784923","0,00000000","34,094044",ENGIB9
Juros,15/03/2028,379,125,-,"35,90934","0,00000000","32,061232",ENGIB9
Juros,15/09/2028,506,127,-,"36,492991","0,00000000","31,367982",ENGIB9
Juros,15/03/2029,627,121,-,"34,742908","0,00000000","28,802285",ENGIB9
Juros,17/09/2029,755,128,-,"36,784923","0,00000000","29,349796",ENGIB9
Juros,15/03/2030,876,121,-,"34,742908","0,00000000","26,7353",ENGIB9
Juros,16/09/2030,1004,128,-,"36,784923","0,00000000","27,243518",ENGIB9
Juros,17/03/2031,1128,124,-,"35,617623","0,00000000","25,418638",ENGIB9
Juros|Amortização,15/09/2031,1254,126,-,"36,20113","379,95995","286,011196",ENGIB9
Juros,15/03/2032,1379,125,-,"23,939571","0,00000000","15,849006",ENGIB9
Juros|Amortização,15/09/2032,1507,128,-,"24,523294","379,960519","257,727809",ENGIB9
Juros,15/03/2033,1631,124,-,"11,872546","0,00000000","7,289504",ENGIB9
Juros|Amortização,15/09/2033,1759,128,-,"12,261647","379,960519","231,771867",ENGIB9
Juros,15/10/2026,25,126,-,"38,30528","0,00000000","38,023551",ENGIA5
Juros,15/04/2027,148,123,-,"37,380034","0,00000000","35,781652",ENGIA5
Juros,15/10/2027,275,127,-,"38,613838","0,00000000","35,602245",ENGIA5
Juros,17/04/2028,401,126,-,"38,30528","0,00000000","34,027888",ENGIA5
Juros,16/10/2028,526,125,-,"37,996793","0,00000000","32,530706",ENGIA5
Juros,16/04/2029,648,122,-,"37,071765","0,00000000","30,615737",ENGIA5
Juros|Amortização,15/10/2029,774,126,-,"38,30528","425,806717","369,288856",ENGIA5
Juros,15/04/2030,897,123,-,"24,920035","0,00000000","19,121357",ENGIA5
Juros|Amortização,15/10/2030,1025,128,-,"25,948326","425,807356","333,779124",ENGIA5
Juros,15/04/2031,1148,123,-,"12,460017","0,00000000","8,877707",ENGIA5
Juros|Amortização,15/10/2031,1276,128,-,"12,974162","425,807356","301,03432",ENGIA5
Juros,15/10/2026,25,126,-,"34,977467","0,00000000","34,720431",ENGIC0
Juros,15/04/2027,148,123,-,"34,131992","0,00000000","32,673709",ENGIC0
Juros,15/10/2027,275,127,-,"35,259432","0,00000000","32,511697",ENGIC0
Juros,17/04/2028,401,126,-,"34,977467","0,00000000","31,0748",ENGIC0
Juros,16/10/2028,526,125,-,"34,695572","0,00000000","29,708301",ENGIC0
Juros,16/04/2029,648,122,-,"33,850306","0,00000000","27,959831",ENGIC0
Juros,15/10/2029,774,126,-,"34,977467","0,00000000","27,836585",ENGIC0
Juros,15/04/2030,897,123,-,"34,131992","0,00000000","26,195656",ENGIC0
Juros,15/10/2030,1025,128,-,"35,541464","0,00000000","26,266509",ENGIC0
Juros,15/04/2031,1148,123,-,"34,131992","0,00000000","24,32589",ENGIC0
Juros,15/10/2031,1276,128,-,"35,541464","0,00000000","24,391685",ENGIC0
Juros,15/04/2032,1401,125,-,"34,695572","0,00000000","22,94903",ENGIC0
Juros,15/10/2032,1528,127,-,"35,259432","0,00000000","22,464312",ENGIC0
Juros,18/04/2033,1654,126,-,"34,977467","0,00000000","21,471472",ENGIC0
Juros,17/10/2033,1780,126,-,"34,977467","0,00000000","20,687951",ENGIC0
Juros,17/04/2034,1905,125,-,"34,695572","0,00000000","19,778209",ENGIC0
Juros,16/10/2034,2030,125,-,"34,695572","0,00000000","19,0621",ENGIC0
Juros,16/04/2035,2152,122,-,"33,850306","0,00000000","17,940208",ENGIC0
Juros,15/10/2035,2278,126,-,"34,977467","0,00000000","17,861128",ENGIC0
Juros,15/04/2036,2401,123,-,"34,131992","0,00000000","16,808239",ENGIC0
Juros,15/10/2036,2529,128,-,"35,541464","0,00000000","16,853701",ENGIC0
Juros|Amortização,15/04/2037,2653,124,-,"34,413747","369,831366","184,806262",ENGIC0
Juros,15/10/2037,2779,126,-,"23,318322","0,00000000","10,271286",ENGIC0
Juros|Amortização,15/04/2038,2903,124,-,"22,942509","369,831921","166,794869",ENGIC0
Juros,15/10/2038,3029,126,-,"11,659161","0,00000000","4,770483",ENGIC0
Juros|Amortização,15/04/2039,3154,125,-,"11,565196","369,831921","150,402942",ENGIC0
Juros,15/10/2026,25,126,-,"36,378843","0,00000000","36,116748",ENGIA6
Juros|Amortização,15/04/2027,148,123,-,"35,499991","399,900063","417,155772",ENGIA6
Juros,15/10/2027,275,127,-,"24,447968","0,00000000","22,578762",ENGIA6
Juros|Amortização,17/04/2028,401,126,-,"24,252575","399,900663","377,705523",ENGIA6
Juros,16/10/2028,526,125,-,"12,028614","0,00000000","10,331061",ENGIA6
Juros|Amortização,16/04/2029,648,122,-,"11,735732","399,900663","341,286212",ENGIA6
Juros,15/01/2027,87,126,-,"36,802775","0,00000000","35,882478",SAELA1
Juros,15/07/2027,211,124,-,"36,210174","0,00000000","34,053125",SAELA1
Juros,17/01/2028,339,128,-,"37,395651","0,00000000","33,881786",SAELA1
Juros,17/07/2028,463,124,-,"36,210174","0,00000000","31,64465",SAELA1
Juros|Amortização,15/01/2029,586,123,-,"35,913976","621,191155","554,0583",SAELA1
Juros,16/07/2029,711,125,-,"18,25322","0,00000000","14,840829",SAELA1
Juros|Amortização,15/01/2030,835,124,-,"18,105087","621,191155","501,354985",SAELA1
Juros,15/10/2026,25,126,-,"38,30528","0,00000000","38,022655",ESULA6
Juros,15/04/2027,148,123,-,"37,380034","0,00000000","35,776659",ESULA6
Juros,15/10/2027,275,127,-,"38,613838","0,00000000","35,593014",ESULA6
Juros,17/04/2028,401,126,-,"38,30528","0,00000000","34,015025",ESULA6
Juros,16/10/2028,526,125,-,"37,996793","0,00000000","32,514576",ESULA6
Juros,16/04/2029,648,122,-,"37,071765","0,00000000","30,597036",ESULA6
Juros|Amortização,15/10/2029,774,126,-,"38,30528","425,806717","369,019442",ESULA6
Juros,15/04/2030,897,123,-,"24,920035","0,00000000","19,105191",ESULA6
Juros|Amortização,15/10/2030,1025,128,-,"25,948326","425,807356","333,456687",ESULA6
Juros,15/04/2031,1148,123,-,"12,460017","0,00000000","8,868103",ESULA6
Juros|Amortização,15/10/2031,1276,128,-,"12,974162","425,807356","300,672347",ESULA6
Juros,15/10/2026,25,126,-,"31,253995","0,00000000","31,027426",ENMTB3
Juros,15/04/2027,148,123,-,"30,501875","0,00000000","29,21599",ENMTB3
Juros,15/10/2027,275,127,-,"31,504788","0,00000000","29,081643",ENMTB3
Juros,17/04/2028,401,126,-,"31,253995","0,00000000","27,811385",ENMTB3
Juros|Amortização,16/10/2028,526,125,-,"31,003245","470,822835","430,597388",ENMTB3
Juros,16/04/2029,648,122,-,"20,167513","0,00000000","16,701318",ENMTB3
Juros|Amortização,15/10/2029,774,126,-,"20,836007","470,823542","392,498132",ENMTB3
Juros,15/04/2030,897,123,-,"10,167296","0,00000000","7,831274",ENMTB3
Juros|Amortização,15/10/2030,1025,128,-,"10,585213","470,823542","357,2423",ENMTB3
Juros,15/12/2026,66,127,-,"43,898679","0,00000000","42,963526",ENAT14
Juros,15/06/2027,189,123,-,"42,489741","0,00000000","39,948888",ENAT14
Juros,15/12/2027,316,127,-,"43,898679","0,00000000","39,598384",ENAT14
Juros,16/06/2028,442,126,-,"43,546282","0,00000000","37,698509",ENAT14
Juros,15/12/2028,567,125,-,"43,193994","0,00000000","35,899237",ENAT14
Juros,15/06/2029,690,123,-,"42,489741","0,00000000","33,924862",ENAT14
Juros,17/12/2029,816,126,-,"43,546282","0,00000000","33,368153",ENAT14
Juros|Amortização,17/06/2030,940,124,-,"42,841813","1.102,44091","842,799495",ENAT14
Juros|Amortização,15/12/2026,66,127,-,"50,191807","148,186539","194,176468",ENAT11
Juros|Amortização,15/06/2027,189,123,-,"41,635314","148,187007","178,534496",ENAT11
Juros|Amortização,15/12/2027,316,127,-,"35,851283","148,186653","166,108269",ENAT11
Juros|Amortização,16/06/2028,442,126,-,"28,449857","148,186653","153,043287",ENAT11
Juros|Amortização,15/12/2028,567,125,-,"21,164079","148,186504","140,900096",ENAT11
Juros|Amortização,15/06/2029,690,123,-,"13,878438","148,186726","129,564731",ENAT11
Juros|Amortização,17/12/2029,816,126,-,"7,112467","148,186727","119,183528",ENAT11
Juros,15/12/2026,66,127,-,"45,013699","0,00000000","44,033097",ENAT33
Juros,15/06/2027,189,123,-,"43,568306","0,00000000","40,905211",ENAT33
Juros,15/12/2027,316,127,-,"45,013699","0,00000000","40,508521",ENAT33
Juros,16/06/2028,442,126,-,"44,65218","0,00000000","38,52858",ENAT33
Juros,15/12/2028,567,125,-,"44,290776","0,00000000","36,655336",ENAT33
Juros,15/06/2029,690,123,-,"43,568306","0,00000000","34,607325",ENAT33
Juros,17/12/2029,816,126,-,"44,65218","0,00000000","34,00781",ENAT33
Juros,17/06/2030,940,124,-,"43,929484","0,00000000","32,101152",ENAT33
Juros,16/12/2030,1067,127,-,"45,013699","0,00000000","31,528472",ENAT33
Juros,16/06/2031,1189,122,-,"43,207241","0,00000000","29,05582",ENAT33
Juros,15/12/2031,1318,129,-,"45,737078","0,00000000","29,461094",ENAT33
Juros|Amortização,15/06/2032,1442,124,-,"43,929484","367,595615","254,334514",ENAT33
Juros,15/12/2032,1569,127,-,"30,009147","0,00000000","17,776912",ENAT33
Juros|Amortização,15/06/2033,1695,126,-,"29,768135","367,596167","225,699286",ENAT33
Juros,15/12/2033,1821,126,-,"14,884067","0,00000000","8,105906",ENAT33
Juros|Amortização,15/06/2034,1945,124,-,"14,643167","367,596167","199,730262",ENAT33
Juros|Amortização,15/01/2027,87,126,-,"30,855763","29,674664","59,086743",ELTE12
Juros|Amortização,15/07/2027,211,124,-,"29,435371","29,675121","55,749199",ELTE12
Juros|Amortização,17/01/2028,339,128,-,"29,446649","31,872857","55,81468",ELTE12
Juros|Amortização,17/07/2028,463,124,-,"27,52082","31,873102","52,233549",ELTE12
Juros|Amortização,15/01/2029,586,123,-,"26,312142","34,071433","51,322121",ELTE12
Juros|Amortização,16/07/2029,711,125,-,"25,678093","34,071093","49,051807",ELTE12
Juros|Amortização,15/01/2030,835,124,-,"24,40967","35,719971","47,694617",ELTE12
Juros|Amortização,15/07/2030,959,124,-,"23,298541","35,720053","45,23008",ELTE12
Juros|Amortização,15/01/2031,1087,128,-,"22,914512","28,57571","38,083688",ELTE12
Juros|Amortização,15/07/2031,1210,123,-,"21,124132","28,575689","35,526081",ELTE12
Juros|Amortização,15/01/2032,1339,129,-,"21,245777","29,894702","35,270572",ELTE12
Juros|Amortização,15/07/2032,1464,125,-,"19,639231","29,894646","32,997973",ELTE12
Juros|Amortização,17/01/2033,1592,128,-,"19,157669","30,774134","32,102431",ELTE12
Juros|Amortização,15/07/2033,1716,124,-,"17,592498","30,774081","30,044418",ELTE12
Juros|Amortização,16/01/2034,1843,127,-,"17,044032","31,873446","29,334502",ELTE12
Juros|Amortização,17/07/2034,1967,124,-,"15,643744","31,873236","27,530952",ELTE12
Juros|Amortização,15/01/2035,2090,123,-,"14,532306","32,97236","26,600323",ELTE12
Juros|Amortização,16/07/2035,2215,125,-,"13,738213","32,97244","25,264099",ELTE12
Juros|Amortização,15/01/2036,2339,124,-,"12,600954","34,071218","24,389541",ELTE12
Juros|Amortização,15/07/2036,2463,124,-,"11,541113","34,071297","23,029599",ELTE12
Juros|Amortização,15/01/2037,2592,129,-,"10,910672","35,170465","22,448213",ELTE12
Juros|Amortização,15/07/2037,2715,123,-,"9,310374","35,170476","20,941603",ELTE12
Juros|Amortização,15/01/2038,2841,126,-,"8,429053","36,54441","20,446073",ELTE12
Juros|Amortização,15/07/2038,2965,124,-,"7,156425","36,544277","19,195513",ELTE12
Juros|Amortização,17/01/2039,3093,128,-,"6,216924","36,544287","18,127464",ELTE12
Juros|Amortização,15/07/2039,3217,124,-,"4,882886","156,972487","66,293648",ELTE12
Juros|Amortização,15/12/2026,66,127,-,"27,70205","30,786285","57,38669",ESAM14
Juros|Amortização,15/06/2027,189,123,-,"25,735394","83,893775","103,819271",ESAM14
Juros|Amortização,15/12/2027,316,127,-,"23,549535","46,180006","63,661682",ESAM14
Juros|Amortização,16/06/2028,442,126,-,"21,702056","103,135437","109,910938",ESAM14
Juros|Amortização,15/12/2028,567,125,-,"17,852141","23,089989","34,771706",ESAM14
Juros|Amortização,15/06/2029,690,123,-,"16,752269","61,573006","64,204791",ESAM14
Juros|Amortização,17/12/2029,816,126,-,"14,956449","27,707787","33,725939",ESAM14
Juros|Amortização,17/06/2030,940,124,-,"13,735726","46,180018","45,701015",ESAM14
Juros|Amortização,16/12/2030,1067,127,-,"12,401829","27,708023","29,494796",ESAM14
Juros|Amortização,16/06/2031,1189,122,-,"10,942063","69,269972","56,946749",ESAM14
Juros|Amortização,15/12/2031,1318,129,-,"9,032848","15,393335","16,708759",ESAM14
Juros|Amortização,15/06/2032,1442,124,-,"8,132634","84,663251","61,249443",ESAM14
Juros|Amortização,15/12/2032,1569,127,-,"5,267291","26,168612","20,00363",ESAM14
Juros|Amortização,15/06/2033,1695,126,-,"4,285119","119,298232","75,836348",ESAM14
Juros,15/10/2026,25,126,-,"36,233224","0,00000000","35,829588",ELPLA7
Juros,15/04/2027,148,123,-,"35,357925","0,00000000","33,089106",ELPLA7
Juros,15/10/2027,275,127,-,"36,525128","0,00000000","32,290518",ELPLA7
Juros,17/04/2028,401,126,-,"36,233224","0,00000000","30,274004",ELPLA7
Juros,16/10/2028,526,125,-,"35,94139","0,00000000","28,394352",ELPLA7
Juros,16/04/2029,648,122,-,"35,066297","0,00000000","26,2292",ELPLA7
Juros,15/10/2029,774,126,-,"36,233224","0,00000000","25,614255",ELPLA7
Juros|Amortização,15/04/2030,897,123,-,"35,357925","399,45645","290,898896",ELPLA7
Juros,15/10/2030,1025,128,-,"24,544746","0,00000000","15,505548",ELPLA7
Juros|Amortização,15/04/2031,1148,123,-,"23,571961","399,457049","252,907761",ELPLA7
Juros,15/10/2031,1276,128,-,"12,272372","0,00000000","6,928048",ELPLA7
Juros|Amortização,15/04/2032,1401,125,-,"11,980468","399,457049","219,614248",ELPLA7
Juros,15/01/2027,87,126,-,"38,613841","0,00000000","37,668968",EKTRC1
Juros,15/07/2027,211,124,-,"37,991202","0,00000000","35,775746",EKTRC1
Juros,17/01/2028,339,128,-,"39,236797","0,00000000","35,626198",EKTRC1
Juros|Amortização,17/07/2028,463,124,-,"37,991202","592,525145","552,633538",EKTRC1
Juros,15/01/2029,586,123,-,"18,84","0,00000000","15,944481",EKTRC1
Juros|Amortização,16/07/2029,711,125,-,"19,151239","592,525145","499,565562",EKTRC1
Juros,15/03/2027,126,243,-,"68,821072","0,00000000","66,315429",EKTRA8
Juros,15/03/2028,379,253,-,"71,750673","0,00000000","64,176734",EKTRA8
Juros,15/03/2029,627,248,-,"70,284889","0,00000000","58,440139",EKTRA8
Juros,15/03/2030,876,249,-,"70,577888","0,00000000","54,53656",EKTRA8
Juros|Amortização,17/03/2031,1128,252,-,"71,457358","1.019,37773","782,644431",EKTRA8
Juros|Amortização,16/11/2026,46,621,-,"39,814908","18,743037","57,765636",EKTT11
Juros|Amortização,17/05/2027,169,123,-,"37,963628","39,984767","74,143202",EKTT11
Juros|Amortização,16/11/2027,295,126,-,"37,640179","39,984954","71,131359",EKTT11
Juros|Amortização,15/05/2028,419,124,-,"35,790009","42,483787","69,139615",EKTT11
Juros|Amortização,16/11/2028,547,128,-,"35,598352","42,483756","66,404796",EKTT11
Juros|Amortização,15/05/2029,668,121,-,"32,333563","44,358778","62,927078",EKTT11
Juros|Amortização,16/11/2029,796,128,-,"32,809088","44,358499","60,96181",EKTT11
Juros|Amortização,15/05/2030,917,121,-,"29,642255","46,2333","57,831235",EKTT11
Juros|Amortização,18/11/2030,1048,131,-,"30,611569","46,232467","56,340704",EKTT11
Juros|Amortização,15/05/2031,1168,120,-,"26,612135","48,732188","53,312483",EKTT11
Juros|Amortização,17/11/2031,1299,131,-,"27,488783","48,731979","51,880383",EKTT11
Juros|Amortização,17/05/2032,1422,123,-,"24,281329","46,857792","46,689455",EKTT11
Juros|Amortização,16/11/2032,1548,126,-,"23,401696","46,85753","44,423038",EKTT11
Juros|Amortização,16/05/2033,1673,125,-,"21,743907","48,10692","42,559807",EKTT11
Juros|Amortização,16/11/2033,1800,127,-,"20,564427","48,107083","40,29681",EKTT11
Juros|Amortização,15/05/2034,1923,123,-,"18,422986","49,356753","38,350796",EKTT11
Juros|Amortização,16/11/2034,2051,128,-,"17,598519","49,356842","36,47516",EKTT11
Juros|Amortização,15/05/2035,2172,121,-,"15,124373","51,231092","34,875963",EKTT11
Juros|Amortização,16/11/2035,2300,128,-,"14,367771","51,23097","33,195741",EKTT11
Juros|Amortização,15/05/2036,2421,121,-,"12,016107","53,105188","31,794174",EKTT11
Juros|Amortização,17/11/2036,2552,131,-,"11,279039","53,105385","30,238264",EKTT11
Juros|Amortização,15/05/2037,2673,121,-,"8,794125","56,229354","29,46347",EKTT11
Juros|Amortização,16/11/2037,2800,127,-,"7,445396","60,902517","29,82668",EKTT11
Juros|Amortização,17/05/2038,2923,123,-,"5,328787","172,760969","74,937471",EKTT11
Juros|Amortização,15/01/2027,87,126,-,"29,571454","41,913376","69,687096",MGSP12
Juros|Amortização,15/07/2027,211,124,-,"28,189397","41,914247","65,904221",MGSP12
Juros|Amortização,17/01/2028,339,128,-,"28,171579","43,948652","65,306338",MGSP12
Juros|Amortização,17/07/2028,463,124,-,"26,330057","43,948801","61,370135",MGSP12
Juros|Amortização,15/01/2029,586,123,-,"25,171511","45,169445","59,251855",MGSP12
Juros|Amortização,16/07/2029,711,125,-,"24,599134","45,169406","56,657882",MGSP12
Juros|Amortização,15/01/2030,835,124,-,"23,422093","47,203841","55,309415",MGSP12
Juros|Amortização,15/07/2030,959,124,-,"22,399906","47,203284","52,565181",MGSP12
Juros|Amortização,15/01/2031,1087,128,-,"22,074989","48,831249","51,579728",MGSP12
Juros|Amortização,15/07/2031,1210,123,-,"20,154682","48,831242","48,407917",MGSP12
Juros|Amortização,15/01/2032,1339,129,-,"20,048292","50,05205","47,366848",MGSP12
Juros|Amortização,15/07/2032,1464,125,-,"18,327204","50,052271","44,543786",MGSP12
Juros|Amortização,17/01/2033,1592,128,-,"17,652719","52,086532","43,758681",MGSP12
Juros|Amortização,15/07/2033,1716,124,-,"15,967221","52,086724","41,178869",MGSP12
Juros|Amortização,16/01/2034,1843,127,-,"15,202265","53,714717","40,179089",MGSP12
Juros|Amortização,17/07/2034,1967,124,-,"13,676119","53,714853","37,888701",MGSP12
Juros|Amortização,15/01/2035,2090,123,-,"12,410951","55,342457","36,745185",MGSP12
Juros|Amortização,16/07/2035,2215,125,-,"11,406746","55,34223","34,899638",MGSP12
Juros|Amortização,15/01/2036,2339,124,-,"10,116088","56,562951","33,620162",MGSP12
Juros|Amortização,15/07/2036,2463,124,-,"8,891233","56,56296","31,826003",MGSP12
Juros|Amortização,15/01/2037,2592,129,-,"7,978962","58,190815","30,981521",MGSP12
Juros|Amortização,15/07/2037,2715,123,-,"6,354055","58,190807","29,151845",MGSP12
Juros|Amortização,15/01/2038,2841,126,-,"5,230072","58,190717","27,606788",MGSP12
Juros|Amortização,15/07/2038,2965,124,-,"3,886057","58,190714","26,058387",MGSP12
Juros|Amortização,17/01/2039,3093,128,-,"2,7116","60,632294","25,61231",MGSP12
Juros|Amortização,15/07/2039,3217,124,-,"1,312975","60,632295","24,153846",MGSP12
Juros,15/10/2026,25,126,-,"38,227735","0,00000000","37,9236",ERDVC3
Juros,15/04/2027,148,123,-,"37,3028","0,00000000","35,579915",ERDVC3
Juros,15/10/2027,275,127,-,"38,536208","0,00000000","35,294733",ERDVC3
Juros,17/04/2028,401,126,-,"38,227735","0,00000000","33,630684",ERDVC3
Juros,16/10/2028,526,125,-,"37,919342","0,00000000","32,053311",ERDVC3
Juros,16/04/2029,648,122,-,"36,994651","0,00000000","30,076154",ERDVC3
Juros,15/10/2029,774,126,-,"38,227735","0,00000000","29,852323",ERDVC3
Juros,15/04/2030,897,123,-,"37,3028","0,00000000","28,007445",ERDVC3
Juros,15/10/2030,1025,128,-,"38,84476","0,00000000","27,996465",ERDVC3
Juros,15/04/2031,1148,123,-,"37,3028","0,00000000","25,849055",ERDVC3
Juros|Amortização,15/10/2031,1276,128,-,"38,84476","379,483207","278,265164",ERDVC3
Juros,15/04/2032,1401,125,-,"25,279574","0,00000000","16,15722",ERDVC3
Juros|Amortização,15/10/2032,1528,127,-,"25,690818","379,483776","248,66609",ERDVC3
Juros,18/04/2033,1654,126,-,"12,742583","0,00000000","7,511869",ERDVC3
Juros|Amortização,17/10/2033,1780,126,-,"12,742583","379,483776","222,097443",ERDVC3
Juros,15/12/2026,66,127,-,"38,822717","0,00000000","38,002682",ERDVB4
Juros,15/06/2027,189,123,-,"37,579342","0,00000000","35,350737",ERDVB4
Juros,15/12/2027,316,127,-,"38,822717","0,00000000","35,050506",ERDVB4
Juros,16/06/2028,442,126,-,"38,511745","0,00000000","33,381135",ERDVB4
Juros,15/12/2028,567,125,-,"38,200858","0,00000000","31,799555",ERDVB4
Juros,15/06/2029,690,123,-,"37,579342","0,00000000","30,062015",ERDVB4
Juros,17/12/2029,816,126,-,"38,511745","0,00000000","29,577513",ERDVB4
Juros,17/06/2030,940,124,-,"37,890058","0,00000000","27,955948",ERDVB4
Juros,16/12/2030,1067,127,-,"38,822717","0,00000000","27,491215",ERDVB4
Juros,16/06/2031,1189,122,-,"37,26871","0,00000000","25,369612",ERDVB4
Juros,15/12/2031,1318,129,-,"39,444913","0,00000000","25,753637",ERDVB4
Juros|Amortização,15/06/2032,1442,124,-,"37,890058","367,325752","254,164249",ERDVB4
Juros,15/12/2032,1569,127,-,"25,881824","0,00000000","15,580522",ERDVB4
Juros|Amortização,15/06/2033,1695,126,-,"25,67451","367,326303","227,132945",ERDVB4
Juros,15/12/2033,1821,126,-,"12,837254","0,00000000","7,122924",ERDVB4
Juros|Amortização,15/06/2034,1945,124,-,"12,630025","367,326303","202,535151",ERDVB4
Juros,15/12/2026,66,127,-,"37,273679","0,00000000","36,503435",ERDVA4
Juros,15/06/2027,189,123,-,"36,080697","0,00000000","33,986463",ERDVA4
Juros,15/12/2027,316,127,-,"37,273679","0,00000000","33,727433",ERDVA4
Juros,16/06/2028,442,126,-,"36,975316","0,00000000","32,14995",ERDVA4
Juros,15/12/2028,567,125,-,"36,677032","0,00000000","30,654015",ERDVA4
Juros,15/06/2029,690,123,-,"36,080697","0,00000000","29,004654",ERDVA4
Juros,17/12/2029,816,126,-,"36,975316","0,00000000","28,562225",ERDVA4
Juros,17/06/2030,940,124,-,"36,378825","0,00000000","27,020351",ERDVA4
Juros,16/12/2030,1067,127,-,"37,273679","0,00000000","26,594667",ERDVA4
Juros|Amortização,16/06/2031,1189,122,-,"35,782645","1.101,97836","781,052683",ERDVA4
Juros,15/12/2026,66,127,-,"39,890904","0,00000000","39,064659",ERDVC4
Juros,15/06/2027,189,123,-,"38,612743","0,00000000","36,366429",ERDVC4
Juros,15/12/2027,316,127,-,"39,890904","0,00000000","36,087171",ERDVC4
Juros,16/06/2028,442,126,-,"39,571229","0,00000000","34,395781",ERDVC4
Juros,15/12/2028,567,125,-,"39,251644","0,00000000","32,791999",ERDVC4
Juros,15/06/2029,690,123,-,"38,612743","0,00000000","31,024197",ERDVC4
Juros,17/12/2029,816,126,-,"39,571229","0,00000000","30,548937",ERDVC4
Juros,17/06/2030,940,124,-,"38,932149","0,00000000","28,896621",ERDVC4
Juros,16/12/2030,1067,127,-,"39,890904","0,00000000","28,439472",ERDVC4
Juros,16/06/2031,1189,122,-,"38,293426","0,00000000","26,264518",ERDVC4
Juros,15/12/2031,1318,129,-,"40,530521","0,00000000","26,684613",ERDVC4
Juros,15/06/2032,1442,124,-,"38,932149","0,00000000","24,643888",ERDVC4
Juros,15/12/2032,1569,127,-,"39,890904","0,00000000","24,254017",ERDVC4
Juros,15/06/2033,1695,126,-,"39,571229","0,00000000","23,117242",ERDVC4
Juros,15/12/2033,1821,126,-,"39,571229","0,00000000","22,211746",ERDVC4
Juros,15/06/2034,1945,124,-,"38,932149","0,00000000","21,010368",ERDVC4
Juros,15/12/2034,2071,126,-,"39,571229","0,00000000","20,518778",ERDVC4
Juros,15/06/2035,2194,123,-,"38,612743","0,00000000","19,25584",ERDVC4
Juros,17/12/2035,2320,126,-,"39,571229","0,00000000","18,960859",ERDVC4
Juros,16/06/2036,2442,122,-,"38,293426","0,00000000","17,652258",ERDVC4
Juros,15/12/2036,2571,129,-,"40,530521","0,00000000","17,934602",ERDVC4
Juros|Amortização,15/06/2037,2693,122,-,"38,293426","367,325752","172,673473",ERDVC4
Juros,15/12/2037,2820,127,-,"26,593948","0,00000000","10,874239",ERDVC4
Juros|Amortização,15/06/2038,2944,124,-,"25,954778","367,326303","154,611316",ERDVC4
Juros,15/12/2038,3070,126,-,"13,190415","0,00000000","4,982454",ERDVC4
Juros|Amortização,15/06/2039,3195,125,-,"13,083887","367,326303","138,108829",ERDVC4
Juros,15/12/2026,66,127,-,"33,382256","0,00000000","32,750994",ECHP11
Juros|Amortização,15/06/2027,189,123,-,"32,313635","257,914721","274,787454",ECHP11
Juros,15/12/2027,316,127,-,"24,561995","0,00000000","22,416429",ECHP11
Juros|Amortização,16/06/2028,442,126,-,"24,36535","245,256854","237,262901",ECHP11
Juros,15/12/2028,567,125,-,"15,915658","0,00000000","13,508146",ECHP11
Juros|Amortização,15/06/2029,690,123,-,"15,656838","234,612238","204,987139",ECHP11
Juros,17/12/2029,816,126,-,"8,086001","0,00000000","6,385936",ECHP11
Juros|Amortização,17/06/2030,940,124,-,"7,955533","238,352445","187,668722",ECHP11
Juros,15/12/2026,66,127,-,"40,54102","0,00000000","39,764262",DESK17
Juros,15/06/2027,189,123,-,"39,241646","0,00000000","37,126813",DESK17
Juros,15/12/2027,316,127,-,"40,54102","0,00000000","36,954568",DESK17
Juros,16/06/2028,442,126,-,"40,216039","0,00000000","35,32914",DESK17
Juros,15/12/2028,567,125,-,"39,891148","0,00000000","33,782977",DESK17
Juros|Amortização,15/06/2029,690,123,-,"39,241646","366,902083","331,774757",DESK17
Juros,17/12/2029,816,126,-,"26,810706","0,00000000","21,107273",DESK17
Juros|Amortização,17/06/2030,940,124,-,"26,37758","366,902633","298,566376",DESK17
Juros,16/12/2030,1067,127,-,"13,51368","0,00000000","9,884289",DESK17
Juros|Amortização,16/06/2031,1189,122,-,"12,972351","366,902633","268,09086",DESK17
Juros,15/10/2026,25,126,-,"33,576192","0,00000000","33,341153",EEELB1
Juros,15/04/2027,148,123,-,"32,765048","0,00000000","31,430402",EEELB1
Juros,15/10/2027,275,127,-,"33,846703","0,00000000","31,329778",EEELB1
Juros,17/04/2028,401,126,-,"33,576192","0,00000000","29,998273",EEELB1
Juros,16/10/2028,526,125,-,"33,305747","0,00000000","28,72962",EEELB1
Juros,16/04/2029,648,122,-,"32,494793","0,00000000","27,085475",EEELB1
Juros,15/10/2029,774,126,-,"33,576192","0,00000000","27,013321",EEELB1
Juros,15/04/2030,897,123,-,"32,765048","0,00000000","25,465213",EEELB1
Juros,15/10/2030,1025,128,-,"34,117278","0,00000000","25,579418",EEELB1
Juros,15/04/2031,1148,123,-,"32,765048","0,00000000","23,731056",EEELB1
Juros,15/10/2031,1276,128,-,"34,117278","0,00000000","23,837484",EEELB1
Juros,15/04/2032,1401,125,-,"33,305747","0,00000000","22,467312",EEELB1
Juros,15/10/2032,1528,127,-,"33,846703","0,00000000","22,031807",EEELB1
Juros,18/04/2033,1654,126,-,"33,576192","0,00000000","21,095462",EEELB1
Juros,17/10/2033,1780,126,-,"33,576192","0,00000000","20,361647",EEELB1
Juros,17/04/2034,1905,125,-,"33,305747","0,00000000","19,500535",EEELB1
Juros,16/10/2034,2030,125,-,"33,305747","0,00000000","18,82749",EEELB1
Juros,16/04/2035,2152,122,-,"32,494793","0,00000000","17,750027",EEELB1
Juros,15/10/2035,2278,126,-,"33,576192","0,00000000","17,702742",EEELB1
Juros,15/04/2036,2401,123,-,"32,765048","0,00000000","16,688214",EEELB1
Juros,15/10/2036,2529,128,-,"34,117278","0,00000000","16,763057",EEELB1
Juros|Amortização,15/04/2037,2653,124,-,"33,035365","369,056044","190,797012",EEELB1
Juros,15/10/2037,2779,126,-,"22,384139","0,00000000","10,252057",EEELB1
Juros|Amortização,15/04/2038,2903,124,-,"22,023587","369,056597","172,983375",EEELB1
Juros,15/10/2038,3029,126,-,"11,192069","0,00000000","4,778293",EEELB1
Juros|Amortização,15/04/2039,3154,125,-,"11,101921","369,056597","156,701455",EEELB1
Juros,15/10/2026,25,126,-,"33,265597","0,00000000","33,03206",EEELA1
Juros,15/04/2027,148,123,-,"32,46206","0,00000000","31,136008",EEELA1
Juros,15/10/2027,275,127,-,"33,533568","0,00000000","31,032988",EEELA1
Juros,17/04/2028,401,126,-,"33,265597","0,00000000","29,711084",EEELA1
Juros,16/10/2028,526,125,-,"32,997688","0,00000000","28,451714",EEELA1
Juros,16/04/2029,648,122,-,"32,19434","0,00000000","26,8209",EEELA1
Juros,15/10/2029,774,126,-,"33,265597","0,00000000","26,746595",EEELA1
Juros,15/04/2030,897,123,-,"32,46206","0,00000000","25,21133",EEELA1
Juros,15/10/2030,1025,128,-,"33,801602","0,00000000","25,321624",EEELA1
Juros,15/04/2031,1148,123,-,"32,46206","0,00000000","23,489667",EEELA1
Juros,15/10/2031,1276,128,-,"33,801602","0,00000000","23,592429",EEELA1
Juros|Amortização,15/04/2032,1401,125,-,"32,997688","369,056044","270,907616",EEELA1
Juros,15/10/2032,1528,127,-,"22,355723","0,00000000","14,533921",EEELA1
Juros|Amortização,18/04/2033,1654,126,-,"22,177075","369,056597","245,476356",EEELA1
Juros,17/10/2033,1780,126,-,"11,088537","0,00000000","6,714706",EEELA1
Juros|Amortização,17/04/2034,1905,125,-,"10,999234","369,056597","222,178453",EEELA1
Juros,16/11/2026,46,127,-,"36,516205","0,00000000","36,046666",CPLD37
Juros,17/05/2027,169,123,-,"35,349194","0,00000000","33,707782",CPLD37
Juros,16/11/2027,295,126,-,"36,224348","0,00000000","33,339254",CPLD37
Juros,15/05/2028,419,124,-,"35,640843","0,00000000","31,677601",CPLD37
Juros,16/11/2028,547,128,-,"36,80813","0,00000000","31,557917",CPLD37
Juros,15/05/2029,668,121,-,"34,766107","0,00000000","28,809532",CPLD37
Juros,16/11/2029,796,128,-,"36,80813","0,00000000","29,422811",CPLD37
Juros|Amortização,15/05/2030,917,121,-,"34,766107","397,107391","333,66645",CPLD37
Juros,18/11/2030,1048,131,-,"25,124138","0,00000000","18,708581",CPLD37
Juros|Amortização,15/05/2031,1168,120,-,"22,98426","397,166964","302,477507",CPLD37
Juros,17/11/2031,1299,131,-,"12,562068","0,00000000","8,716503",CPLD37
Juros|Amortização,17/05/2032,1422,123,-,"11,783653","397,166964","274,108957",CPLD37
Juros,16/11/2026,46,127,-,"34,449334","0,00000000","34,01045",CPLD29
Juros,17/05/2027,169,123,-,"33,348103","0,00000000","31,813624",CPLD29
Juros,16/11/2027,295,126,-,"34,173927","0,00000000","31,476337",CPLD29
Juros,15/05/2028,419,124,-,"33,623311","0,00000000","29,917079",CPLD29
Juros,16/11/2028,547,128,-,"34,724808","0,00000000","29,81424",CPLD29
Juros,15/05/2029,668,121,-,"32,797886","0,00000000","27,225904",CPLD29
Juros,16/11/2029,796,128,-,"34,724808","0,00000000","27,815156",CPLD29
Juros|Amortização,15/05/2030,917,121,-,"32,797886","110,463135","110,948711",CPLD29
Juros,18/11/2030,1048,131,-,"31,996467","0,00000000","23,891217",CPLD29
Juros|Amortização,15/05/2031,1168,120,-,"29,270589","110,463024","100,904551",CPLD29
Juros,17/11/2031,1299,131,-,"28,441309","0,00000000","19,801654",CPLD29
Juros|Amortização,17/05/2032,1422,123,-,"26,678485","110,463148","92,26387",CPLD29
Juros,16/11/2032,1548,126,-,"23,921751","0,00000000","15,538268",CPLD29
Juros|Amortização,16/05/2033,1673,125,-,"23,729013","110,463037","84,179199",CPLD29
Juros,16/11/2033,1800,127,-,"20,669606","0,00000000","12,515161",CPLD29
Juros|Amortização,15/05/2034,1923,123,-,"20,008866","220,926113","140,966059",CPLD29
Juros,16/11/2034,2051,128,-,"13,889933","0,00000000","7,841877",CPLD29
Juros|Amortização,15/05/2035,2172,121,-,"13,119165","220,926445","127,753544",CPLD29
Juros,16/11/2035,2300,128,-,"6,944966","0,00000000","3,658034",CPLD29
Juros|Amortização,15/05/2036,2421,121,-,"6,559582","220,926445","115,847038",CPLD29
Juros,15/12/2026,66,127,-,"31,492161","0,00000000","30,918586",CPLD26
Juros,15/06/2027,189,123,-,"30,488952","0,00000000","28,925613",CPLD26
Juros,15/12/2027,316,127,-,"31,492161","0,00000000","28,839095",CPLD26
Juros,16/06/2028,442,126,-,"31,241288","0,00000000","27,622828",CPLD26
Juros,15/12/2028,567,125,-,"30,990462","0,00000000","26,46356",CPLD26
Juros|Amortização,15/06/2029,690,123,-,"30,488952","441,353683","389,350118",CPLD26
Juros,17/12/2029,816,126,-,"20,828566","0,00000000","16,594438",CPLD26
Juros|Amortização,17/06/2030,940,124,-,"20,494146","441,419893","355,521849",CPLD26
Juros,16/12/2030,1067,127,-,"10,497911","0,00000000","7,799147",CPLD26
Juros|Amortização,16/06/2031,1189,122,-,"10,079924","441,419893","324,22438",CPLD26
Juros,15/01/2027,87,126,-,"36,385241","0,00000000","35,507548",CPLDA1
Juros,15/07/2027,211,124,-,"35,797783","0,00000000","33,739372",CPLDA1
Juros,17/01/2028,339,128,-,"36,973022","0,00000000","33,617367",CPLDA1
Juros,17/07/2028,463,124,-,"35,797783","0,00000000","31,435496",CPLDA1
Juros,15/01/2029,586,123,-,"35,504177","0,00000000","30,119723",CPLDA1
Juros,16/07/2029,711,125,-,"36,091473","0,00000000","29,5624",CPLDA1
Juros,15/01/2030,835,124,-,"35,797783","0,00000000","28,318918",CPLDA1
Juros,15/07/2030,959,124,-,"35,797783","0,00000000","27,3503",CPLDA1
Juros,15/01/2031,1087,128,-,"36,973022","0,00000000","27,251398",CPLDA1
Juros,15/07/2031,1210,123,-,"35,504177","0,00000000","25,280789",CPLDA1
Juros|Amortização,15/01/2032,1339,129,-,"37,267033","82,465214","82,223944",CPLDA1
Juros,15/07/2032,1464,125,-,"33,204154","0,00000000","22,016239",CPLDA1
Juros|Amortização,17/01/2033,1592,128,-,"34,015179","82,465667","74,508036",CPLDA1
Juros,15/07/2033,1716,124,-,"30,070122","0,00000000","18,576728",CPLDA1
Juros|Amortização,16/01/2034,1843,127,-,"30,81042","82,465088","67,528924",CPLDA1
Juros,17/07/2034,1967,124,-,"27,206304","0,00000000","15,664221",CPLDA1
Juros|Amortização,15/01/2035,2090,123,-,"26,983163","82,465055","60,877287",CPLDA1
Juros,16/07/2035,2215,125,-,"24,542195","0,00000000","13,180247",CPLDA1
Juros|Amortização,15/01/2036,2339,124,-,"24,342487","233,65115","133,814935",CPLDA1
Juros,15/07/2036,2463,124,-,"16,228332","0,00000000","8,129333",CPLDA1
Juros|Amortização,15/01/2037,2592,129,-,"16,894392","233,6515","121,04429",CPLDA1
Juros,15/07/2037,2715,123,-,"8,047615","0,00000000","3,756051",CPLDA1
Juros|Amortização,15/01/2038,2841,126,-,"8,247323","233,651501","108,978236",CPLDA1
Juros,15/12/2026,66,127,-,"41,284871","0,00000000","40,418441",CRTA12
Juros,15/06/2027,189,123,-,"39,96083","0,00000000","37,605943",CRTA12
Juros,15/12/2027,316,127,-,"41,284871","0,00000000","37,298211",CRTA12
Juros,16/06/2028,442,126,-,"40,953715","0,00000000","35,530804",CRTA12
Juros,15/12/2028,567,125,-,"40,622655","0,00000000","33,855892",CRTA12
Juros,15/06/2029,690,123,-,"39,96083","0,00000000","32,013548",CRTA12
Juros,17/12/2029,816,126,-,"40,953715","0,00000000","31,507016",CRTA12
Juros|Amortização,17/06/2030,940,124,-,"40,291694","16,220637","41,77832",CRTA12
Juros|Amortização,16/12/2030,1067,127,-,"40,665598","16,220183","40,372586",CRTA12
Juros|Amortização,16/06/2031,1189,122,-,"38,441178","5,407259","29,923327",CRTA12
Juros|Amortização,15/12/2031,1318,129,-,"40,479319","5,406516","30,042105",CRTA12
Juros,15/06/2032,1442,124,-,"38,680042","0,00000000","24,335062",CRTA12
Juros,15/12/2032,1569,127,-,"39,633493","0,00000000","23,937729",CRTA12
Juros|Amortização,15/06/2033,1695,126,-,"39,315582","5,406535","25,939262",CRTA12
Juros|Amortização,15/12/2033,1821,126,-,"39,110826","5,407293","24,796291",CRTA12
Juros|Amortização,15/06/2034,1945,124,-,"38,277122","5,406718","23,381077",CRTA12
Juros|Amortização,15/12/2034,2071,126,-,"38,70128","5,406875","22,671344",CRTA12
Juros|Amortização,15/06/2035,2194,123,-,"37,563199","43,25486","39,930076",CRTA12
Juros|Amortização,17/12/2035,2320,126,-,"36,858369","43,25463","38,011007",CRTA12
Juros|Amortização,16/06/2036,2442,122,-,"34,081895","51,365823","38,983405",CRTA12
Juros|Amortização,15/12/2036,2571,129,-,"34,08235","51,365794","37,400542",CRTA12
Juros|Amortização,15/06/2037,2693,122,-,"30,317006","59,475332","37,79092",CRTA12
Juros|Amortização,15/12/2037,2820,127,-,"29,312279","59,475872","35,873875",CRTA12
Juros|Amortização,15/06/2038,2944,124,-,"26,391071","40,551676","25,990857",CRTA12
Juros|Amortização,15/12/2038,3070,126,-,"25,288927","40,551778","24,54857",CRTA12
Juros|Amortização,15/06/2039,3195,125,-,"23,561142","43,255339","23,931479",CRTA12
Juros|Amortização,15/12/2039,3322,127,-,"22,293821","43,254971","22,538537",CRTA12
Juros|Amortização,15/06/2040,3448,126,-,"20,47685","54,068772","24,614886",CRTA12
Juros|Amortização,17/12/2040,3574,126,-,"18,429164","54,068719","22,988767",CRTA12
Juros|Amortização,17/06/2041,3698,124,-,"16,116673","59,475657","23,033603",CRTA12
Juros|Amortização,16/12/2041,3825,127,-,"14,243276","59,475549","21,564413",CRTA12
Juros|Amortização,16/06/2042,3947,122,-,"11,492719","72,992996","23,763775",CRTA12
Juros|Amortização,15/12/2042,4076,129,-,"9,33331","72,992893","22,216017",CRTA12
Juros|Amortização,15/06/2043,4198,122,-,"6,142655","83,80657","23,339871",CRTA12
Juros|Amortização,15/12/2043,4325,127,-,"3,199574","83,806571","21,67335",CRTA12
Juros|Amortização,15/01/2027,87,126,-,"39,170666","4,025706","42,123873",CBAN12
Juros|Amortização,15/07/2027,211,124,-,"38,443598","4,026564","39,957864",CBAN12
Juros|Amortização,17/01/2028,339,128,-,"39,59811","96,618869","123,505101",CBAN12
Juros|Amortização,17/07/2028,463,124,-,"35,998077","96,619113","116,008763",CBAN12
Juros|Amortização,15/01/2029,586,123,-,"33,375773","104,67083","116,541211",CBAN12
Juros|Amortização,16/07/2029,711,125,-,"31,360973","104,671414","110,766374",CBAN12
Juros|Amortização,15/01/2030,835,124,-,"28,563716","108,697537","107,832805",CBAN12
Juros|Amortização,15/07/2030,959,124,-,"25,922543","108,697439","102,035147",CBAN12
Juros|Amortização,15/01/2031,1087,128,-,"24,04173","108,69683","96,955549",CBAN12
Juros|Amortização,15/07/2031,1210,123,-,"20,471775","108,697167","91,05347",CBAN12
Juros|Amortização,15/01/2032,1339,129,-,"18,733926","108,697153","86,541328",CBAN12
Juros|Amortização,15/07/2032,1464,125,-,"15,48325","108,697569","81,341941",CBAN12
Juros|Amortização,17/01/2033,1592,128,-,"13,132039","112,723228","79,445026",CBAN12
Juros|Amortização,15/07/2033,1716,124,-,"9,977727","112,723052","74,727415",CBAN12
Juros|Amortização,16/01/2034,1843,127,-,"7,416034","148,955315","91,80168",CBAN12
Juros|Amortização,17/07/2034,1967,124,-,"3,61937","148,955316","86,4198",CBAN12
Juros|Amortização,15/01/2027,87,126,-,"40,880238","4,041759","43,804024",CBAN32
Juros|Amortização,15/07/2027,211,124,-,"40,121133","4,04262","41,545223",CBAN32
Juros|Amortização,17/01/2028,339,128,-,"41,326656","97,004137","125,392323",CBAN32
Juros|Amortização,17/07/2028,463,124,-,"37,568899","97,004382","117,682285",CBAN32
Juros|Amortização,15/01/2029,586,123,-,"34,832035","105,088206","118,075223",CBAN32
Juros|Amortização,16/07/2029,711,125,-,"32,729572","105,088793","112,165601",CBAN32
Juros|Amortização,15/01/2030,835,124,-,"29,810131","109,13097","109,089639",CBAN32
Juros|Amortização,15/07/2030,959,124,-,"27,053707","109,130871","103,152764",CBAN32
Juros|Amortização,15/01/2031,1087,128,-,"25,091206","109,13026","97,965209",CBAN32
Juros|Amortização,15/07/2031,1210,123,-,"21,365005","109,130598","91,9119",CBAN32
Juros|Amortização,15/01/2032,1339,129,-,"19,551776","109,130584","87,310411",CBAN32
Juros|Amortização,15/07/2032,1464,125,-,"16,158942","109,131001","81,985602",CBAN32
Juros|Amortização,17/01/2033,1592,128,-,"13,705281","113,172713","80,002698",CBAN32
Juros|Amortização,15/07/2033,1716,124,-,"10,413117","113,172535","75,177271",CBAN32
Juros|Amortização,16/01/2034,1843,127,-,"7,73973","149,549277","92,223082",CBAN32
Juros|Amortização,17/07/2034,1967,124,-,"3,777305","149,549277","86,727911",CBAN32
Juros|Amortização,15/01/2027,87,126,-,"40,880238","4,041759","43,808116",CBAN72
Juros|Amortização,15/07/2027,211,124,-,"40,121133","4,04262","41,554636",CBAN72
Juros|Amortização,17/01/2028,339,128,-,"41,326656","97,004137","125,437968",CBAN72
Juros|Amortização,17/07/2028,463,124,-,"37,568899","97,004382","117,740798",CBAN72
Juros|Amortização,15/01/2029,586,123,-,"34,832035","105,088206","118,149532",CBAN72
Juros|Amortização,16/07/2029,711,125,-,"32,729572","105,088793","112,251255",CBAN72
Juros|Amortização,15/01/2030,835,124,-,"29,810131","109,13097","109,187478",CBAN72
Juros|Amortização,15/07/2030,959,124,-,"27,053707","109,130871","103,259024",CBAN72
Juros|Amortização,15/01/2031,1087,128,-,"25,091206","109,13026","98,079603",CBAN72
Juros|Amortização,15/07/2031,1210,123,-,"21,365005","109,130598","92,031378",CBAN72
Juros|Amortização,15/01/2032,1339,129,-,"19,551776","109,130584","87,436016",CBAN72
Juros|Amortização,15/07/2032,1464,125,-,"16,158942","109,131001","82,114566",CBAN72
Juros|Amortização,17/01/2033,1592,128,-,"13,705281","113,172713","80,139555",CBAN72
Juros|Amortização,15/07/2033,1716,124,-,"10,413117","113,172535","75,315899",CBAN72
Juros|Amortização,16/01/2034,1843,127,-,"7,73973","149,549277","92,405742",CBAN72
Juros|Amortização,17/07/2034,1967,124,-,"3,777305","149,549277","86,911257",CBAN72
Juros|Amortização,15/01/2027,87,126,-,"40,880238","4,041759","43,806541",CBAN52
Juros|Amortização,15/07/2027,211,124,-,"40,121133","4,04262","41,551013",CBAN52
Juros|Amortização,17/01/2028,339,128,-,"41,326656","97,004137","125,420397",CBAN52
Juros|Amortização,17/07/2028,463,124,-,"37,568899","97,004382","117,718272",CBAN52
Juros|Amortização,15/01/2029,586,123,-,"34,832035","105,088206","118,120924",CBAN52
Juros|Amortização,16/07/2029,711,125,-,"32,729572","105,088793","112,218278",CBAN52
Juros|Amortização,15/01/2030,835,124,-,"29,810131","109,13097","109,149808",CBAN52
Juros|Amortização,15/07/2030,959,124,-,"27,053707","109,130871","103,21811",CBAN52
Juros|Amortização,15/01/2031,1087,128,-,"25,091206","109,13026","98,035555",CBAN52
Juros|Amortização,15/07/2031,1210,123,-,"21,365005","109,130598","91,985372",CBAN52
Juros|Amortização,15/01/2032,1339,129,-,"19,551776","109,130584","87,387647",CBAN52
Juros|Amortização,15/07/2032,1464,125,-,"16,158942","109,131001","82,064903",CBAN52
Juros|Amortização,17/01/2033,1592,128,-,"13,705281","113,172713","80,08685",CBAN52
Juros|Amortização,15/07/2033,1716,124,-,"10,413117","113,172535","75,26251",CBAN52
Juros|Amortização,16/01/2034,1843,127,-,"7,73973","149,549277","92,335391",CBAN52
Juros|Amortização,17/07/2034,1967,124,-,"3,777305","149,549277","86,840639",CBAN52
Juros|Amortização,15/03/2029,627,1007,-,"393,310519","1.065,8308","1.206,984077",CERT11
Juros,15/01/2027,87,126,-,"39,66623","0,00000000","38,537871",CLTM14
Juros|Amortização,15/07/2027,211,124,-,"39,025705","37,123861","71,00204",CLTM14
Juros|Amortização,17/01/2028,339,128,-,"38,963555","37,124505","67,995514",CLTM14
Juros|Amortização,17/07/2028,463,124,-,"36,423994","37,123938","63,076968",CLTM14
Juros|Amortização,15/01/2029,586,123,-,"34,835031","37,12421","59,247164",CLTM14
Juros|Amortização,16/07/2029,711,125,-,"34,099814","37,124693","56,260421",CLTM14
Juros|Amortização,15/01/2030,835,124,-,"32,521419","37,12423","52,796376",CLTM14
Juros|Amortização,15/07/2030,959,124,-,"31,220561","37,124527","49,722622",CLTM14
Juros|Amortização,15/01/2031,1087,128,-,"30,902108","37,123995","47,433226",CLTM14
Juros|Amortização,15/07/2031,1210,123,-,"28,384084","37,124598","43,851715",CLTM14
Juros|Amortização,15/01/2032,1339,129,-,"28,439364","37,124173","42,050038",CLTM14
Juros|Amortização,15/07/2032,1464,125,-,"26,230601","37,124212","38,983081",CLTM14
Juros|Amortização,17/01/2033,1592,128,-,"25,527824","37,124508","36,948273",CLTM14
Juros|Amortização,15/07/2033,1716,124,-,"23,415399","37,124491","34,263768",CLTM14
Juros|Amortização,16/01/2034,1843,127,-,"22,659056","37,124475","32,439897",CLTM14
Juros|Amortização,17/07/2034,1967,124,-,"20,813668","37,124159","30,171486",CLTM14
Juros|Amortização,15/01/2035,2090,123,-,"19,352749","37,124344","28,23498",CLTM14
Juros|Amortização,16/07/2035,2215,125,-,"18,361388","37,124369","26,612716",CLTM14
Juros|Amortização,15/01/2036,2339,124,-,"16,911091","37,124091","24,872584",CLTM14
Juros|Amortização,15/07/2036,2463,124,-,"15,610239","37,123983","23,295574",CLTM14
Juros|Amortização,15/01/2037,2592,129,-,"14,896784","37,124108","22,017853",CLTM14
Juros|Amortização,15/07/2037,2715,123,-,"12,901828","37,124149","20,327005",CLTM14
Juros|Amortização,15/01/2038,2841,126,-,"11,899842","37,124112","19,104454",CLTM14
Juros|Amortização,15/07/2038,2965,124,-,"10,406831","37,124154","17,776232",CLTM14
Juros|Amortização,17/01/2039,3093,128,-,"9,404973","37,124117","16,678147",CLTM14
Juros|Amortização,15/07/2039,3217,124,-,"7,805125","37,124234","15,455749",CLTM14
Juros|Amortização,16/01/2040,3344,127,-,"6,664421","37,124146","14,441921",CLTM14
Juros|Amortização,16/07/2040,3469,125,-,"5,24611","37,124146","13,406576",CLTM14
Juros|Amortização,15/01/2041,3593,124,-,"3,90256","37,124108","12,458324",CLTM14
Juros|Amortização,15/07/2041,3717,124,-,"2,601708","37,124165","11,577197",CLTM14
Juros|Amortização,15/01/2042,3845,128,-,"1,343567","37,124165","10,744517",CLTM14
Juros|Amortização,15/12/2026,66,127,-,"398,202864","384,421788","766,475249",CART13
Juros|Amortização,15/06/2027,189,123,-,"372,88883","384,419616","713,413726",CART13
Juros|Amortização,15/12/2027,316,127,-,"372,232943","384,4211","684,764528",CART13
Juros|Amortização,16/06/2028,442,126,-,"356,372379","640,696908","867,12494",CART13
Juros|Amortização,15/12/2028,567,125,-,"332,202489","640,700855","813,346643",CART13
Juros|Amortização,15/06/2029,690,123,-,"305,852349","704,761464","812,671933",CART13
Juros|Amortização,17/12/2029,816,126,-,"289,820911","704,762011","768,570073",CART13
Juros|Amortização,17/06/2030,940,124,-,"261,911624","704,769107","718,310773",CART13
Juros|Amortização,16/12/2030,1067,127,-,"244,548357","704,765335","677,663821",CART13
Juros|Amortização,16/06/2031,1189,122,-,"211,912758","832,905872","717,640129",CART13
Juros|Amortização,15/12/2031,1318,129,-,"195,693587","832,903356","678,284462",CART13
Juros|Amortização,15/06/2032,1442,124,-,"160,526521","704,767495","548,677544",CART13
Juros|Amortização,15/12/2032,1569,127,-,"140,669469","704,767558","515,003271",CART13
Juros|Amortização,15/06/2033,1695,126,-,"115,9284","640,696088","442,916191",CART13
Juros|Amortização,15/12/2033,1821,126,-,"94,4602","640,697642","413,555879",CART13
Juros|Amortização,15/06/2034,1945,124,-,"71,814453","640,697417","385,418498",CART13
Juros|Amortização,15/12/2034,2071,126,-,"51,523701","640,69684","359,830004",CART13
Juros|Amortização,15/06/2035,2194,123,-,"29,328295","448,487174","238,91155",CART13
Juros|Amortização,17/12/2035,2320,126,-,"15,027737","448,487174","222,716857",CART13
-,15/09/2026,4,238,-,"0,00000000","0,00000000","0,00000000",MGPRA0
Juros,15/03/2027,126,122,-,"41,837664","0,00000000","40,168015",MGPRA0
Juros,15/09/2027,254,128,-,"43,93519","0,00000000","40,472279",MGPRA0
Juros|Amortização,15/03/2028,379,125,-,"42,885953","1,397014","39,177362",MGPRA0
Juros|Amortização,15/09/2028,506,127,-,"43,530857","1,3975","38,149741",MGPRA0
Juros|Amortização,15/03/2029,627,121,-,"41,384705","7,868378","40,217891",MGPRA0
Juros|Amortização,17/09/2029,755,128,-,"43,516014","7,869297","40,258452",MGPRA0
Juros|Amortização,15/03/2030,876,121,-,"40,800485","12,375633","40,063559",MGPRA0
Juros|Amortização,16/09/2030,1004,128,-,"42,720152","12,375381","39,827357",MGPRA0
Juros|Amortização,17/03/2031,1128,124,-,"40,889054","16,553251","39,892445",MGPRA0
Juros|Amortização,15/09/2031,1254,126,-,"40,920778","16,553122","38,321493",MGPRA0
Juros|Amortização,15/03/2032,1379,125,-,"39,954666","19,454191","38,043133",MGPRA0
Juros|Amortização,15/09/2032,1507,128,-,"40,16741","19,454458","36,632188",MGPRA0
Juros|Amortização,15/03/2033,1631,124,-,"38,148155","22,727454","35,933068",MGPRA0
Juros|Amortização,15/09/2033,1759,128,-,"38,509168","22,727371","34,681176",MGPRA0
Juros|Amortização,15/03/2034,1883,124,-,"36,418139","26,881982","34,44145",MGPRA0
Juros|Amortização,15/09/2034,2010,127,-,"36,267826","26,881901","32,977744",MGPRA0
Juros|Amortização,15/03/2035,2131,121,-,"33,525057","28,6868","31,2419",MGPRA0
Juros|Amortização,17/09/2035,2259,128,-,"34,374442","28,687571","30,385355",MGPRA0
Juros|Amortização,17/03/2036,2381,122,-,"31,659443","29,249234","28,213053",MGPRA0
Juros|Amortização,15/09/2036,2507,126,-,"31,585758","29,249257","27,054374",MGPRA0
Juros|Amortização,16/03/2037,2632,125,-,"30,207951","32,408344","26,743889",MGPRA0
Juros|Amortização,15/09/2037,2758,126,-,"29,20049","32,407913","25,263301",MGPRA0
Juros|Amortização,15/03/2038,2880,122,-,"27,043169","35,237495","24,551489",MGPRA0
Juros|Amortização,15/09/2038,3008,128,-,"27,01373","35,237287","23,545247",MGPRA0
Juros|Amortização,15/03/2039,3132,124,-,"24,812554","38,072753","22,850709",MGPRA0
Juros|Amortização,15/09/2039,3260,128,-,"24,131789","38,072698","21,687247",MGPRA0
Juros|Amortização,15/03/2040,3385,125,-,"22,094528","41,507783","21,296534",MGPRA0
Juros|Amortização,17/09/2040,3513,128,-,"21,003346","41,507482","20,082764",MGPRA0
Juros|Amortização,15/03/2041,3634,121,-,"18,292814","43,946213","19,228519",MGPRA0
Juros|Amortização,16/09/2041,3762,128,-,"17,644018","43,94658","18,257011",MGPRA0
Juros|Amortização,17/03/2042,3886,124,-,"15,40967","404,8772","119,689151",MGPRA0
Juros,16/11/2026,46,127,-,"37,541102","0,00000000","36,94933",IVIAA0
Juros,17/05/2027,169,123,-,"36,339439","0,00000000","34,278875",IVIAA0
Juros,16/11/2027,295,126,-,"37,240568","0,00000000","33,63283",IVIAA0
Juros|Amortização,15/05/2028,419,124,-,"36,639737","33,087109","60,331751",IVIAA0
Juros|Amortização,16/11/2028,547,128,-,"36,706463","33,087285","57,777824",IVIAA0
Juros|Amortização,15/05/2029,668,121,-,"33,594732","33,087212","52,942169",IVIAA0
Juros|Amortização,16/11/2029,796,128,-,"34,435951","33,087066","51,291343",IVIAA0
Juros|Amortização,15/05/2030,917,121,-,"31,450385","38,601882","51,034427",IVIAA0
Juros|Amortização,18/11/2030,1048,131,-,"32,738689","38,601496","49,673413",IVIAA0
Juros|Amortização,15/05/2031,1168,120,-,"28,705598","38,601721","44,962546",IVIAA0
Juros|Amortização,17/11/2031,1299,131,-,"30,026607","38,601358","43,816577",IVIAA0
Juros|Amortização,17/05/2032,1422,123,-,"26,891178","44,11609","43,449915",IVIAA0
Juros|Amortização,16/11/2032,1548,126,-,"26,068392","44,116248","41,117526",IVIAA0
Juros|Amortização,16/05/2033,1673,125,-,"24,380465","46,873433","39,979955",IVIAA0
Juros|Amortização,16/11/2033,1800,127,-,"23,181621","46,873446","37,620277",IVIAA0
Juros|Amortização,15/05/2034,1923,123,-,"20,895166","49,630722","36,297758",IVIAA0
Juros|Amortização,16/11/2034,2051,128,-,"20,056096","49,630831","34,314787",IVIAA0
Juros|Amortização,15/05/2035,2172,121,-,"17,333437","60,659606","36,832795",IVIAA0
Juros|Amortização,16/11/2035,2300,128,-,"16,271922","60,659654","34,760194",IVIAA0
Juros|Amortização,15/05/2036,2421,121,-,"13,402143","66,174155","34,483402",IVIAA0
Juros|Amortização,17/11/2036,2552,131,-,"12,204357","66,174089","32,461737",IVIAA0
Juros|Amortização,15/05/2037,2673,121,-,"9,113459","68,931416","31,000472",IVIAA0
Juros|Amortização,16/11/2037,2800,127,-,"7,226656","68,931362","28,95265",IVIAA0
Juros|Amortização,17/05/2038,2923,123,-,"4,724125","143,37745","53,961146",IVIAA0
Juros,15/09/2026,4,126,-,"39,89929","0,00000000","39,842302",RSAN26
Juros,15/03/2027,126,122,-,"38,610569","0,00000000","36,910751",RSAN26
Juros,15/09/2027,254,128,-,"40,544199","0,00000000","37,026419",RSAN26
Juros,15/03/2028,379,125,-,"39,576973","0,00000000","34,564274",RSAN26
Juros,15/09/2028,506,127,-,"40,221698","0,00000000","33,568873",RSAN26
Juros,15/03/2029,627,121,-,"38,288619","0,00000000","30,603329",RSAN26
Juros,17/09/2029,755,128,-,"40,544199","0,00000000","30,957366",RSAN26
Juros,15/03/2030,876,121,-,"38,288619","0,00000000","27,998037",RSAN26
Juros,16/09/2030,1004,128,-,"40,544199","0,00000000","28,321935",RSAN26
Juros,17/03/2031,1128,124,-,"39,254746","0,00000000","26,232726",RSAN26
Juros,15/09/2031,1254,126,-,"39,89929","0,00000000","25,489605",RSAN26
Juros,15/03/2032,1379,125,-,"39,576973","0,00000000","24,179225",RSAN26
Juros,15/09/2032,1507,128,-,"40,544199","0,00000000","23,66273",RSAN26
Juros,15/03/2033,1631,124,-,"39,254746","0,00000000","21,917214",RSAN26
Juros,15/09/2033,1759,128,-,"40,544199","0,00000000","21,625104",RSAN26
Juros,15/03/2034,1883,124,-,"39,254746","0,00000000","20,029897",RSAN26
Juros,15/09/2034,2010,127,-,"40,221698","0,00000000","19,612747",RSAN26
Juros,15/03/2035,2131,121,-,"38,288619","0,00000000","17,880117",RSAN26
Juros,17/09/2035,2259,128,-,"40,544199","0,00000000","18,086964",RSAN26
Juros,17/03/2036,2381,122,-,"38,610569","0,00000000","16,489617",RSAN26
Juros,15/09/2036,2507,126,-,"39,89929","0,00000000","16,289818",RSAN26
Juros,16/03/2037,2632,125,-,"39,576973","0,00000000","15,452384",RSAN26
Juros|Amortização,15/09/2037,2758,126,-,"39,89929","364,898771","151,09081",RSAN26
Juros,15/03/2038,2880,122,-,"25,740393","0,00000000","9,197763",RSAN26
Juros|Amortização,15/09/2038,3008,128,-,"27,029479","364,899319","133,78596",RSAN26
Juros,15/03/2039,3132,124,-,"13,084921","0,00000000","4,272986",RSAN26
Juros|Amortização,15/09/2039,3260,128,-,"13,514739","364,899319","118,049457",RSAN26
Juros,15/10/2026,25,126,-,"34,624576","0,00000000","34,382109",CPFPA5
Juros,15/04/2027,148,123,-,"33,788066","0,00000000","32,411252",CPFPA5
Juros,15/10/2027,275,127,-,"34,903546","0,00000000","32,307112",CPFPA5
Juros,17/04/2028,401,126,-,"34,624576","0,00000000","30,933656",CPFPA5
Juros,16/10/2028,526,125,-,"34,345672","0,00000000","29,625049",CPFPA5
Juros,16/04/2029,648,122,-,"33,509361","0,00000000","27,929278",CPFPA5
Juros,15/10/2029,774,126,-,"34,624576","0,00000000","27,854554",CPFPA5
Juros,15/04/2030,897,123,-,"33,788066","0,00000000","26,257871",CPFPA5
Juros,15/10/2030,1025,128,-,"35,182584","0,00000000","26,375333",CPFPA5
Juros,15/04/2031,1148,123,-,"33,788066","0,00000000","24,469099",CPFPA5
Juros|Amortização,15/10/2031,1276,128,-,"35,182584","379,353287","289,594828",CPFPA5
Juros,15/04/2032,1401,125,-,"22,897127","0,00000000","15,443649",CPFPA5
Juros|Amortização,15/10/2032,1528,127,-,"23,269043","379,353856","262,037557",CPFPA5
Juros,18/04/2033,1654,126,-,"11,54153","0,00000000","7,250144",CPFPA5
Juros|Amortização,17/10/2033,1780,126,-,"11,54153","379,353856","237,007452",CPFPA5
Juros,15/10/2026,25,126,-,"34,61298","0,00000000","34,368501",PALFB3
Juros,15/04/2027,148,123,-,"33,776753","0,00000000","32,388723",PALFB3
Juros,15/10/2027,275,127,-,"34,891856","0,00000000","32,274668",PALFB3
Juros,17/04/2028,401,126,-,"34,61298","0,00000000","30,89311",PALFB3
Juros,16/10/2028,526,125,-,"34,334172","0,00000000","29,577214",PALFB3
Juros,16/04/2029,648,122,-,"33,498143","0,00000000","27,875899",PALFB3
Juros,15/10/2029,774,126,-,"34,61298","0,00000000","27,792785",PALFB3
Juros,15/04/2030,897,123,-,"33,776753","0,00000000","26,191797",PALFB3
Juros,15/10/2030,1025,128,-,"35,170796","0,00000000","26,300757",PALFB3
Juros,15/04/2031,1148,123,-,"33,776753","0,00000000","24,39261",PALFB3
Juros,15/10/2031,1276,128,-,"35,170796","0,00000000","24,494085",PALFB3
Juros,15/04/2032,1401,125,-,"34,334172","0,00000000","23,078823",PALFB3
Juros,15/10/2032,1528,127,-,"34,891856","0,00000000","22,624184",PALFB3
Juros,18/04/2033,1654,126,-,"34,61298","0,00000000","21,655727",PALFB3
Juros|Amortização,17/10/2033,1780,126,-,"34,61298","379,353287","249,910015",PALFB3
Juros,17/04/2034,1905,125,-,"22,889458","0,00000000","13,337126",PALFB3
Juros|Amortização,16/10/2034,2030,125,-,"22,889458","379,353856","226,216174",PALFB3
Juros,16/04/2035,2152,122,-,"11,166052","0,00000000","6,066132",PALFB3
Juros|Amortização,15/10/2035,2278,126,-,"11,537665","379,353856","204,905422",PALFB3
Juros,15/12/2026,66,127,-,"36,998204","0,00000000","36,323832",CHSF13
Juros,15/06/2027,189,123,-,"35,814189","0,00000000","33,976417",CHSF13
Juros,15/12/2027,316,127,-,"36,998204","0,00000000","33,878983",CHSF13
Juros,16/06/2028,442,126,-,"36,702085","0,00000000","32,448062",CHSF13
Juros,15/12/2028,567,125,-,"36,406044","0,00000000","31,084284",CHSF13
Juros,15/06/2029,690,123,-,"35,814189","0,00000000","29,548399",CHSF13
Juros,17/12/2029,816,126,-,"36,702085","0,00000000","29,235995",CHSF13
Juros,17/06/2030,940,124,-,"36,110077","0,00000000","27,787275",CHSF13
Juros,16/12/2030,1067,127,-,"36,998204","0,00000000","27,480552",CHSF13
Juros|Amortização,16/06/2031,1189,122,-,"35,518378","1.102,78795","817,215227",CHSF13
Juros,15/12/2026,66,127,-,"41,984939","0,00000000","41,191963",CEED12
Juros,15/06/2027,189,123,-,"40,640172","0,00000000","38,480585",CEED12
Juros,15/12/2027,316,127,-,"41,984939","0,00000000","38,321715",CEED12
Juros,16/06/2028,442,126,-,"41,648609","0,00000000","36,655797",CEED12
Juros,15/12/2028,567,125,-,"41,312371","0,00000000","35,070222",CEED12
Juros,15/06/2029,690,123,-,"40,640172","0,00000000","33,295159",CEED12
Juros|Amortização,17/12/2029,816,126,-,"41,648609","1.185,4935","969,418212",CEED12
Juros,15/03/2027,126,243,-,"68,821072","0,00000000","66,316876",CSRNA4
Juros,15/03/2028,379,253,-,"71,750673","0,00000000","64,180947",CSRNA4
Juros,15/03/2029,627,248,-,"70,284889","0,00000000","58,446485",CSRNA4
Juros,15/03/2030,876,249,-,"70,577888","0,00000000","54,544834",CSRNA4
Juros|Amortização,17/03/2031,1128,252,-,"71,457358","1.019,37773","782,797332",CSRNA4
Juros,16/11/2026,46,127,-,"36,846365","0,00000000","36,285008",COCE18
Juros,17/05/2027,169,123,-,"35,668696","0,00000000","33,712556",COCE18
Juros,16/11/2027,295,126,-,"36,551841","0,00000000","33,124609",COCE18
Juros,15/05/2028,419,124,-,"35,963005","0,00000000","31,26975",COCE18
Juros,16/11/2028,547,128,-,"37,140959","0,00000000","30,943449",COCE18
Juros,15/05/2029,668,121,-,"35,080283","0,00000000","28,069874",COCE18
Juros,16/11/2029,796,128,-,"37,140959","0,00000000","28,475913",COCE18
Juros|Amortização,15/05/2030,917,121,-,"35,080283","398,163778","319,020751",COCE18
Juros,18/11/2030,1048,131,-,"25,35012","0,00000000","17,868112",COCE18
Juros|Amortização,15/05/2031,1168,120,-,"23,190798","398,164375","285,33411",COCE18
Juros,17/11/2031,1299,131,-,"12,67506","0,00000000","8,216137",COCE18
Juros|Amortização,17/05/2032,1422,123,-,"11,88957","398,164375","255,111813",COCE18
Juros,15/12/2026,66,127,-,"44,563301","0,00000000","43,693786",CAEC12
Juros,15/06/2027,189,123,-,"43,132604","0,00000000","40,766141",CAEC12
Juros,15/12/2027,316,127,-,"44,563301","0,00000000","40,55125",CAEC12
Juros,16/06/2028,442,126,-,"44,205458","0,00000000","38,740516",CAEC12
Juros,15/12/2028,567,125,-,"43,847729","0,00000000","37,019359",CAEC12
Juros,15/06/2029,690,123,-,"43,132604","0,00000000","35,102583",CAEC12
Juros,17/12/2029,816,126,-,"44,205458","0,00000000","34,647501",CAEC12
Juros,17/06/2030,940,124,-,"43,49011","0,00000000","32,847965",CAEC12
Juros,16/12/2030,1067,127,-,"44,563301","0,00000000","32,406213",CAEC12
Juros,16/06/2031,1189,122,-,"42,775209","0,00000000","29,993306",CAEC12
Juros,15/12/2031,1318,129,-,"45,279319","0,00000000","30,549613",CAEC12
Juros,15/06/2032,1442,124,-,"43,49011","0,00000000","28,27602",CAEC12
Juros,15/12/2032,1569,127,-,"44,563301","0,00000000","27,895753",CAEC12
Juros,15/06/2033,1695,126,-,"44,205458","0,00000000","26,650125",CAEC12
Juros,15/12/2033,1821,126,-,"44,205458","0,00000000","25,666218",CAEC12
Juros|Amortização,15/06/2034,1945,124,-,"43,49011","220,256978","147,56916",CAEC12
Juros|Amortização,15/12/2034,2071,126,-,"35,364366","220,256978","137,742407",CAEC12
Juros|Amortização,15/06/2035,2194,123,-,"25,879562","220,256757","127,849155",CAEC12
Juros|Amortização,17/12/2035,2320,126,-,"17,682191","220,257088","119,02849",CAEC12
Juros|Amortização,16/06/2036,2442,122,-,"8,555045","220,257088","110,36849",CAEC12
-,15/12/2026,66,346,-,"0,00000000","0,00000000","0,00000000",ITPE13
Juros|Amortização,15/06/2027,189,123,-,"48,324361","4,092891","49,228952",ITPE13
Juros|Amortização,15/12/2027,316,127,-,"49,754222","4,09255","48,483361",ITPE13
Juros|Amortização,16/06/2028,442,126,-,"49,180943","6,431954","48,021913",ITPE13
Juros|Amortização,15/12/2028,567,125,-,"48,512326","6,432125","45,515873",ITPE13
Juros|Amortização,15/06/2029,690,123,-,"47,454508","9,355592","45,178113",ITPE13
Juros|Amortização,17/12/2029,816,126,-,"48,239871","9,355684","43,926075",ITPE13
Juros|Amortização,17/06/2030,940,124,-,"47,068602","12,279152","43,436719",ITPE13
Juros|Amortização,16/12/2030,1067,127,-,"47,707059","12,278643","42,090799",ITPE13
Juros|Amortização,16/06/2031,1189,122,-,"45,287672","15,787159","41,153748",ITPE13
Juros|Amortização,15/12/2031,1318,129,-,"47,256838","15,787107","40,699474",ITPE13
Juros|Amortização,15/06/2032,1442,124,-,"44,729746","18,126128","38,941313",ITPE13
Juros|Amortização,15/12/2032,1569,127,-,"45,060783","18,126128","37,529998",ITPE13
Juros|Amortização,15/06/2033,1695,126,-,"43,930866","22,802959","38,012666",ITPE13
Juros|Amortização,15/12/2033,1821,126,-,"42,96509","22,802797","35,927508",ITPE13
Juros|Amortização,15/06/2034,1945,124,-,"41,318967","19,295462","31,77668",ITPE13
Juros|Amortização,15/12/2034,2071,126,-,"41,182098","19,295339","30,405824",ITPE13
Juros|Amortização,15/06/2035,2194,123,-,"39,384226","32,158014","34,529432",ITPE13
Juros|Amortização,17/12/2035,2320,126,-,"39,002889","32,158676","32,93846",ITPE13
Juros|Amortização,16/06/2036,2442,122,-,"36,421768","36,250785","32,302483",ITPE13
Juros|Amortização,15/12/2036,2571,129,-,"36,983577","36,25122","31,187551",ITPE13
Juros|Amortização,15/06/2037,2693,122,-,"33,450535","53,207242","35,438802",ITPE13
Juros|Amortização,15/12/2037,2820,127,-,"32,578573","53,207609","33,633768",ITPE13
Juros|Amortização,15/06/2038,2944,124,-,"29,576185","44,437012","27,847528",ITPE13
Juros|Amortização,15/12/2038,3070,126,-,"28,181138","44,437098","26,203184",ITPE13
Juros|Amortização,15/06/2039,3195,125,-,"26,086043","67,240007","32,306236",ITPE13
Juros|Amortização,15/12/2039,3322,127,-,"23,641305","67,24012","30,16097",ITPE13
Juros|Amortização,15/06/2040,3448,126,-,"20,603438","71,917995","29,447161",ITPE13
Juros|Amortização,17/12/2040,3574,126,-,"17,557488","71,917822","27,310848",ITPE13
Juros|Amortização,17/06/2041,3698,124,-,"14,276469","82,442141","28,330962",ITPE13
Juros|Amortização,16/12/2041,3825,127,-,"11,109164","82,44231","26,271726",ITPE13
Juros|Amortização,16/06/2042,3947,122,-,"7,284355","177,747904","49,899146",ITPE13
Juros|Amortização,16/11/2026,46,127,-,"42,035928","17,044945","58,14257",COMR14
Juros|Amortização,17/05/2027,169,123,-,"40,041367","22,726219","59,182306",COMR14
Juros|Amortização,16/11/2027,295,126,-,"40,154216","22,726603","56,745359",COMR14
Juros|Amortização,15/05/2028,419,124,-,"38,636589","28,408397","57,947734",COMR14
Juros|Amortização,16/11/2028,547,128,-,"38,786215","28,408541","55,546788",COMR14
Juros|Amortização,15/05/2029,668,121,-,"35,567504","34,089654","55,20784",COMR14
Juros|Amortização,16/11/2029,796,128,-,"36,32004","34,089903","53,373098",COMR14
Juros|Amortização,15/05/2030,917,121,-,"33,026978","36,931062","50,843739",COMR14
Juros|Amortização,18/11/2030,1048,131,-,"34,318788","36,930532","49,474401",COMR14
Juros|Amortização,15/05/2031,1168,120,-,"30,019959","38,351343","45,534047",COMR14
Juros|Amortização,17/11/2031,1299,131,-,"31,277158","38,350949","44,304411",COMR14
Juros|Amortização,17/05/2032,1422,123,-,"27,878274","42,612381","42,973731",COMR14
Juros|Amortização,16/11/2032,1548,126,-,"26,916563","42,612143","40,568726",COMR14
Juros|Amortização,16/05/2033,1673,125,-,"25,057564","45,453277","39,390361",COMR14
Juros|Amortização,16/11/2033,1800,127,-,"23,686932","45,45305","36,954548",COMR14
Juros|Amortização,15/05/2034,1923,123,-,"21,204729","48,293891","35,589669",COMR14
Juros|Amortização,16/11/2034,2051,128,-,"20,177828","48,293918","33,536102",COMR14
Juros|Amortização,15/05/2035,2172,121,-,"17,25451","52,555451","32,78159",COMR14
Juros|Amortização,16/11/2035,2300,128,-,"16,198319","52,555546","30,878994",COMR14
Juros|Amortização,15/05/2036,2421,121,-,"13,337837","55,396263","29,597137",COMR14
Juros|Amortização,17/11/2036,2552,131,-,"12,223935","55,396347","27,819826",COMR14
Juros|Amortização,15/05/2037,2673,121,-,"9,209453","60,225568","27,388449",COMR14
Juros|Amortização,16/11/2037,2800,127,-,"7,317375","60,225536","25,490197",COMR14
Juros|Amortização,17/05/2038,2923,123,-,"4,800668","63,350577","24,642023",COMR14
Juros|Amortização,16/11/2038,3049,126,-,"2,46","63,350577","22,774768",COMR14
Juros,15/02/2027,106,122,-,"43,327673","0,00000000","42,004066",CLIS13
Juros,16/08/2027,233,127,-,"45,140383","0,00000000","42,164582",CLIS13
Juros,15/02/2028,360,127,-,"45,140383","0,00000000","40,62603",CLIS13
Juros,15/08/2028,484,124,-,"44,052403","0,00000000","38,233731",CLIS13
Juros,15/02/2029,607,123,-,"43,689977","0,00000000","36,578336",CLIS13
Juros|Amortização,15/08/2029,733,126,-,"44,777605","106,891803","122,383769",CLIS13
Juros,15/02/2030,858,125,-,"39,973449","0,00000000","31,096268",CLIS13
Juros|Amortização,15/08/2030,982,124,-,"39,647162","106,891696","109,932824",CLIS13
Juros,17/02/2031,1110,128,-,"36,402628","0,00000000","26,304908",CLIS13
Juros|Amortização,15/08/2031,1233,123,-,"34,951986","133,614769","117,500856",CLIS13
Juros,16/02/2032,1359,126,-,"30,224887","0,00000000","20,305678",CLIS13
Juros|Amortização,16/08/2032,1486,127,-,"30,469762","154,993267","120,051267",CLIS13
Juros,15/02/2033,1613,127,-,"23,9244","0,00000000","14,921313",CLIS13
Juros|Amortização,15/08/2033,1737,124,-,"23,34777","165,682372","113,693328",CLIS13
Juros,15/02/2034,1865,128,-,"17,063724","0,00000000","9,885695",CLIS13
Juros|Amortização,15/08/2034,1988,123,-,"16,383735","187,060722","113,695769",CLIS13
Juros,15/02/2035,2111,123,-,"8,737986","0,00000000","4,710584",CLIS13
Juros|Amortização,15/08/2035,2237,126,-,"8,955511","213,783398","115,729287",CLIS13
Juros,15/09/2026,4,126,-,"31,66328","0,00000000","31,629421",BCPSA5
Juros,15/03/2027,126,122,-,"30,644389","0,00000000","29,628829",BCPSA5
Juros,15/09/2027,254,128,-,"32,173064","0,00000000","30,059872",BCPSA5
Juros,15/03/2028,379,125,-,"31,408471","0,00000000","28,380575",BCPSA5
Juros,15/09/2028,506,127,-,"31,918144","0,00000000","27,877857",BCPSA5
Juros|Amortização,15/03/2029,627,121,-,"30,389808","1.113,37103","967,166657",BCPSA5
Juros,15/01/2027,87,126,-,"35,585764","0,00000000","34,751159",BCPSA7
Juros,15/07/2027,211,124,-,"35,011428","0,00000000","33,053114",BCPSA7
Juros,17/01/2028,339,128,-,"36,160411","0,00000000","32,966406",BCPSA7
Juros,17/07/2028,463,124,-,"35,011428","0,00000000","30,857279",BCPSA7
Juros,15/01/2029,586,123,-,"34,724376","0,00000000","29,594452",BCPSA7
Juros,16/07/2029,711,125,-,"35,298558","0,00000000","29,07528",BCPSA7
Juros,15/01/2030,835,124,-,"35,011428","0,00000000","27,879587",BCPSA7
Juros,15/07/2030,959,124,-,"35,011428","0,00000000","26,952304",BCPSA7
Juros,15/01/2031,1087,128,-,"36,160411","0,00000000","26,8816",BCPSA7
Juros,15/07/2031,1210,123,-,"34,724376","0,00000000","24,96228",BCPSA7
Juros,15/01/2032,1339,129,-,"36,447851","0,00000000","25,295247",BCPSA7
Juros,15/07/2032,1464,125,-,"35,298558","0,00000000","23,676367",BCPSA7
Juros,17/01/2033,1592,128,-,"36,160411","0,00000000","23,42217",BCPSA7
Juros,15/07/2033,1716,124,-,"35,011428","0,00000000","21,923666",BCPSA7
Juros|Amortização,16/01/2034,1843,127,-,"35,873049","343,656176","229,563444",BCPSA7
Juros,17/07/2034,1967,124,-,"23,340963","0,00000000","13,648528",BCPSA7
Juros|Amortização,15/01/2035,2090,123,-,"23,149595","343,656691","207,411046",BCPSA7
Juros,16/07/2035,2215,125,-,"11,766191","0,00000000","6,430164",BCPSA7
Juros|Amortização,15/01/2036,2339,124,-,"11,670481","343,656691","187,725899",BCPSA7
Juros,15/12/2026,66,249,-,"65,784116","0,00000000","64,591809",SBSPE9
Juros,15/12/2027,316,250,-,"66,055144","0,00000000","60,516484",SBSPE9
Juros,15/12/2028,567,251,-,"66,326224","0,00000000","56,681665",SBSPE9
Juros|Amortização,17/12/2029,816,249,-,"65,784116","418,393058","386,182541",SBSPE9
Juros|Amortização,16/12/2030,1067,251,-,"44,217504","418,393685","344,187218",SBSPE9
Juros|Amortização,15/12/2031,1318,251,-,"22,108751","418,393685","305,715319",SBSPE9
Juros,15/02/2027,106,122,-,"30,727576","0,00000000","29,840377",SBSPI8
Juros,16/08/2027,233,127,-,"32,006365","0,00000000","30,01011",SBSPI8
Juros,15/02/2028,360,127,-,"32,006365","0,00000000","28,974958",SBSPI8
Juros,15/08/2028,484,124,-,"31,238906","0,00000000","27,327356",SBSPI8
Juros,15/02/2029,607,123,-,"30,983211","0,00000000","26,197726",SBSPI8
Juros,15/08/2029,733,126,-,"31,750484","0,00000000","25,927628",SBSPI8
Juros,15/02/2030,858,125,-,"31,494663","0,00000000","24,845326",SBSPI8
Juros,15/08/2030,982,124,-,"31,238906","0,00000000","23,813262",SBSPI8
Juros,17/02/2031,1110,128,-,"32,26231","0,00000000","23,738524",SBSPI8
Juros,15/08/2031,1233,123,-,"30,983211","0,00000000","22,035355",SBSPI8
Juros,16/02/2032,1359,126,-,"31,750484","0,00000000","21,808171",SBSPI8
Juros,16/08/2032,1486,127,-,"32,006365","0,00000000","21,225625",SBSPI8
Juros,15/02/2033,1613,127,-,"32,006365","0,00000000","20,49348",SBSPI8
Juros,15/08/2033,1737,124,-,"31,238906","0,00000000","19,32816",SBSPI8
Juros,15/02/2034,1865,128,-,"32,26231","0,00000000","19,267499",SBSPI8
Juros,15/08/2034,1988,123,-,"30,983211","0,00000000","17,885112",SBSPI8
Juros,15/02/2035,2111,123,-,"30,983211","0,00000000","17,287295",SBSPI8
Juros,15/08/2035,2237,126,-,"31,750484","0,00000000","17,109063",SBSPI8
Juros|Amortização,15/02/2036,2362,125,-,"31,494663","1.025,07515","550,008498",SBSPI8
Juros,15/01/2027,87,249,-,"80,140711","0,00000000","78,276789",SBSPE3
Juros,17/01/2028,339,252,-,"81,141825","0,00000000","74,032306",SBSPE3
Juros,15/01/2029,586,247,-,"79,473783","0,00000000","67,824164",SBSPE3
Juros,15/01/2030,835,249,-,"80,140711","0,00000000","63,938563",SBSPE3
Juros,15/01/2031,1087,252,-,"81,141825","0,00000000","60,471557",SBSPE3
Juros,15/01/2032,1339,252,-,"81,141825","0,00000000","56,486913",SBSPE3
Juros,17/01/2033,1592,253,-,"81,475723","0,00000000","52,967627",SBSPE3
Juros,16/01/2034,1843,251,-,"80,808024","0,00000000","49,085243",SBSPE3
Juros|Amortização,15/01/2035,2090,247,-,"79,473783","1.074,93973","655,906492",SBSPE3
Juros,15/10/2026,25,64,-,"19,796748","0,00000000","19,629592",CSMGB9
Juros,15/01/2027,87,62,-,"19,172742","0,00000000","18,615249",CSMGB9
Juros,15/04/2027,148,61,-,"18,860869","0,00000000","17,937455",CSMGB9
Juros|Amortização,15/07/2027,211,63,-,"19,484702","37,943174","53,46158",CSMGB9
Juros|Amortização,15/10/2027,275,64,-,"19,114097","37,942595","51,975446",CSMGB9
Juros|Amortização,17/01/2028,339,64,-,"18,431455","37,942871","50,251102",CSMGB9
Juros|Amortização,17/04/2028,401,62,-,"17,189356","37,943367","48,121691",CSMGB9
Juros|Amortização,17/07/2028,463,62,-,"16,528218","37,942893","46,554844",CSMGB9
Juros|Amortização,16/10/2028,526,63,-,"16,125263","37,943196","45,233744",CSMGB9
Juros|Amortização,15/01/2029,586,60,-,"14,711331","37,942653","43,162997",CSMGB9
Juros|Amortização,16/04/2029,648,62,-,"14,544831","37,94327","42,131645",CSMGB9
Juros|Amortização,16/07/2029,711,63,-,"14,109597","37,942834","40,898603",CSMGB9
Juros|Amortização,15/10/2029,774,63,-,"13,437713","37,942874","39,517224",CSMGB9
Juros|Amortização,15/01/2030,835,61,-,"12,35711","37,943177","37,894164",CSMGB9
Juros|Amortização,15/04/2030,897,62,-,"11,900306","37,943161","36,768619",CSMGB9
Juros|Amortização,15/07/2030,959,62,-,"11,239172","37,943143","35,525913",CSMGB9
Juros|Amortização,15/10/2030,1025,66,-,"11,266789","37,942821","34,758754",CSMGB9
Juros|Amortização,15/01/2031,1087,62,-,"9,916911","37,94301","33,101941",CSMGB9
Juros|Amortização,15/04/2031,1148,61,-,"9,105223","37,943034","31,874217",CSMGB9
Juros|Amortização,15/07/2031,1210,62,-,"8,59465","37,942752","30,87204",CSMGB9
Juros|Amortização,15/10/2031,1276,66,-,"8,450085","37,942641","30,094773",CSMGB9
Juros|Amortização,15/01/2032,1339,63,-,"7,390729","37,942769","28,785933",CSMGB9
Juros|Amortização,15/04/2032,1401,62,-,"6,611272","37,942811","27,702298",CSMGB9
Juros|Amortização,15/07/2032,1464,63,-,"6,04696","37,942772","26,773152",CSMGB9
Juros|Amortização,15/10/2032,1528,64,-,"5,461158","37,942815","25,849389",CSMGB9
Juros|Amortização,17/01/2033,1592,64,-,"4,778513","37,942777","24,896468",CSMGB9
Juros|Amortização,18/04/2033,1654,62,-,"3,966764","37,942898","23,91524",CSMGB9
Juros|Amortização,15/07/2033,1716,62,-,"3,305635","37,942807","23,048112",CSMGB9
Juros|Amortização,17/10/2033,1780,64,-,"2,730578","37,942807","22,238768",CSMGB9
Juros|Amortização,16/01/2034,1843,63,-,"2,015652","37,942769","21,385953",CSMGB9
Juros|Amortização,17/04/2034,1905,62,-,"1,322255","37,942826","20,577566",CSMGB9
Juros|Amortização,17/07/2034,1967,62,-,"0,661127","37,942827","19,810092",CSMGB9
Juros,15/10/2026,25,126,-,"36,662187","0,00000000","36,395416",CEEBC3
Juros,15/04/2027,148,123,-,"35,777168","0,00000000","34,263336",CEEBC3
Juros,15/10/2027,275,127,-,"36,957325","0,00000000","34,104534",CEEBC3
Juros,17/04/2028,401,126,-,"36,662187","0,00000000","32,609544",CEEBC3
Juros,16/10/2028,526,125,-,"36,367115","0,00000000","31,187233",CEEBC3
Juros,16/04/2029,648,122,-,"35,482292","0,00000000","29,3631",CEEBC3
Juros|Amortização,15/10/2029,774,126,-,"36,662187","425,806717","368,882071",CEEBC3
Juros,15/04/2030,897,123,-,"23,851457","0,00000000","18,353347",CEEBC3
Juros|Amortização,15/10/2030,1025,128,-,"24,835033","425,807356","334,036141",CEEBC3
Juros,15/04/2031,1148,123,-,"11,925727","0,00000000","8,527891",CEEBC3
Juros|Amortização,15/10/2031,1276,128,-,"12,417516","425,807356","301,866448",CEEBC3
Juros,15/09/2026,4,126,-,"35,537741","0,00000000","35,498399",ELET14
Juros,15/03/2027,126,122,-,"34,392751","0,00000000","33,213437",ELET14
Juros,15/09/2027,254,128,-,"36,110655","0,00000000","33,658027",ELET14
Juros,15/03/2028,379,125,-,"35,25139","0,00000000","31,739253",ELET14
Juros,15/09/2028,506,127,-,"35,824164","0,00000000","31,140327",ELET14
Juros,15/03/2029,627,121,-,"34,106677","0,00000000","28,670465",ELET14
Juros|Amortização,17/09/2029,755,128,-,"36,110655","380,842908","338,290194",ELET14
Juros,15/03/2030,876,121,-,"22,738922","0,00000000","17,841025",ELET14
Juros|Amortização,16/09/2030,1004,128,-,"24,074973","380,90004","306,679365",ELET14
Juros,17/03/2031,1128,124,-,"11,655618","0,00000000","8,528625",ELET14
Juros|Amortização,15/09/2031,1254,126,-,"11,846506","380,90004","277,525598",ELET14
Juros,15/02/2027,106,122,-,"32,643842","0,00000000","31,681759",CMGDB0
Juros,16/08/2027,233,127,-,"34,001919","0,00000000","31,837985",CMGDB0
Juros,15/02/2028,360,127,-,"34,001919","0,00000000","30,717065",CMGDB0
Juros,15/08/2028,484,124,-,"33,186878","0,00000000","28,94973",CMGDB0
Juros,15/02/2029,607,123,-,"32,915328","0,00000000","27,733246",CMGDB0
Juros,15/08/2029,733,126,-,"33,730175","0,00000000","27,426969",CMGDB0
Juros,15/02/2030,858,125,-,"33,458495","0,00000000","26,263034",CMGDB0
Juros,15/08/2030,982,124,-,"33,186878","0,00000000","25,153981",CMGDB0
Juros,17/02/2031,1110,128,-,"34,273727","0,00000000","25,056086",CMGDB0
Juros,15/08/2031,1233,123,-,"32,915328","0,00000000","23,242053",CMGDB0
Juros|Amortização,16/02/2032,1359,126,-,"33,730175","371,360645","276,048515",CMGDB0
Juros,16/08/2032,1486,127,-,"22,667957","0,00000000","14,9032",CMGDB0
Juros|Amortização,15/02/2033,1613,127,-,"22,667957","371,361202","249,93648",CMGDB0
Juros,15/08/2033,1737,124,-,"11,062297","0,00000000","6,77561",CMGDB0
Juros|Amortização,15/02/2034,1865,128,-,"11,42458","371,361202","226,13641",CMGDB0
Juros,15/10/2026,25,126,-,"34,627655","0,00000000","34,382641",CMGDA4
Juros,15/04/2027,148,123,-,"33,789904","0,00000000","32,398925",CMGDA4
Juros,15/10/2027,275,127,-,"34,907052","0,00000000","32,284263",CMGDA4
Juros,17/04/2028,401,126,-,"34,627655","0,00000000","30,899981",CMGDA4
Juros,16/10/2028,526,125,-,"34,348333","0,00000000","29,581594",CMGDA4
Juros,16/04/2029,648,122,-,"33,5108","0,00000000","27,877354",CMGDA4
Juros,15/10/2029,774,126,-,"34,627655","0,00000000","27,793757",CMGDA4
Juros,15/04/2030,897,123,-,"33,789904","0,00000000","26,190189",CMGDA4
Juros,15/10/2030,1025,128,-,"35,18652","0,00000000","26,298968",CMGDA4
Juros,15/04/2031,1148,123,-,"33,789904","0,00000000","24,388036",CMGDA4
Juros,15/10/2031,1276,128,-,"35,18652","0,00000000","24,48933",CMGDA4
Juros,15/04/2032,1401,125,-,"34,348333","0,00000000","23,072095",CMGDA4
Juros,15/10/2032,1528,127,-,"34,907052","0,00000000","22,616668",CMGDA4
Juros,18/04/2033,1654,126,-,"34,627655","0,00000000","21,646912",CMGDA4
Juros,17/10/2033,1780,126,-,"34,627655","0,00000000","20,885909",CMGDA4
Juros,17/04/2034,1905,125,-,"34,348333","0,00000000","19,994785",CMGDA4
Juros,16/10/2034,2030,125,-,"34,348333","0,00000000","19,297343",CMGDA4
Juros,16/04/2035,2152,122,-,"33,5108","0,00000000","18,185594",CMGDA4
Juros|Amortização,15/10/2035,2278,126,-,"34,627655","345,773184","199,178105",CMGDA4
Juros,15/04/2036,2401,123,-,"22,526613","0,00000000","11,389994",CMGDA4
Juros|Amortização,15/10/2036,2529,128,-,"23,457691","345,773702","180,026714",CMGDA4
Juros,15/04/2037,2653,124,-,"11,356365","0,00000000","5,345419",CMGDA4
Juros|Amortização,15/10/2037,2779,126,-,"11,542557","345,773702","162,275394",CMGDA4
Juros,15/10/2026,25,126,-,"33,937815","0,00000000","33,697887",CMGDB4
Juros,15/04/2027,148,123,-,"33,11701","0,00000000","31,754876",CMGDB4
Juros,15/10/2027,275,127,-,"34,211557","0,00000000","31,643147",CMGDB4
Juros,17/04/2028,401,126,-,"33,937815","0,00000000","30,287364",CMGDB4
Juros,16/10/2028,526,125,-,"33,664144","0,00000000","28,996073",CMGDB4
Juros,16/04/2029,648,122,-,"32,843549","0,00000000","27,326591",CMGDB4
Juros,15/10/2029,774,126,-,"33,937815","0,00000000","27,245201",CMGDB4
Juros,15/04/2030,897,123,-,"33,11701","0,00000000","25,67425",CMGDB4
Juros,15/10/2030,1025,128,-,"34,485369","0,00000000","25,781359",CMGDB4
Juros,15/04/2031,1148,123,-,"33,11701","0,00000000","23,909063",CMGDB4
Juros,15/10/2031,1276,128,-,"34,485369","0,00000000","24,008807",CMGDB4
Juros,15/04/2032,1401,125,-,"33,664144","0,00000000","22,620245",CMGDB4
Juros,15/10/2032,1528,127,-,"34,211557","0,00000000","22,174308",CMGDB4
Juros,18/04/2033,1654,126,-,"33,937815","0,00000000","21,224227",CMGDB4
Juros,17/10/2033,1780,126,-,"33,937815","0,00000000","20,478713",CMGDB4
Juros,17/04/2034,1905,125,-,"33,664144","0,00000000","19,60561",CMGDB4
Juros,16/10/2034,2030,125,-,"33,664144","0,00000000","18,92232",CMGDB4
Juros,16/04/2035,2152,122,-,"32,843549","0,00000000","17,832846",CMGDB4
Juros,15/10/2035,2278,126,-,"33,937815","0,00000000","17,779732",CMGDB4
Juros,15/04/2036,2401,123,-,"33,11701","0,00000000","16,754558",CMGDB4
Juros,15/10/2036,2529,128,-,"34,485369","0,00000000","16,824455",CMGDB4
Juros,15/04/2037,2653,124,-,"33,390542","0,00000000","15,727035",CMGDB4
Juros,15/10/2037,2779,126,-,"33,937815","0,00000000","15,423326",CMGDB4
Juros,15/04/2038,2903,124,-,"33,390542","0,00000000","14,649907",CMGDB4
Juros|Amortização,15/10/2038,3029,126,-,"33,937815","345,773184","160,744222",CMGDB4
Juros,15/04/2039,3154,125,-,"22,442773","0,00000000","9,169649",CMGDB4
Juros|Amortização,17/10/2039,3281,127,-,"22,807715","345,773702","145,263722",CMGDB4
Juros,16/04/2040,3406,125,-,"11,221386","0,00000000","4,268391",CMGDB4
Juros|Amortização,15/10/2040,3532,126,-,"11,31261","345,773702","131,057451",CMGDB4
Juros,15/09/2026,4,126,-,"42,014676","0,00000000","41,966484",CESE32
Juros,15/03/2027,126,122,-,"40,657414","0,00000000","39,21382",CESE32
Juros,15/09/2027,254,128,-,"42,693891","0,00000000","39,693128",CESE32
Juros,15/03/2028,379,125,-,"41,675215","0,00000000","37,381046",CESE32
Juros,15/09/2028,506,127,-,"42,354235","0,00000000","36,630701",CESE32
Juros,15/03/2029,627,121,-,"40,318342","0,00000000","33,68011",CESE32
Juros|Amortização,17/09/2029,755,128,-,"42,693891","570,95066","494,126235",CESE32
Juros,15/03/2030,876,121,-,"20,15917","0,00000000","15,678919",CESE32
Juros|Amortização,16/09/2030,1004,128,-,"21,346946","570,95066","444,051805",CESE32
Juros,15/01/2027,87,126,-,"37,550837","0,00000000","36,642116",CLCD27
Juros,15/07/2027,211,124,-,"36,94488","0,00000000","34,813802",CLCD27
Juros,17/01/2028,339,128,-,"38,157118","0,00000000","34,683257",CLCD27
Juros,17/07/2028,463,124,-,"36,94488","0,00000000","32,429096",CLCD27
Juros,15/01/2029,586,123,-,"36,642023","0,00000000","31,068378",CLCD27
Juros,16/07/2029,711,125,-,"37,247818","0,00000000","30,489757",CLCD27
Juros,15/01/2030,835,124,-,"36,94488","0,00000000","29,204088",CLCD27
Juros,15/07/2030,959,124,-,"36,94488","0,00000000","28,202001",CLCD27
Juros,15/01/2031,1087,128,-,"38,157118","0,00000000","28,096249",CLCD27
Juros,15/07/2031,1210,123,-,"36,642023","0,00000000","26,062182",CLCD27
Juros|Amortização,15/01/2032,1339,129,-,"38,460378","183,088896","151,959027",CLCD27
Juros|Amortização,15/07/2032,1464,125,-,"31,039835","183,088456","141,789544",CLCD27
Juros|Amortização,17/01/2033,1592,128,-,"25,438068","183,088456","133,192133",CLCD27
Juros|Amortização,15/07/2033,1716,124,-,"18,472432","183,088273","124,325269",CLCD27
Juros|Amortização,16/01/2034,1843,127,-,"12,617979","183,088547","116,473802",CLCD27
Juros|Amortização,17/07/2034,1967,124,-,"6,15748","183,088549","108,764205",CLCD27
Juros,15/09/2026,4,126,-,"38,794196","0,00000000","38,739415",BRKP28
Juros,15/03/2027,126,122,-,"37,546501","0,00000000","35,911879",BRKP28
Juros,15/09/2027,254,128,-,"39,418442","0,00000000","36,035448",BRKP28
Juros,15/03/2028,379,125,-,"38,482173","0,00000000","33,659848",BRKP28
Juros,15/09/2028,506,127,-,"39,106285","0,00000000","32,705015",BRKP28
Juros,15/03/2029,627,121,-,"37,234745","0,00000000","29,83678",BRKP28
Juros,17/09/2029,755,128,-,"39,418442","0,00000000","30,19012",BRKP28
Juros,15/03/2030,876,121,-,"37,234745","0,00000000","27,324332",BRKP28
Juros,16/09/2030,1004,128,-,"39,418442","0,00000000","27,647918",BRKP28
Juros,17/03/2031,1128,124,-,"38,170213","0,00000000","25,624953",BRKP28
Juros|Amortização,15/09/2031,1254,126,-,"38,794196","355,133415","252,943535",BRKP28
Juros,15/03/2032,1379,125,-,"28,861628","0,00000000","17,731687",BRKP28
Juros|Amortização,15/09/2032,1507,128,-,"29,563832","532,700122","330,165207",BRKP28
Juros,15/03/2033,1631,124,-,"14,313829","0,00000000","8,044932",BRKP28
Juros|Amortização,15/09/2033,1759,128,-,"14,781915","399,525091","222,56182",BRKP28
Juros,15/03/2034,1883,124,-,"3,578456","0,00000000","1,839922",BRKP28
Juros|Amortização,15/09/2034,2010,127,-,"3,666214","133,17503","67,27228",BRKP28
Juros|Amortização,15/12/2026,66,127,-,"52,342469","3,497899","54,509513",RMSA12
Juros|Amortização,15/06/2027,189,123,-,"50,536561","3,497953","50,428018",RMSA12
Juros|Amortização,15/12/2027,316,127,-,"52,078776","3,497824","49,51472",RMSA12
Juros|Amortização,16/06/2028,442,126,-,"51,53035","3,497927","46,819709",RMSA12
Juros|Amortização,15/12/2028,567,125,-,"50,984154","3,497847","44,284832",RMSA12
Juros|Amortização,15/06/2029,690,123,-,"50,02609","3,497859","41,59362",RMSA12
Juros|Amortização,17/12/2029,816,126,-,"51,137987","3,497826","40,546784",RMSA12
Juros|Amortização,17/06/2030,940,124,-,"50,182853","18,538746","48,740519",RMSA12
Juros|Amortização,16/12/2030,1067,127,-,"50,720781","18,538848","46,89416",RMSA12
Juros|Amortização,16/06/2031,1189,122,-,"48,017432","31,481037","51,479309",RMSA12
Juros|Amortização,15/12/2031,1318,129,-,"49,618998","31,481047","50,097873",RMSA12
Juros|Amortização,15/06/2032,1442,124,-,"46,502774","37,427419","49,548933",RMSA12
Juros|Amortização,15/12/2032,1569,127,-,"46,238044","37,427389","47,152406",RMSA12
Juros|Amortização,15/06/2033,1695,126,-,"44,467814","42,324399","46,713132",RMSA12
Juros|Amortização,15/12/2033,1821,126,-,"42,885284","42,324449","43,797353",RMSA12
Juros|Amortização,15/06/2034,1945,124,-,"40,635242","47,221513","43,157046",RMSA12
Juros|Amortização,15/12/2034,2071,126,-,"39,537117","47,221459","40,699531",RMSA12
Juros|Amortização,15/06/2035,2194,123,-,"36,855957","52,46836","40,06114",RMSA12
Juros|Amortização,17/12/2035,2320,126,-,"35,809668","52,468302","37,809973",RMSA12
Juros|Amortização,16/06/2036,2442,122,-,"32,754113","48,970405","33,476631",RMSA12
Juros|Amortização,15/12/2036,2571,129,-,"32,793549","48,970394","31,950338",RMSA12
Juros|Amortização,15/06/2037,2693,122,-,"29,210393","53,16791","30,786606",RMSA12
Juros|Amortização,15/12/2037,2820,127,-,"28,425785","53,167876","29,110328",RMSA12
Juros|Amortização,15/06/2038,2944,124,-,"25,786266","58,764495","28,828768",RMSA12
Juros|Amortização,15/12/2038,3070,126,-,"24,012622","58,764543","26,953772",RMSA12
Juros|Amortização,15/06/2039,3195,125,-,"21,639078","65,760277","27,187946",RMSA12
Juros|Amortização,15/12/2039,3322,127,-,"19,513063","65,760285","25,323468",RMSA12
Juros|Amortização,15/06/2040,3448,126,-,"16,897772","71,706697","25,128463",RMSA12
Juros|Amortização,17/12/2040,3574,126,-,"14,216624","71,706731","23,271371",RMSA12
Juros|Amortização,17/06/2041,3698,124,-,"11,349045","75,5544","22,493945",RMSA12
Juros|Amortização,16/12/2041,3825,127,-,"8,780877","75,554378","20,839126",RMSA12
Juros|Amortização,16/06/2042,3947,122,-,"5,695267","157,404973","38,544311",RMSA12
Juros,15/01/2027,87,126,-,"54,0216","0,00000000","50,547775",TEPA12
Juros|Amortização,15/07/2027,211,124,-,"53,143673","121,877864","148,965129",TEPA12
Juros|Amortização,17/01/2028,339,128,-,"48,800182","121,878001","131,735405",TEPA12
Juros|Amortização,17/07/2028,463,124,-,"41,333972","121,877879","114,586831",TEPA12
Juros|Amortização,15/01/2029,586,123,-,"35,136649","121,878265","100,349273",TEPA12
Juros|Amortização,16/07/2029,711,125,-,"29,768081","121,877973","88,090925",TEPA12
Juros|Amortização,15/01/2030,835,124,-,"23,619407","121,877973","76,880066",TEPA12
Juros|Amortização,15/07/2030,959,124,-,"17,714555","121,877851","67,093259",TEPA12
Juros|Amortização,15/01/2031,1087,128,-,"12,200048","121,878034","58,439469",TEPA12
Juros|Amortização,15/07/2031,1210,123,-,"5,856109","121,878035","50,68107",TEPA12
Juros|Amortização,15/09/2026,4,126,-,"36,620795","16,602048","53,158636",BHSA11
Juros|Amortização,15/03/2027,126,122,-,"34,899023","17,787454","50,720768",BHSA11
Juros|Amortização,15/09/2027,254,128,-,"36,036343","17,787482","49,852364",BHSA11
Juros|Amortização,15/03/2028,379,125,-,"34,58425","16,601223","45,653664",BHSA11
Juros|Amortização,15/09/2028,506,127,-,"34,583894","16,601475","43,936996",BHSA11
Juros|Amortização,15/03/2029,627,121,-,"32,387954","16,008186","40,053198",BHSA11
Juros|Amortização,17/09/2029,755,128,-,"33,746094","16,008428","39,617182",BHSA11
Juros|Amortização,15/03/2030,876,121,-,"31,354317","16,009115","36,361027",BHSA11
Juros|Amortização,16/09/2030,1004,128,-,"32,651617","16,008851","35,941302",BHSA11
Juros|Amortização,17/03/2031,1128,124,-,"31,084694","17,787002","34,771522",BHSA11
Juros|Amortização,15/09/2031,1254,126,-,"30,996034","17,787361","33,413731",BHSA11
Juros|Amortização,15/03/2032,1379,125,-,"30,152424","18,972865","32,402297",BHSA11
Juros|Amortização,15/09/2032,1507,128,-,"30,239752","18,973458","31,230355",BHSA11
Juros|Amortização,15/03/2033,1631,124,-,"28,651311","19,566344","29,474747",BHSA11
Juros|Amortização,15/09/2033,1759,128,-,"28,922321","19,565744","28,516971",BHSA11
Juros|Amortização,15/03/2034,1883,124,-,"27,356119","20,158834","26,9183",BHSA11
Juros|Amortização,15/09/2034,2010,127,-,"27,345431","20,159041","25,900457",BHSA11
Juros|Amortização,15/03/2035,2131,121,-,"25,382071","21,937411","24,874529",BHSA11
Juros|Amortização,17/09/2035,2259,128,-,"26,125378","21,937468","24,307982",BHSA11
Juros|Amortização,17/03/2036,2381,122,-,"24,16685","23,123507","23,052759",BHSA11
Juros|Amortização,15/09/2036,2507,126,-,"24,194499","23,123853","22,205808",BHSA11
Juros|Amortização,16/03/2037,2632,125,-,"23,227685","26,088395","22,286571",BHSA11
Juros|Amortização,15/09/2037,2758,126,-,"22,538966","26,088146","21,155331",BHSA11
Juros|Amortização,15/03/2038,2880,122,-,"20,962611","27,866869","20,475492",BHSA11
Juros|Amortização,15/09/2038,3008,128,-,"21,058395","27,867047","19,738382",BHSA11
Juros|Amortização,15/03/2039,3132,124,-,"19,467208","33,796243","20,699263",BHSA11
Juros|Amortização,15/09/2039,3260,128,-,"18,950518","33,796281","19,721785",BHSA11
Juros|Amortização,15/03/2040,3385,125,-,"17,37128","35,574696","19,063419",BHSA11
Juros|Amortização,17/09/2040,3513,128,-,"16,579164","35,574946","18,066787",BHSA11
Juros|Amortização,15/03/2041,3634,121,-,"14,5095","38,539327","17,717813",BHSA11
Juros|Amortização,16/09/2041,3762,128,-,"14,045667","38,539278","16,897416",BHSA11
Juros|Amortização,17/03/2042,3886,124,-,"12,323986","43,282607","17,212103",BHSA11
Juros|Amortização,15/09/2042,4012,126,-,"11,070012","43,282778","16,196313",BHSA11
Juros|Amortização,16/03/2043,4137,125,-,"9,536391","59,291268","19,750361",BHSA11
Juros|Amortização,15/09/2043,4263,126,-,"7,619354","59,291201","18,483888",BHSA11
Juros|Amortização,15/03/2044,4386,123,-,"5,488662","167,201282","45,96694",BHSA11
Juros|Amortização,15/10/2026,25,126,-,"35,031186","31,77724","66,187827",PLSB1A
Juros|Amortização,15/04/2027,148,123,-,"33,290568","69,910212","97,653662",PLSB1A
Juros|Amortização,15/10/2027,275,127,-,"32,355034","69,909784","92,287307",PLSB1A
Juros|Amortização,17/04/2028,401,126,-,"30,079131","92,154411","105,239413",PLSB1A
Juros|Amortização,16/10/2028,526,125,-,"27,198983","92,154025","98,074434",PLSB1A
Juros|Amortização,16/04/2029,648,122,-,"23,963336","134,099689","124,100499",PLSB1A
Juros|Amortização,15/10/2029,774,126,-,"20,890321","134,099832","116,096637",PLSB1A
Juros|Amortização,15/04/2030,897,123,-,"16,609489","141,408836","113,052887",PLSB1A
Juros|Amortização,15/10/2030,1025,128,-,"13,147902","141,408711","105,416803",PLSB1A
Juros|Amortização,15/04/2031,1148,123,-,"8,64481","153,484178","105,618889",PLSB1A
Juros|Amortização,15/10/2031,1276,128,-,"4,500664","153,484178","98,117029",PLSB1A
Juros,15/10/2026,25,126,-,"38,5751","0,00000000","38,288517",AURP12
Juros,15/04/2027,148,123,-,"37,640444","0,00000000","36,014947",AURP12
Juros,15/10/2027,275,127,-,"38,886829","0,00000000","35,824403",AURP12
Juros,17/04/2028,401,126,-,"38,5751","0,00000000","34,226415",AURP12
Juros,16/10/2028,526,125,-,"38,263459","0,00000000","32,707402",AURP12
Juros,16/04/2029,648,122,-,"37,329069","0,00000000","30,768411",AURP12
Juros,15/10/2029,774,126,-,"38,5751","0,00000000","30,62266",AURP12
Juros,15/04/2030,897,123,-,"37,640444","0,00000000","28,804287",AURP12
Juros,15/10/2030,1025,128,-,"39,198649","0,00000000","28,873029",AURP12
Juros,15/04/2031,1148,123,-,"37,640444","0,00000000","26,726527",AURP12
Juros,15/10/2031,1276,128,-,"39,198649","0,00000000","26,79031",AURP12
Juros,15/04/2032,1401,125,-,"38,263459","0,00000000","25,19407",AURP12
Juros,15/10/2032,1528,127,-,"38,886829","0,00000000","24,652731",AURP12
Juros|Amortização,18/04/2033,1654,126,-,"38,5751","351,434898","238,131134",AURP12
Juros,17/10/2033,1780,126,-,"25,716746","0,00000000","15,122875",AURP12
Juros|Amortização,17/04/2034,1905,125,-,"25,508985","351,435425","213,551755",AURP12
Juros,16/10/2034,2030,125,-,"12,754492","0,00000000","6,961398",AURP12
Juros|Amortização,16/04/2035,2152,122,-,"12,443029","351,435425","191,507479",AURP12
Juros|Amortização,15/01/2027,87,126,-,"43,463429","22,591097","64,217634",ACRC21
Juros|Amortização,15/07/2027,211,124,-,"41,952022","22,590976","60,275877",ACRC21
Juros|Amortização,17/01/2028,339,128,-,"42,49417","20,758632","56,670066",ACRC21
Juros|Amortização,17/07/2028,463,124,-,"40,399071","20,758947","52,634444",ACRC21
Juros|Amortização,15/01/2029,586,123,-,"39,329988","20,758716","49,69274",ACRC21
Juros|Amortização,16/07/2029,711,125,-,"39,231151","20,759373","47,641416",ACRC21
Juros|Amortização,15/01/2030,835,124,-,"38,168066","20,758962","44,953057",ACRC21
Juros|Amortização,15/07/2030,959,124,-,"37,424399","20,758784","42,636825",ACRC21
Juros|Amortização,15/01/2031,1087,128,-,"37,885617","21,98046","42,086976",ACRC21
Juros|Amortização,15/07/2031,1210,123,-,"35,598768","21,980519","38,897051",ACRC21
Juros|Amortização,15/01/2032,1339,129,-,"36,547526","24,422504","39,50077",ACRC21
Juros|Amortização,15/07/2032,1464,125,-,"34,51196","24,422522","36,665746",ACRC21
Juros|Amortização,17/01/2033,1592,128,-,"34,451738","24,423084","35,139875",ACRC21
Juros|Amortização,15/07/2033,1716,124,-,"32,481137","24,422588","32,62526",ACRC21
Juros|Amortização,16/01/2034,1843,127,-,"32,384759","24,422913","31,256519",ACRC21
Juros|Amortização,17/07/2034,1967,124,-,"30,731302","24,422819","29,151055",ACRC21
Juros|Amortização,15/01/2035,2090,123,-,"29,611377","24,422575","27,442679",ACRC21
Juros|Amortização,16/07/2035,2215,125,-,"29,219362","24,422859","26,161848",ACRC21
Juros|Amortização,15/01/2036,2339,124,-,"28,106548","24,422275","24,609457",ACRC21
Juros|Amortização,15/07/2036,2463,124,-,"27,231648","24,422971","23,246427",ACRC21
Juros|Amortização,15/01/2037,2592,129,-,"27,439074","47,623837","32,397478",ACRC21
Juros|Amortização,15/07/2037,2715,123,-,"24,448366","47,623864","29,890779",ACRC21
Juros|Amortização,15/01/2038,2841,126,-,"23,321312","48,845142","28,731993",ACRC21
Juros|Amortização,15/07/2038,2965,124,-,"21,194758","48,845016","26,786614",ACRC21
Juros|Amortização,17/01/2039,3093,128,-,"20,083662","50,676753","25,96229",ACRC21
Juros|Amortização,15/07/2039,3217,124,-,"17,629502","50,677113","24,074544",ACRC21
Juros|Amortização,16/01/2040,3344,127,-,"16,203586","51,898195","23,034252",ACRC21
Juros|Amortização,16/07/2040,3469,125,-,"14,069403","51,898106","21,426322",ACRC21
Juros|Amortização,15/01/2041,3593,124,-,"12,095664","38,831927","15,889614",ACRC21
Juros|Amortização,15/07/2041,3717,124,-,"10,704553","38,831929","14,846636",ACRC21
Juros|Amortização,15/01/2042,3845,128,-,"9,619368","40,663521","14,457815",ACRC21
Juros|Amortização,15/07/2042,3968,123,-,"7,792245","40,663657","13,387904",ACRC21
Juros|Amortização,15/01/2043,4097,129,-,"6,662807","43,350137","13,252173",ACRC21
Juros|Amortização,15/07/2043,4220,123,-,"4,807243","43,350142","12,26171",ACRC21
Juros|Amortização,15/01/2044,4346,126,-,"3,348133","46,036653","12,070978",ACRC21
Juros|Amortização,15/07/2044,4471,125,-,"1,658338","45,914543","11,166334",ACRC21
Juros|Amortização,15/09/2026,4,126,-,"33,607513","702,787525","735,344012",ARTR19
Juros,15/03/2027,126,122,-,"16,264178","0,00000000","15,548657",ARTR19
Juros|Amortização,15/09/2027,254,128,-,"17,073697","702,787525","657,44614",ARTR19
Juros,15/01/2027,87,126,-,"32,417628","0,00000000","31,510532",ALGAB1
Juros,15/07/2027,211,124,-,"31,896859","0,00000000","29,775224",ALGAB1
Juros,17/01/2028,339,128,-,"32,938596","0,00000000","29,490229",ALGAB1
Juros,17/07/2028,463,124,-,"31,896859","0,00000000","27,42544",ALGAB1
Juros,15/01/2029,586,123,-,"31,636552","0,00000000","26,131788",ALGAB1
Juros|Amortização,16/07/2029,711,125,-,"32,157219","437,536965","372,465564",ALGAB1
Juros,15/01/2030,835,124,-,"21,265636","0,00000000","16,195037",ALGAB1
Juros|Amortização,15/07/2030,959,124,-,"21,265636","437,602602","335,601732",ALGAB1
Juros,15/01/2031,1087,128,-,"10,98008","0,00000000","7,702073",ALGAB1
Juros|Amortização,15/07/2031,1210,123,-,"10,546044","437,602602","301,994142",ALGAB1
Juros,15/09/2026,4,126,-,"0,042012","0,00000000","0,04194",RIS424
Juros,15/03/2027,126,122,-,"0,040655","0,00000000","0,038518",RIS424
Juros,15/09/2027,254,128,-,"0,042693","0,00000000","0,03829",RIS424
Juros,15/03/2028,379,125,-,"0,041673","0,00000000","0,035426",RIS424
Juros,15/09/2028,506,127,-,"0,042352","0,00000000","0,034097",RIS424
Juros,15/03/2029,627,121,-,"0,040315","0,00000000","0,030817",RIS424
Juros,17/09/2029,755,128,-,"0,042693","0,00000000","0,030893",RIS424
Juros,15/03/2030,876,121,-,"0,040315","0,00000000","0,027698",RIS424
Juros,16/09/2030,1004,128,-,"0,042693","0,00000000","0,027767",RIS424
Juros,17/03/2031,1128,124,-,"0,041334","0,00000000","0,025492",RIS424
Juros,15/09/2031,1254,126,-,"0,042012","0,00000000","0,024548",RIS424
Juros,15/03/2032,1379,125,-,"0,041673","0,00000000","0,02308",RIS424
Juros,15/09/2032,1507,128,-,"0,042693","0,00000000","0,022384",RIS424
Juros,15/03/2033,1631,124,-,"0,041334","0,00000000","0,02055",RIS424
Juros,15/09/2033,1759,128,-,"0,042693","0,00000000","0,020093",RIS424
Juros,15/03/2034,1883,124,-,"0,041334","0,00000000","0,018446",RIS424
Juros,15/09/2034,2010,127,-,"0,042352","0,00000000","0,0179",RIS424
Juros|Amortização,15/03/2035,2131,121,-,"0,040315","0,0459","0,034598",RIS424
Juros|Amortização,17/09/2035,2259,128,-,"0,040932","0,0459","0,032986",RIS424
Juros|Amortização,17/03/2036,2381,122,-,"0,037301","0,045877","0,029988",RIS424
Juros|Amortização,15/09/2036,2507,126,-,"0,036816","0,0459","0,028254",RIS424
Juros|Amortização,16/03/2037,2632,125,-,"0,034799","0,048817","0,027072",RIS424
Juros|Amortização,15/09/2037,2758,126,-,"0,03324","0,048817","0,025171",RIS424
Juros|Amortização,15/03/2038,2880,122,-,"0,030383","0,048819","0,023058",RIS424
Juros|Amortização,15/09/2038,3008,128,-,"0,030033","0,048817","0,021731",RIS424
Juros|Amortização,15/03/2039,3132,124,-,"0,027264","0,048817","0,019883",RIS424
Juros|Amortização,15/09/2039,3260,128,-,"0,026288","0,048905","0,018602",RIS424
Juros|Amortização,15/03/2040,3385,125,-,"0,023829","0,116221","0,03284",RIS424
Juros|Amortização,17/09/2040,3513,128,-,"0,019954","0,116198","0,030222",RIS424
Juros|Amortização,15/03/2041,3634,121,-,"0,014633","0,104512","0,025111",RIS424
Juros|Amortização,16/09/2041,3762,128,-,"0,011487","0,104513","0,023143",RIS424
Juros|Amortização,17/03/2042,3886,124,-,"0,007241","0,097501","0,019816",RIS424
Juros|Amortização,15/09/2042,4012,126,-,"0,003679","0,097492","0,018134",RIS424
Juros,15/01/2027,87,126,-,"0,405458","0,00000000","0,390855",RIS422
Juros,15/07/2027,211,124,-,"0,398911","0,00000000","0,364958",RIS422
Juros,17/01/2028,339,128,-,"0,412007","0,00000000","0,357137",RIS422
Juros,17/07/2028,463,124,-,"0,398911","0,00000000","0,328173",RIS422
Juros,15/01/2029,586,123,-,"0,395639","0,00000000","0,309034",RIS422
Juros,16/07/2029,711,125,-,"0,402184","0,00000000","0,298019",RIS422
Juros,15/01/2030,835,124,-,"0,398911","0,00000000","0,280538",RIS422
Juros,15/07/2030,959,124,-,"0,398911","0,00000000","0,266249",RIS422
Juros,15/01/2031,1087,128,-,"0,412007","0,00000000","0,260544",RIS422
Juros,15/07/2031,1210,123,-,"0,395639","0,00000000","0,23755",RIS422
Juros,15/01/2032,1339,129,-,"0,415284","0,00000000","0,236147",RIS422
Juros,15/07/2032,1464,125,-,"0,402184","0,00000000","0,216958",RIS422
Juros,17/01/2033,1592,128,-,"0,412007","0,00000000","0,210581",RIS422
Juros,15/07/2033,1716,124,-,"0,398911","0,00000000","0,193502",RIS422
Juros,16/01/2034,1843,127,-,"0,408732","0,00000000","0,18793",RIS422
Juros|Amortização,17/07/2034,1967,124,-,"0,398911","0,472277","0,38016",RIS422
Juros|Amortização,15/01/2035,2090,123,-,"0,379337","0,472268","0,352836",RIS422
Juros|Amortização,16/07/2035,2215,125,-,"0,369041","0,472272","0,330678",RIS422
Juros|Amortização,15/01/2036,2339,124,-,"0,349601","0,47227","0,306583",RIS422
Juros|Amortização,15/07/2036,2463,124,-,"0,333165","0,503024","0,296036",RIS422
Juros|Amortização,15/01/2037,2592,129,-,"0,328613","0,50302","0,278839",RIS422
Juros|Amortização,15/07/2037,2715,123,-,"0,295705","0,503025","0,254273",RIS422
Juros|Amortização,15/01/2038,2841,126,-,"0,285249","0,503025","0,237962",RIS422
Juros|Amortização,15/07/2038,2965,124,-,"0,263137","0,503024","0,219506",RIS422
Juros|Amortização,17/01/2039,3093,128,-,"0,253695","0,503024","0,205412",RIS422
Juros|Amortização,15/07/2039,3217,124,-,"0,228123","1,197157","0,367188",RIS422
Juros|Amortização,16/01/2040,3344,127,-,"0,191049","1,197153","0,338991",RIS422
Juros|Amortização,16/07/2040,3469,125,-,"0,145982","1,076343","0,283162",RIS422
Juros|Amortização,15/01/2041,3593,124,-,"0,107334","1,076342","0,260242",RIS422
Juros|Amortização,15/07/2041,3717,124,-,"0,069874","1,003853","0,224045",RIS422
Juros|Amortização,15/01/2042,3845,128,-,"0,036083","1,003853","0,205594",RIS422
Juros,16/11/2026,46,127,-,"40,550485","0,00000000","39,834833",GSTS24
Juros,17/05/2027,169,123,-,"39,25254","0,00000000","36,766918",GSTS24
Juros,16/11/2027,295,126,-,"40,22587","0,00000000","35,885012",GSTS24
Juros,15/05/2028,419,124,-,"39,576898","0,00000000","33,651452",GSTS24
Juros,16/11/2028,547,128,-,"40,875184","0,00000000","33,075296",GSTS24
Juros,15/05/2029,668,121,-,"38,604078","0,00000000","29,808213",GSTS24
Juros,16/11/2029,796,128,-,"40,875184","0,00000000","30,036162",GSTS24
Juros,15/05/2030,917,121,-,"38,604078","0,00000000","27,069276",GSTS24
Juros,18/11/2030,1048,131,-,"41,849795","0,00000000","27,894233",GSTS24
Juros,15/05/2031,1168,120,-,"38,279977","0,00000000","24,356765",GSTS24
Juros,17/11/2031,1299,131,-,"41,849795","0,00000000","25,31156",GSTS24
Juros,17/05/2032,1422,123,-,"39,25254","0,00000000","22,636842",GSTS24
Juros,16/11/2032,1548,126,-,"40,22587","0,00000000","22,093866",GSTS24
Juros|Amortização,16/05/2033,1673,125,-,"39,901341","238,79669","145,843297",GSTS24
Juros,16/11/2033,1800,127,-,"32,440387","0,00000000","16,16176",GSTS24
Juros|Amortização,15/05/2034,1923,123,-,"31,402032","238,79669","128,353718",GSTS24
Juros,16/11/2034,2051,128,-,"24,52511","0,00000000","11,087103",GSTS24
Juros|Amortização,15/05/2035,2172,121,-,"23,162446","238,796451","113,005353",GSTS24
Juros,16/11/2035,2300,128,-,"16,350081","0,00000000","6,712244",GSTS24
Juros|Amortização,15/05/2036,2421,121,-,"15,441638","238,796809","99,597351",GSTS24
Juros,17/11/2036,2552,131,-,"8,369962","0,00000000","3,116791",GSTS24
Juros|Amortização,15/05/2037,2673,121,-,"7,720818","238,796809","87,597339",GSTS24
Juros,16/11/2026,46,127,-,"38,596608","0,00000000","37,938272",GSTS14
Juros,17/05/2027,169,123,-,"37,362145","0,00000000","35,073721",GSTS14
Juros,16/11/2027,295,126,-,"38,287876","0,00000000","34,288277",GSTS14
Juros,15/05/2028,419,124,-,"37,670643","0,00000000","32,206729",GSTS14
Juros,16/11/2028,547,128,-,"38,905417","0,00000000","31,707585",GSTS14
Juros,15/05/2029,668,121,-,"36,745376","0,00000000","28,622151",GSTS14
Juros,16/11/2029,796,128,-,"38,905417","0,00000000","28,888111",GSTS14
Juros|Amortização,15/05/2030,917,121,-,"36,745376","397,994085","308,520918",GSTS14
Juros,18/11/2030,1048,131,-,"26,554885","0,00000000","17,944121",GSTS14
Juros|Amortização,15/05/2031,1168,120,-,"24,291418","397,994682","272,830844",GSTS14
Juros,17/11/2031,1299,131,-,"13,277442","0,00000000","8,168142",GSTS14
Juros|Amortização,17/05/2032,1422,123,-,"12,454054","397,994682","241,151214",GSTS14
Juros,15/09/2026,4,126,-,"35,556045","0,00000000","35,513743",AESOA1
Juros,15/03/2027,126,122,-,"34,409999","0,00000000","33,143567",AESOA1
Juros,15/09/2027,254,128,-,"36,129497","0,00000000","33,499058",AESOA1
Juros|Amortização,15/03/2028,379,125,-,"35,269426","44,48412","71,246662",AESOA1
Juros|Amortização,15/09/2028,506,127,-,"34,409025","44,484476","67,864256",AESOA1
Juros|Amortização,15/03/2029,627,121,-,"31,393761","44,483837","62,961386",AESOA1
Juros|Amortização,17/09/2029,755,128,-,"31,793955","44,48456","60,928295",AESOA1
Juros|Amortização,15/03/2030,876,121,-,"28,663863","44,484051","56,361115",AESOA1
Juros|Amortização,16/09/2030,1004,128,-,"28,903582","44,484098","54,432325",AESOA1
Juros|Amortização,17/03/2031,1128,124,-,"26,586974","44,484452","50,804461",AESOA1
Juros|Amortização,15/09/2031,1254,126,-,"25,600327","44,484434","48,255298",AESOA1
Juros|Amortização,15/03/2032,1379,125,-,"23,983175","44,484412","45,420329",AESOA1
Juros|Amortização,15/09/2032,1507,128,-,"23,122833","44,484034","43,172992",AESOA1
Juros|Amortização,15/03/2033,1631,124,-,"20,989686","55,604821","47,140269",AESOA1
Juros|Amortização,15/09/2033,1759,128,-,"19,871192","55,605008","44,715753",AESOA1
Juros|Amortização,15/03/2034,1883,124,-,"17,491414","55,605069","41,736891",AESOA1
Juros|Amortização,15/09/2034,2010,127,-,"16,129206","55,605013","39,439857",AESOA1
Juros|Amortização,15/03/2035,2131,121,-,"13,649448","55,605077","36,729748",AESOA1
Juros|Amortização,17/09/2035,2259,128,-,"12,645307","55,605021","34,844211",AESOA1
Juros|Amortização,17/03/2036,2381,122,-,"10,322987","66,726103","37,933681",AESOA1
Juros|Amortização,15/09/2036,2507,126,-,"8,533439","66,726103","35,688939",AESOA1
Juros|Amortização,16/03/2037,2632,125,-,"6,348488","66,726037","33,387347",AESOA1
Juros|Amortização,15/09/2037,2758,126,-,"4,266722","66,726137","31,242456",AESOA1
Juros|Amortização,15/03/2038,2880,122,-,"2,064598","66,726137","29,193895",AESOA1
Juros,15/09/2026,4,126,-,"34,357939","0,00000000","34,318797",TIET29
Juros|Amortização,15/03/2027,126,122,-,"33,255007","491,58269","506,327259",TIET29
Juros,15/09/2027,254,128,-,"23,2743","0,00000000","21,649191",TIET29
Juros|Amortização,15/03/2028,379,125,-,"22,722555","491,58269","461,653422",TIET29
Juros,15/09/2028,506,127,-,"11,546907","0,00000000","9,996392",TIET29
Juros|Amortização,15/03/2029,627,121,-,"10,995331","491,730179","420,468673",TIET29
Juros|Amortização,15/12/2026,66,127,-,"42,42252","8,341466","49,770449",AEAB11
Juros|Amortização,15/06/2027,189,123,-,"40,781088","9,102902","47,138883",AEAB11
Juros|Amortização,15/12/2027,316,127,-,"41,811345","9,10321","46,317176",AEAB11
Juros|Amortização,16/06/2028,442,126,-,"41,160083","13,640663","48,006347",AEAB11
Juros|Amortização,15/12/2028,567,125,-,"40,357594","13,641588","45,566063",AEAB11
Juros|Amortização,15/06/2029,690,123,-,"39,23841","17,704546","46,312327",AEAB11
Juros|Amortização,17/12/2029,816,126,-,"39,596566","17,704786","44,878004",AEAB11
Juros|Amortização,17/06/2030,940,124,-,"38,352027","21,129811","44,887482",AEAB11
Juros|Amortização,16/12/2030,1067,127,-,"38,555671","21,130116","43,360452",AEAB11
Juros|Amortização,16/06/2031,1189,122,-,"36,301815","22,910059","41,472862",AEAB11
Juros|Amortização,15/12/2031,1318,129,-,"37,605826","22,909728","40,779707",AEAB11
Juros|Amortização,15/06/2032,1442,124,-,"35,340224","26,340282","40,049511",AEAB11
Juros|Amortização,15/12/2032,1569,127,-,"35,287189","26,340762","38,522018",AEAB11
Juros|Amortização,15/06/2033,1695,126,-,"34,089089","24,551371","35,297239",AEAB11
Juros|Amortização,15/12/2033,1821,126,-,"33,235804","24,551719","33,495736",AEAB11
Juros|Amortização,15/06/2034,1945,124,-,"31,859812","26,870321","32,801117",AEAB11
Juros|Amortização,15/12/2034,2071,126,-,"31,448629","26,870877","31,365597",AEAB11
Juros|Amortização,15/06/2035,2194,123,-,"29,776009","29,913266","30,941281",AEAB11
Juros|Amortização,17/12/2035,2320,126,-,"29,475094","29,913515","29,645393",AEAB11
Juros|Amortização,16/06/2036,2442,122,-,"27,517725","30,163383","27,760033",AEAB11
Juros|Amortização,15/12/2036,2571,129,-,"28,050665","30,163223","26,954723",AEAB11
Juros|Amortização,15/06/2037,2693,122,-,"25,488739","33,297257","26,24306",AEAB11
Juros|Amortização,15/12/2037,2820,127,-,"25,384862","33,29713","25,218976",AEAB11
Juros|Amortização,15/06/2038,2944,124,-,"23,63652","34,972237","24,269303",AEAB11
Juros|Amortização,15/12/2038,3070,126,-,"22,808842","34,972203","23,040519",AEAB11
Juros|Amortização,15/06/2039,3195,125,-,"21,419086","37,043276","22,455636",AEAB11
Juros|Amortização,15/12/2039,3322,127,-,"20,46989","37,043179","21,266576",AEAB11
Juros|Amortização,15/06/2040,3448,126,-,"19,018503","40,697524","21,263463",AEAB11
Juros|Amortização,17/12/2040,3574,126,-,"17,60406","40,697213","19,99094",AEAB11
Juros|Amortização,17/06/2041,3698,124,-,"15,928305","46,707866","20,694387",AEAB11
Juros|Amortização,16/12/2041,3825,127,-,"14,6839","46,708056","19,52634",AEAB11
Juros|Amortização,16/06/2042,3947,122,-,"12,525232","50,827327","19,427006",AEAB11
Juros|Amortização,15/12/2042,4076,129,-,"11,447234","50,827283","18,372741",AEAB11
Juros|Amortização,15/06/2043,4198,122,-,"9,106246","54,629852","18,129315",AEAB11
Juros|Amortização,15/12/2043,4325,127,-,"7,571924","54,63009","17,032656",AEAB11
Juros|Amortização,15/06/2044,4450,125,-,"5,567303","161,490471","44,064288",AEAB11
Juros,15/10/2026,25,126,-,"46,941651","0,00000000","46,553382",RRRP13
Juros,15/04/2027,148,123,-,"45,80181","0,00000000","43,604216",RRRP13
Juros,15/10/2027,275,127,-,"47,321843","0,00000000","43,190012",RRRP13
Juros,17/04/2028,401,126,-,"46,941651","0,00000000","41,086594",RRRP13
Juros|Amortização,16/10/2028,526,125,-,"46,561583","189,742172","198,416055",RRRP13
Juros,16/04/2029,648,122,-,"37,85174","0,00000000","30,520334",RRRP13
Juros|Amortização,15/10/2029,774,126,-,"39,118027","189,741717","176,967274",RRRP13
Juros,15/04/2030,897,123,-,"30,534527","0,00000000","22,665626",RRRP13
Juros|Amortização,15/10/2030,1025,128,-,"31,801424","189,741717","157,603687",RRRP13
Juros,15/04/2031,1148,123,-,"22,900895","0,00000000","15,639162",RRRP13
Juros|Amortização,15/10/2031,1276,128,-,"23,851068","189,741527","139,790857",RRRP13
Juros,15/04/2032,1401,125,-,"15,520528","0,00000000","9,744587",RRRP13
Juros|Amortização,15/10/2032,1528,127,-,"15,773949","189,741811","123,702346",RRRP13
Juros,18/04/2033,1654,126,-,"7,823608","0,00000000","4,516063",RRRP13
Juros|Amortização,17/10/2033,1780,126,-,"7,823608","189,741813","109,366412",RRRP13
